segment,mean,median,std,count
dispatch_to_dispatch,9.62906102226948,7.958297399124152,7.256365337998467,29543
fetch_to_arrive,6.975476000243138,6.363502398405172,3.414201341952708,563026
grab_to_fetch,4.767636904777402,3.8513478107913004,3.4964761076197606,475328
