{
    "total_orders": 107,
    "orders_delivered": 62,
    "total_delay": 0,
    "late_orders": [
        4,
        6,
        7,
        8,
        10,
        11,
        12,
        13,
        14,
        15,
        16,
        17,
        18,
        19,
        20,
        21,
        22,
        23,
        24,
        25,
        26,
        27,
        28,
        29,
        30,
        31,
        32,
        33,
        34,
        35,
        36,
        37,
        38,
        39,
        40,
        41,
        42,
        43,
        44,
        45,
        46,
        47,
        48,
        49,
        50,
        51,
        52,
        53,
        54,
        55,
        56,
        57,
        58,
        59,
        61,
        62
    ],
    "max_delay": 149,
    "delay_values": [
        2,
        11,
        12,
        19,
        26,
        19,
        19,
        12,
        28,
        27,
        21,
        24,
        51,
        14,
        22,
        26,
        47,
        47,
        25,
        67,
        22,
        44,
        119,
        30,
        21,
        16,
        80,
        70,
        42,
        43,
        42,
        37,
        18,
        109,
        72,
        108,
        50,
        65,
        121,
        100,
        123,
        111,
        57,
        77,
        97,
        80,
        106,
        84,
        67,
        94,
        125,
        88,
        120,
        115,
        118,
        149
    ],
    "total_distance": 13021.976963026726,
    "postponed_orders": [],
    "average_idle_rate": 0,
    "idle_rates_by_vehicle": {},
    "total_idle_time": 0,
    "orders_per_hour": 8.857142857142858,
    "active_period_orders_per_hour": 10.333333333333334,
    "system_capacity": 212.57142857142858,
    "active_period_capacity": 248.0,
    "active_period_idle_time": 0,
    "active_period_steps": 360,
    "active_period_idle_rate": 0.04954685471239514,
    "active_period_idle_rates_by_vehicle": {
        "0": 0.0053855276861299066,
        "1": 0.021542110744519626,
        "2": 0.06462633223355888,
        "3": 0.0753973876058187,
        "4": 0.0807829152919486
    },
    "orders_per_restaurant": {
        "4": 9,
        "1": 6,
        "3": 4,
        "11": 2,
        "0": 4,
        "2": 5,
        "13": 4,
        "14": 6,
        "12": 3,
        "9": 5,
        "10": 3,
        "7": 5,
        "5": 3,
        "6": 2,
        "8": 1
    },
    "true_prep_times": [
        13.667255604995923,
        13.020213007867241,
        13.472534123517839,
        12.522970552715506,
        12.83777887891302,
        13.76079383570152,
        17.06881367837238,
        13.70442809050418,
        11.922225227381276,
        12.335530245478957,
        15.078852928433705,
        11.406606529383701,
        12.999493795383572,
        13.45241659182011,
        12.935511394487278,
        16.768193137550796,
        17.174224217585746,
        13.74898662882579,
        12.702993009437463,
        13.436410203069272,
        12.263338966920031,
        12.21742640792688,
        14.217143407679131,
        13.015828497355926,
        11.461123411376008,
        12.25800663555978,
        13.315734626188231,
        11.138474329513443,
        11.764802363522648,
        13.11159980635432,
        12.240671780893493,
        11.873665462626093,
        11.451429108124273,
        14.057411552984007,
        10.875034674842794,
        13.054090785049851,
        13.990373861056526,
        15.103478527181352,
        12.595615951190268,
        13.119971613186323,
        12.305417957151917,
        12.018493158969108,
        14.45218145650739,
        12.48910839487965,
        13.250780751242416,
        11.127590279989647,
        13.439966618134434,
        12.906601634358282,
        12.553038229896202,
        12.486509980289185,
        12.570379391200078,
        9.414384664477382,
        11.107815297765,
        11.68379535201035,
        17.03253664713918,
        13.018675811781378,
        10.544349225145993,
        15.271230680369541,
        13.741372334762445
    ],
    "avg_true_prep_time": 13.026367479949597,
    "max_true_prep_time": 17.174224217585746,
    "order_wait_times": [
        0.3327443950040774,
        0.9797869921327589,
        0.5274658764821609,
        0.4770294472844938,
        0.16222112108697928,
        6.23920616429848,
        0.9311863216276208,
        25.29557190949582,
        25.077774772618724,
        30.664469754521043,
        33.921147071566295,
        16.5933934706163,
        22.00050620461643,
        25.54758340817989,
        32.06448860551272,
        37.231806862449204,
        24.825775782414254,
        33.25101337117421,
        21.297006990562537,
        28.563589796930728,
        36.73666103307997,
        60.78257359207312,
        59.78285659232087,
        23.984171502644074,
        76.53887658862399,
        32.74199336444022,
        52.68426537381177,
        138.86152567048657,
        37.23519763647735,
        23.88840019364568,
        91.75932821910651,
        85.1263345373739,
        41.54857089187573,
        49.94258844701599,
        49.124965325157206,
        35.94590921495015,
        22.009626138943474,
        120.89652147281865,
        79.40438404880973,
        122.88002838681368,
        62.69458204284808,
        79.98150684103089,
        123.54781854349261,
        113.51089160512035,
        127.74921924875758,
        63.87240972001035,
        85.56003338186557,
        98.09339836564172,
        90.4469617701038,
        122.51349001971082,
        92.42962060879992,
        86.58561533552262,
        110.892184702235,
        128.31620464798965,
        92.96746335286082,
        119.98132418821862,
        123.455650774854,
        122.72876931963046,
        150.25862766523755
    ],
    "avg_order_wait_time": 61.075327435304644,
    "max_order_wait_time": 150.25862766523755,
    "total_pickup_times": [
        14,
        14,
        14,
        13,
        13,
        20,
        18,
        39,
        37,
        43,
        49,
        28,
        35,
        39,
        45,
        54,
        42,
        47,
        34,
        42,
        49,
        73,
        74,
        37,
        88,
        45,
        66,
        150,
        49,
        37,
        104,
        97,
        53,
        64,
        60,
        49,
        36,
        136,
        92,
        136,
        75,
        92,
        138,
        126,
        141,
        75,
        99,
        111,
        103,
        135,
        105,
        96,
        122,
        140,
        110,
        133,
        134,
        138,
        164
    ],
    "avg_total_pickup_time": 74.10169491525424,
    "max_total_pickup_time": 164,
    "total_driver_wait_time": 21.58956584638191,
    "driver_wait_orders": 6,
    "true_prep_by_restaurant": {
        "4": [
            13.667255604995923,
            12.522970552715506,
            13.76079383570152,
            17.06881367837238,
            12.335530245478957,
            12.263338966920031,
            14.057411552984007,
            12.553038229896202,
            11.107815297765
        ],
        "1": [
            13.020213007867241,
            13.74898662882579,
            12.25800663555978,
            12.018493158969108,
            15.271230680369541
        ],
        "3": [
            13.472534123517839,
            12.21742640792688,
            12.240671780893493,
            12.595615951190268
        ],
        "11": [
            12.83777887891302,
            15.103478527181352
        ],
        "2": [
            11.922225227381276,
            11.406606529383701,
            13.45241659182011,
            13.054090785049851,
            12.48910839487965
        ],
        "13": [
            15.078852928433705,
            9.414384664477382,
            10.544349225145993,
            13.741372334762445
        ],