{
    "total_orders": 144,
    "orders_delivered": 144,
    "total_delay": 0,
    "late_orders": [],
    "max_delay": 0,
    "delay_values": [],
    "total_distance": 2295.603630108034,
    "postponed_orders": [],
    "average_idle_rate": 0,
    "idle_rates_by_vehicle": {},
    "total_idle_time": 0,
    "orders_per_hour": 20.571428571428573,
    "active_period_orders_per_hour": 24.0,
    "system_capacity": 493.7142857142858,
    "active_period_capacity": 576.0,
    "active_period_idle_time": 0,
    "active_period_steps": 360,
    "active_period_idle_rate": 0.543252890057661,
    "active_period_idle_rates_by_vehicle": {
        "0": 0.2584825406416669,
        "1": 0.4463412202569005,
        "2": 0.44336533734314004,
        "3": 0.45302803567173366,
        "4": 0.7374969183619884,
        "5": 0.8517417984186382,
        "6": 0.583180107029375,
        "7": 0.34508407018015286,
        "8": 0.42794576664583794,
        "9": 0.5440259843854309,
        "10": 0.7258588901120486,
        "11": 0.8324753401751688,
        "12": 0.6498295070818365,
        "13": 0.43736269048862875,
        "14": 0.41257514407236884
    },
    "total_reward": 0,
    "solver": "fastest",
    "seed": 1,
    "timestamp": "20250303_174238",
    "on_time_delivery_rate": 100.0,
    "percentage_late_orders": 0.0,
    "avg_delay_late_orders": 0,
    "avg_distance_per_order": 15.941691875750235
}