{
    "total_orders": 0,
    "orders_delivered": 47,
    "total_delay": 0,
    "late_orders": [],
    "max_delay": 0,
    "delay_values": [],
    "total_distance": 1073.2621394819284,
    "postponed_orders": [],
    "average_idle_rate": 0,
    "idle_rates_by_vehicle": {},
    "total_idle_time": 0,
    "orders_per_hour": 1.9583333333333333,
    "active_period_orders_per_hour": 1.9583333333333333,
    "system_capacity": 47.0,
    "active_period_capacity": 47.0,
    "active_period_idle_time": 0,
    "active_period_steps": 240,
    "active_period_idle_rate": 0.9019769182946338,
    "active_period_idle_rates_by_vehicle": {
        "0": 0.9114666512383103,
        "1": 0.886630908767153,
        "2": 0.8892104111361563,
        "3": 0.9106897386188596,
        "4": 0.9068879414725689,
        "5": 0.9164570763133395,
        "6": 0.879598919636509,
        "7": 0.8936715230380348,
        "8": 0.9298276378307955,
        "9": 0.9465276551745511,
        "10": 0.8998191301589533,
        "11": 0.9640500390508946,
        "12": 0.9294626670835257,
        "13": 0.7799692365390094,
        "14": 0.8853842383608458
    },
    "total_reward": 0,
    "solver": "fastest",
    "seed": 1,
    "timestamp": "20250306_174505",
    "on_time_delivery_rate": 100.0,
    "percentage_late_orders": 0.0,
    "avg_delay_late_orders": 0,
    "avg_distance_per_order": 22.835364669828266
}