{
    "total_orders": 144,
    "orders_delivered": 144,
    "total_delay": 0,
    "late_orders": [
        64,
        96,
        128,
        129,
        37,
        69,
        138,
        109,
        53,
        22,
        88,
        94,
        29,
        30,
        95
    ],
    "max_delay": 9.0,
    "delay_values": [
        2.0,
        1.0,
        6.0,
        1.0,
        3.0,
        3.0,
        3.0,
        2.0,
        1.0,
        1.0,
        9.0,
        1.0,
        2.0,
        5.0,
        1.0
    ],
    "total_distance": 10171.794312094662,
    "postponed_orders": [
        0,
        1,
        2,
        3,
        4,
        5,
        7,
        8,
        9,
        10,
        11,
        12,
        13,
        15,
        16,
        17,
        19,
        20,
        21,
        22,
        26,
        27,
        28,
        29,
        30,
        32,
        34,
        35,
        37,
        39,
        40,
        44,
        45,
        46,
        50,
        51,
        52,
        53,
        54,
        55,
        58,
        59,
        60,
        61,
        62,
        63,
        64,
        65,
        67,
        68,
        69,
        74,
        75,
        76,
        77,
        78,
        79,
        80,
        83,
        84,
        85,
        86,
        87,
        88,
        90,
        92,
        94,
        95,
        96,
        103,
        104,
        106,
        107,
        109,
        111,
        112,
        113,
        114,
        115,
        117,
        118,
        121,
        123,
        125,
        128,
        129,
        130,
        136,
        137,
        138,
        139,
        141
    ],
    "average_idle_rate": 0,
    "idle_rates_by_vehicle": {},
    "total_idle_time": 0,
    "orders_per_hour": 20.571428571428573,
    "active_period_orders_per_hour": 24.0,
    "system_capacity": 493.7142857142858,
    "active_period_capacity": 576.0,
    "active_period_idle_time": 0,
    "active_period_steps": 360,
    "active_period_idle_rate": 0.5385003975578392,
    "active_period_idle_rates_by_vehicle": {
        "0": 0.31759351741330616,
        "1": 0.4890758904863873,
        "2": 0.5785096890773959,
        "3": 0.3851831875100932,
        "4": 0.6765429491910402,
        "5": 0.6353175392026963,
        "6": 0.5602304815248024,
        "7": 0.40056168358475197,
        "8": 0.5900170558090605,
        "9": 0.3656730139898195,
        "10": 0.49003722210714884,
        "11": 0.7648883985659817,
        "12": 0.5241878905950954,
        "13": 0.6527536992331481,
        "14": 0.6469337450768597
    },
    "total_reward": -41.0,
    "solver": "aca",
    "seed": 1,
    "timestamp": "20250302_102819",
    "on_time_delivery_rate": 89.58333333333334,
    "percentage_late_orders": 10.416666666666668,
    "avg_delay_late_orders": 2.7333333333333334,
    "avg_distance_per_order": 70.63746050065737
}