{
    "total_orders": 107,
    "orders_delivered": 63,
    "total_delay": 0,
    "late_orders": [
        2,
        3,
        6,
        7,
        8,
        9,
        10,
        11,
        12,
        13,
        14,
        16,
        17,
        18,
        19,
        20,
        21,
        22,
        23,
        24,
        25,
        26,
        27,
        28,
        29,
        30,
        31,
        32,
        33,
        34,
        35,
        36,
        37,
        38,
        39,
        40,
        41,
        42,
        43,
        44,
        45,
        46,
        47,
        48,
        49,
        50,
        51,
        52,
        53,
        54,
        55,
        56,
        57,
        58,
        59,
        60,
        61,
        63
    ],
    "max_delay": 177,
    "delay_values": [
        1,
        5,
        16,
        11,
        22,
        20,
        29,
        34,
        50,
        39,
        20,
        24,
        68,
        52,
        60,
        33,
        66,
        34,
        49,
        18,
        21,
        76,
        85,
        27,
        68,
        134,
        44,
        109,
        90,
        44,
        85,
        66,
        129,
        66,
        98,
        111,
        177,
        87,
        154,
        90,
        172,
        94,
        112,
        103,
        118,
        114,
        110,
        113,
        118,
        109,
        125,
        136,
        123,
        131,
        110,
        136,
        135,
        133
    ],
    "total_distance": 13602.676792219361,
    "postponed_orders": [],
    "average_idle_rate": 0,
    "idle_rates_by_vehicle": {},
    "total_idle_time": 0,
    "orders_per_hour": 9.0,
    "active_period_orders_per_hour": 10.5,
    "system_capacity": 216.0,
    "active_period_capacity": 252.0,
    "active_period_idle_time": 0,
    "active_period_steps": 360,
    "active_period_idle_rate": 0.0398529048773613,
    "active_period_idle_rates_by_vehicle": {
        "0": 0.0053855276861299066,
        "1": 0.03769869380290935,
        "2": 0.05385527686129907,
        "3": 0.07001185991968878,
        "4": 0.03231316611677944
    },
    "orders_per_restaurant": {
        "1": 5,
        "7": 3,
        "0": 4,
        "6": 6,
        "14": 2,
        "9": 3,
        "3": 4,
        "13": 7,
        "2": 4,
        "4": 6,
        "5": 9,
        "10": 4,
        "12": 2,
        "11": 3,
        "8": 1
    },
    "true_prep_times": [
        15.640841591292896,
        13.574640289535015,
        10.78467925883059,
        12.832285581521553,
        13.518460324601541,
        12.083763168225108,
        11.980197150315213,
        12.432553464621776,
        11.433588929595501,
        14.441197440622943,
        11.556691193733577,
        14.488654139192192,
        11.754049836449468,
        15.163788714838347,
        14.759367229598084,
        12.848919554544892,
        12.990701958263848,
        13.165790623001143,
        11.524081335653491,
        14.856810386016178,
        11.504018907068016,
        13.160140897856024,
        11.6249059162013,
        12.712917969108275,
        12.313993326119146,
        14.178796763529533,
        12.20817253159693,
        14.760170082606066,
        12.365803817910034,
        14.029561811187051,
        13.183998669407913,
        9.25396327008248,
        11.836035143584013,
        13.462717730725501,
        14.199788950482429,
        14.76885410681902,
        12.808144726452326,
        11.895426014023627,
        15.834775304319464,
        12.19787287438281,
        9.30645776609461,
        13.998681322905128,
        12.443848881213768,
        14.960908269991165,
        12.35002214803427,
        12.273568564510384,
        12.201039792812509,
        13.788123654808373,
        12.735028680239566,
        15.837277261232998,
        12.137460323285865,
        12.495222129757991,
        12.047275461607995,
        16.736358806455428,
        10.741261097614995,
        12.975579246279494,
        14.614970838411608
    ],
    "avg_true_prep_time": 13.013582547880201,
    "max_true_prep_time": 16.736358806455428,
    "order_wait_times": [
        0.35915840870710447,
        0.4253597104649849,
        9.21532074116941,
        6.167714418478447,
        7.481539675398459,
        8.916236831774892,
        23.019802849684787,
        17.567446535378224,
        2.5664110704044987,
        19.558802559377057,
        36.44330880626642,
        27.511345860807808,
        42.24595016355053,
        49.83621128516165,
        22.240632770401916,
        22.151080445455108,
        75.00929804173614,
        70.83420937699886,
        63.47591866434651,
        39.14318961398382,
        73.49598109293198,
        37.839859102143976,
        45.3750940837987,
        23.287082030891725,
        21.686006673880854,
        81.82120323647047,
        104.79182746840307,
        26.239829917393934,
        85.63419618208997,
        152.97043818881295,
        51.81600133059209,
        121.74603672991752,
        108.16396485641599,
        48.5372822692745,
        99.80021104951757,
        133.23114589318098,
        76.19185527354767,
        114.10457398597637,
        125.16522469568054,
        190.80212712561718,
        111.69354223390539,
        159.00131867709487,
        91.55615111878623,
        103.03909173000883,
        124.64997785196573,
        106.72643143548962,
        138.7989602071875,
        127.21187634519163,
        125.26497131976043,
        117.162722738767,
        125.86253967671414,
        141.504777870242,
        133.952724538392,
        116.26364119354457,
        144.258738902385,
        137.0244207537205,
        141.3850291615884
    ],
    "avg_order_wait_time": 77.40747008369874,
    "max_order_wait_time": 190.80212712561718,
    "total_pickup_times": [
        16,
        14,
        20,
        19,
        21,
        21,
        35,
        30,
        14,
        34,
        48,
        42,
        54,
        65,
        37,
        35,
        88,
        84,
        75,
        54,
        85,
        51,
        57,
        36,
        34,
        96,
        117,
        41,
        98,
        167,
        65,
        131,
        120,
        62,
        114,
        148,
        89,
        126,
        141,
        203,
        121,
        173,
        104,
        118,
        137,
        119,
        151,
        141,
        138,
        133,
        138,
        154,
        146,
        133,
        155,
        150,
        156
    ],
    "avg_total_pickup_time": 90.42105263157895,
    "max_total_pickup_time": 203,
    "total_driver_wait_time": 4.6408415912928955,
    "driver_wait_orders": 1,
    "true_prep_by_restaurant": {
        "1": [
            15.640841591292896,
            12.432553464621776,
            12.712917969108275,
            14.760170082606066,
            14.614970838411608
        ],
        "7": [
            13.574640289535015,
            12.990701958263848,
            9.25396327008248
        ],
        "6": [
            12.832285581521553,
            13.518460324601541,
            12.083763168225108,
            12.273568564510384,
            12.975579246279494
        ],
        "14": [
            11.980197150315213
        ],
        "9": [
            11.433588929595501,
            13.462717730725501,
            11.895426014023627
        ],
        "3": [
            14.441197440622943,
            14.488654139192192,
            11.524081335653491,
            12.047275461607995
        ],
        "13": [
            11.556691193733577,
            15.163788714838347,
            12.808144726452326,
            12.443848881213768,
            12.495222129757991
        ],
        "2": [
            11.754049836449468,
            11.836035143584013,
            14.960908269991165
        ],