{
    "total_orders": 176,
    "orders_delivered": 171,
    "total_delay": 0,
    "late_orders": [
        38
    ],
    "max_delay": 1.0,
    "delay_values": [
        1.0
    ],
    "total_distance": 13823.238159420785,
    "postponed_orders": [],
    "average_idle_rate": 0.32603174603174634,
    "idle_rates_by_vehicle": {
        "0": 0.3261904761904762,
        "1": 0.3738095238095238,
        "2": 0.5404761904761904,
        "3": 0.2785714285714286,
        "4": 0.41904761904761906,
        "5": 0.3404761904761905,
        "6": 0.27380952380952384,
        "7": 0.3595238095238095,
        "8": 0.2523809523809524,
        "9": 0.21428571428571427,
        "10": 0.23095238095238096,
        "11": 0.24523809523809523,
        "12": 0.4452380952380952,
        "13": 0.24523809523809523,
        "14": 0.34523809523809523
    },
    "total_idle_time": 136.93333333333345,
    "orders_per_hour": 24.428571428571427,
    "active_period_orders_per_hour": 28.5,
    "system_capacity": 586.2857142857142,
    "active_period_capacity": 684.0,
    "active_period_idle_time": 90.86666666666676,
    "active_period_steps": 360,
    "active_period_idle_rate": 0.2524074074074077,
    "active_period_idle_rates_by_vehicle": {
        "0": 0.3126481892721334,
        "1": 0.4677926952395053,
        "2": 0.6901546821346688,
        "3": 0.14481168706612296,
        "4": 0.5193231315069486,
        "5": 0.4693634057098246,
        "6": 0.3288001133149428,
        "7": 0.30615134649511083,
        "8": 0.11679228295265764,
        "9": 0.17424108134625815,
        "10": 0.14932469344206908,
        "11": 0.2473039560960372,
        "12": 0.4403718085185824,
        "13": 0.305760159868136,
        "14": 0.43530797670313226
    },
    "total_reward": -1.0,
    "solver": "bundler",
    "seed": 1,
    "timestamp": "20250213_162546",
    "on_time_delivery_rate": 99.41520467836257,
    "percentage_late_orders": 0.5847953216374269,
    "avg_delay_late_orders": 1.0,
    "avg_distance_per_order": 80.83765005509231
}