{
    "total_orders": 144,
    "orders_delivered": 144,
    "total_delay": 0,
    "late_orders": [],
    "max_delay": 0,
    "delay_values": [],
    "total_distance": 2216.0698008955987,
    "postponed_orders": [],
    "average_idle_rate": 0,
    "idle_rates_by_vehicle": {},
    "total_idle_time": 0,
    "orders_per_hour": 20.571428571428573,
    "active_period_orders_per_hour": 24.0,
    "system_capacity": 493.7142857142858,
    "active_period_capacity": 576.0,
    "active_period_idle_time": 0,
    "active_period_steps": 360,
    "active_period_idle_rate": 0.533989909268131,
    "active_period_idle_rates_by_vehicle": {
        "0": 0.38515982283010153,
        "1": 0.5501878373698248,
        "2": 0.6631769934201496,
        "3": 0.5845450819131449,
        "4": 0.3948014519881152,
        "5": 0.672847066539017,
        "6": 0.612908289833083,
        "7": 0.4894813993554165,
        "8": 0.5041642665025,
        "9": 0.43417363041536866,
        "10": 0.5469587203484976,
        "11": 0.6798891493545196,
        "12": 0.5380064982192426,
        "13": 0.5250649871268845,
        "14": 0.4284834438060989
    },
    "total_reward": 0,
    "solver": "fastest",
    "seed": 1,
    "timestamp": "20250303_173605",
    "on_time_delivery_rate": 100.0,
    "percentage_late_orders": 0.0,
    "avg_delay_late_orders": 0,
    "avg_distance_per_order": 15.389373617330547
}