{
    "total_orders": 86,
    "orders_delivered": 82,
    "total_delay": 0,
    "late_orders": [
        69,
        16,
        17,
        19,
        22,
        23,
        24,
        25,
        26,
        30,
        31,
        32,
        33,
        34,
        35,
        37,
        38,
        39,
        40,
        41,
        43,
        44,
        45,
        46,
        47,
        48,
        49,
        50,
        52,
        54,
        58,
        60
    ],
    "max_delay": 45.0,
    "delay_values": [
        2.0,
        2.0,
        3.0,
        15.0,
        7.0,
        3.0,
        16.0,
        17.0,
        4.0,
        4.0,
        15.0,
        20.0,
        16.0,
        9.0,
        12.0,
        26.0,
        14.0,
        20.0,
        37.0,
        12.0,
        42.0,
        12.0,
        1.0,
        21.0,
        26.0,
        45.0,
        12.0,
        19.0,
        44.0,
        2.0,
        7.0,
        4.0
    ],
    "total_distance": 7714.71455707069,
    "postponed_orders": [],
    "average_idle_rate": 0,
    "idle_rates_by_vehicle": {},
    "total_idle_time": 0,
    "orders_per_hour": 11.714285714285714,
    "active_period_orders_per_hour": 11.714285714285714,
    "system_capacity": 281.1428571428571,
    "active_period_capacity": 281.1428571428571,
    "active_period_idle_time": 0,
    "active_period_steps": 420,
    "active_period_idle_rate": 0.12219922992783464,
    "active_period_idle_rates_by_vehicle": {
        "0": 0.062010379637875535,
        "1": 0.16636319657733467,
        "2": 0.1484590490354115,
        "3": 0.06396506599370647,
        "4": 0.17019845839484501
    },
    "total_reward": -489.0,
    "solver": "aca",
    "seed": 1,
    "timestamp": "20250301_220234",
    "on_time_delivery_rate": 60.97560975609756,
    "percentage_late_orders": 39.02439024390244,
    "avg_delay_late_orders": 15.28125,
    "avg_distance_per_order": 94.08188484232548
}