{
    "total_orders": 144,
    "orders_delivered": 29,
    "total_delay": 0,
    "late_orders": [
        2,
        3,
        4,
        5,
        6,
        7,
        8,
        9,
        10,
        11,
        12,
        13,
        14,
        15,
        16,
        17,
        18,
        19,
        20,
        21,
        22,
        23,
        24,
        25,
        26,
        27,
        28
    ],
    "max_delay": 312.0,
    "delay_values": [
        5.0,
        17.0,
        31.0,
        42.0,
        52.0,
        56.0,
        68.0,
        83.0,
        103.0,
        114.0,
        124.0,
        133.0,
        148.0,
        157.0,
        170.0,
        181.0,
        186.0,
        196.0,
        209.0,
        224.0,
        236.0,
        249.0,
        264.0,
        280.0,
        293.0,
        302.0,
        312.0
    ],
    "total_distance": 727.4090460367794,
    "postponed_orders": [],
    "average_idle_rate": 0,
    "idle_rates_by_vehicle": {},
    "total_idle_time": 0,
    "orders_per_hour": 4.142857142857143,
    "active_period_orders_per_hour": 4.833333333333333,
    "system_capacity": 99.42857142857144,
    "active_period_capacity": 116.0,
    "active_period_idle_time": 0,
    "active_period_steps": 360,
    "active_period_idle_rate": 0.01795752206176933,
    "active_period_idle_rates_by_vehicle": {
        "0": 0.01795752206176933
    },
    "total_reward": -4235.0,
    "solver": "fastest",
    "seed": 1,
    "timestamp": "20250304_135440",
    "on_time_delivery_rate": 6.896551724137931,
    "percentage_late_orders": 93.10344827586206,
    "avg_delay_late_orders": 156.85185185185185,
    "avg_distance_per_order": 25.083070552992393
}