{
    "total_orders": 144,
    "orders_delivered": 144,
    "total_delay": 0,
    "late_orders": [],
    "max_delay": 0,
    "delay_values": [],
    "total_distance": 11272.504352723196,
    "postponed_orders": [],
    "average_idle_rate": 0,
    "idle_rates_by_vehicle": {},
    "total_idle_time": 0,
    "orders_per_hour": 20.571428571428573,
    "active_period_orders_per_hour": 24.0,
    "system_capacity": 493.7142857142858,
    "active_period_capacity": 576.0,
    "active_period_idle_time": 0,
    "active_period_steps": 360,
    "active_period_idle_rate": 0.4358049413130134,
    "active_period_idle_rates_by_vehicle": {
        "0": 0.14137488561965636,
        "1": 0.08150322715678958,
        "2": 0.25171139760157973,
        "3": 0.22131815124515036,
        "4": 0.3117666117512474,
        "5": 0.3049064913205874,
        "6": 0.549221013331744,
        "7": 0.2354073397285076,
        "8": 0.491544692331044,
        "9": 0.6415526461125378,
        "10": 0.6113032182262658,
        "11": 0.6471703367691738,
        "12": 0.6620916523753415,
        "13": 0.6942666911540765,
        "14": 0.6919357649714988
    },
    "total_reward": 0,
    "solver": "aca",
    "seed": 1,
    "timestamp": "20250302_102230",
    "on_time_delivery_rate": 100.0,
    "percentage_late_orders": 0.0,
    "avg_delay_late_orders": 0,
    "avg_distance_per_order": 78.28128022724441
}