{
    "total_orders": 86,
    "orders_delivered": 83,
    "total_delay": 0,
    "late_orders": [
        16,
        22,
        23,
        24,
        25,
        26,
        30,
        31,
        32,
        33,
        34,
        35,
        36,
        37,
        38,
        39,
        40,
        41,
        42,
        43,
        44,
        45,
        46,
        47,
        48,
        49,
        50,
        51,
        53,
        54,
        55,
        56,
        57,
        58,
        61,
        62
    ],
    "max_delay": 29.0,
    "delay_values": [
        9.0,
        2.0,
        6.0,
        6.0,
        8.0,
        12.0,
        4.0,
        5.0,
        13.0,
        3.0,
        1.0,
        7.0,
        12.0,
        11.0,
        12.0,
        13.0,
        13.0,
        23.0,
        25.0,
        15.0,
        29.0,
        6.0,
        23.0,
        11.0,
        23.0,
        10.0,
        2.0,
        7.0,
        14.0,
        8.0,
        14.0,
        2.0,
        6.0,
        4.0,
        2.0,
        6.0
    ],
    "total_distance": 7921.740475983115,
    "postponed_orders": [],
    "average_idle_rate": 0,
    "idle_rates_by_vehicle": {},
    "total_idle_time": 0,
    "orders_per_hour": 11.857142857142858,
    "active_period_orders_per_hour": 11.857142857142858,
    "system_capacity": 284.57142857142856,
    "active_period_capacity": 284.57142857142856,
    "active_period_idle_time": 0,
    "active_period_steps": 420,
    "active_period_idle_rate": 0.09728976151666523,
    "active_period_idle_rates_by_vehicle": {
        "0": 0.06058950410534918,
        "1": 0.07860926666472426,
        "2": 0.13401958618900828,
        "3": 0.15558150253329514,
        "4": 0.057648948090949274
    },
    "total_reward": -367.0,
    "solver": "fastest",
    "seed": 1,
    "timestamp": "20250301_220340",
    "on_time_delivery_rate": 56.62650602409639,
    "percentage_late_orders": 43.373493975903614,
    "avg_delay_late_orders": 10.194444444444445,
    "avg_distance_per_order": 95.44265633714596
}