{
    "total_orders": 176,
    "orders_delivered": 176,
    "total_delay": 0,
    "late_orders": [
        96,
        138,
        128
    ],
    "max_delay": 11.0,
    "delay_values": [
        1.0,
        11.0,
        5.0
    ],
    "total_distance": 15881.225236063814,
    "postponed_orders": [],
    "average_idle_rate": 0.29777777777777786,
    "idle_rates_by_vehicle": {
        "0": 0.2785714285714286,
        "1": 0.30714285714285716,
        "2": 0.24523809523809523,
        "3": 0.3761904761904762,
        "4": 0.3142857142857143,
        "5": 0.37142857142857144,
        "6": 0.29523809523809524,
        "7": 0.3142857142857143,
        "8": 0.30714285714285716,
        "9": 0.38095238095238093,
        "10": 0.21666666666666667,
        "11": 0.3761904761904762,
        "12": 0.20238095238095238,
        "13": 0.22142857142857142,
        "14": 0.25952380952380955
    },
    "total_idle_time": 125.06666666666669,
    "orders_per_hour": 25.142857142857142,
    "active_period_orders_per_hour": 35.2,
    "system_capacity": 603.4285714285714,
    "active_period_capacity": 844.8000000000001,
    "active_period_idle_time": 60.2666666666668,
    "active_period_steps": 300,
    "active_period_idle_rate": 0.20088888888888934,
    "active_period_idle_rates_by_vehicle": {
        "0": 0.16252566425677326,
        "1": 0.2625820445231276,
        "2": 0.29467277675093373,
        "3": 0.38341498301916593,
        "4": 0.3652989117569201,
        "5": 0.37656616467539,
        "6": 0.34445671051347937,
        "7": 0.2776699949822593,
        "8": 0.25867133159762434,
        "9": 0.40728343104155496,
        "10": 0.1397233139973717,
        "11": 0.35233551026371707,
        "12": 0.18061956658663814,
        "13": 0.14747632843096178,
        "14": 0.24197208476825216
    },
    "total_reward": -17.0,
    "solver": "fastest",
    "seed": 1,
    "timestamp": "20250126_084141",
    "on_time_delivery_rate": 98.29545454545455,
    "percentage_late_orders": 1.7045454545454544,
    "avg_delay_late_orders": 5.666666666666667,
    "avg_distance_per_order": 90.23423429581713
}