{
    "total_orders": 176,
    "orders_delivered": 153,
    "total_delay": 0,
    "late_orders": [
        0,
        1,
        2,
        3,
        129,
        6,
        136,
        9,
        13,
        15,
        143,
        145,
        16,
        19,
        148,
        149,
        21,
        23,
        24,
        153,
        25,
        27,
        28,
        26,
        30,
        159,
        32,
        33,
        34,
        35,
        163,
        37,
        38,
        39,
        40,
        42,
        170,
        44,
        46,
        48,
        51,
        53,
        55,
        62,
        66,
        77,
        82,
        87,
        90,
        93,
        97,
        100,
        105,
        106,
        117,
        118,
        121
    ],
    "max_delay": 353.0,
    "delay_values": [
        3.0,
        3.0,
        5.0,
        1.0,
        45.0,
        39.0,
        11.0,
        61.0,
        21.0,
        15.0,
        13.0,
        47.0,
        21.0,
        31.0,
        19.0,
        55.0,
        81.0,
        75.0,
        61.0,
        69.0,
        85.0,
        75.0,
        83.0,
        15.0,
        3.0,
        157.0,
        13.0,
        25.0,
        89.0,
        69.0,
        11.0,
        3.0,
        55.0,
        223.0,
        47.0,
        5.0,
        1.0,
        133.0,
        205.0,
        27.0,
        287.0,
        25.0,
        281.0,
        275.0,
        59.0,
        17.0,
        101.0,
        19.0,
        217.0,
        15.0,
        167.0,
        337.0,
        331.0,
        353.0,
        329.0,
        65.0,
        331.0
    ],
    "total_distance": 6057.1247941688225,
    "postponed_orders": [],
    "average_idle_rate": 0.11857142857142992,
    "idle_rates_by_vehicle": {
        "0": 0.12142857142857143,
        "1": 0.12142857142857143,
        "2": 0.22142857142857142,
        "3": 0.09047619047619047,
        "4": 0.09523809523809523,
        "5": 0.14761904761904762,
        "6": 0.17857142857142858,
        "7": 0.12142857142857143,
        "8": 0.4523809523809524,
        "9": 0.011904761904761904,
        "10": 0.009523809523809525,
        "11": 0.02142857142857143,
        "12": 0.0761904761904762,
        "13": 0.011904761904761904,
        "14": 0.09761904761904762
    },
    "total_idle_time": 49.800000000000566,
    "orders_per_hour": 21.857142857142858,
    "active_period_orders_per_hour": 25.5,
    "system_capacity": 524.5714285714286,
    "active_period_capacity": 612.0,
    "active_period_idle_time": 49.333333333333876,
    "active_period_steps": 360,
    "active_period_idle_rate": 0.13703703703703854,
    "active_period_idle_rates_by_vehicle": {
        "0": 0.4088424716052267,
        "1": 0.40100096378193456,
        "2": 0.5986834883680258,
        "3": 0.2915249407749659,
        "4": 0.2947947734373383,
        "5": 0.4605323057544517,
        "6": 0.5236602289893514,
        "7": 0.28007586187964945,
        "8": 0.5939654158333044,
        "9": 0.04206451838341603,
        "10": 0.02623591510419924,
        "11": 0.11589349220671762,
        "12": 0.29854321090307534,
        "13": 0.07196353623477257,
        "14": 0.3600910028758997
    },
    "total_reward": -5209.0,
    "solver": "bundle",
    "seed": 1,
    "timestamp": "20250127_190647",
    "on_time_delivery_rate": 62.745098039215684,
    "percentage_late_orders": 37.254901960784316,
    "avg_delay_late_orders": 91.3859649122807,
    "avg_distance_per_order": 39.58905094227988
}