{
    "total_orders": 0,
    "orders_delivered": 1524,
    "total_delay": 0,
    "late_orders": [
        929,
        934,
        746,
        1003,
        845,
        760,
        985,
        732,
        797
    ],
    "max_delay": 8.0,
    "delay_values": [
        1.0,
        1.0,
        8.0,
        8.0,
        6.0,
        5.0,
        8.0,
        2.0,
        4.0
    ],
    "total_distance": 13956.614160844634,
    "postponed_orders": [],
    "average_idle_rate": 0,
    "idle_rates_by_vehicle": {},
    "total_idle_time": 0,
    "orders_per_hour": 63.5,
    "active_period_orders_per_hour": 63.5,
    "system_capacity": 1524.0,
    "active_period_capacity": 1524.0,
    "active_period_idle_time": 0,
    "active_period_steps": 240,
    "active_period_idle_rate": 0.8077877608396897,
    "active_period_idle_rates_by_vehicle": {
        "0": 1.0,
        "1": 0.625353456541354,
        "2": 0.5972901984288309,
        "3": 0.7782145294824877,
        "4": 1.0,
        "5": 1.0,
        "6": 0.7879010936463298,
        "7": 0.7874404335284825,
        "8": 0.7743250820473884,
        "9": 0.7458692192767662,
        "10": 1.0,
        "11": 0.8672206969900574,
        "12": 1.0,
        "13": 0.8377900762367275,
        "14": 0.6733727281412878,
        "15": 0.8853556309625333,
        "16": 0.7354724320492644,
        "17": 0.8568538409976978,
        "18": 0.8216203203488941,
        "19": 1.0,
        "20": 0.8451680572932676,
        "21": 0.8709862081850245,
        "22": 0.7769454279081266,
        "23": 0.587696777235435,
        "24": 0.8853556309625333,
        "25": 0.558221512070158,
        "26": 0.8328965880565309,
        "27": 0.8988137517577494,
        "28": 1.0,
        "29": 1.0,
        "30": 0.5821357137108039,
        "31": 0.7315620885097924,
        "32": 0.7874404335284825,
        "33": 0.8305606739003619,
        "34": 0.8236442452749678,
        "35": 0.947581885128788,
        "36": 0.8659831580519151,
        "37": 0.7697783278628123,
        "38": 0.8261051751451595,
        "39": 0.9080585488554133,
        "40": 0.8344094859611122,
        "41": 0.7351586157406832,
        "42": 0.9514814648167058,
        "43": 0.44866948288252223,
        "44": 0.7556738415890879,
        "45": 0.8459340693888745,
        "46": 0.753712686694912,
        "47": 0.7985071564108461,
        "48": 1.0,
        "49": 0.6251129668023963,
        "50": 1.0,
        "51": 0.6607948733436487,
        "52": 1.0,
        "53": 0.7870626624765197,
        "54": 1.0,
        "55": 1.0,
        "56": 0.8435109178491565,
        "57": 0.6177008362211842,
        "58": 0.720625023274447,
        "59": 0.78122295001444,
        "60": 0.6725115106658442,
        "61": 0.7998661554636146,
        "62": 0.7562209209518617,
        "63": 0.8892009836781402,
        "64": 0.7085581032215383,
        "65": 0.9328830677189971,
        "66": 1.0,
        "67": 1.0,
        "68": 0.6606737044687369,
        "69": 0.6425087869833885,
        "70": 0.896837384786843,
        "71": 0.8063535513186137,
        "72": 0.7726340950171671,
        "73": 0.9443274175788142,
        "74": 1.0,
        "75": 0.7892040280441879,
        "76": 0.7369347095619243,
        "77": 1.0,
        "78": 0.5449982496983057,
        "79": 0.7132855759938945,
        "80": 0.8075535461241308,
        "81": 1.0,
        "82": 0.5984693243771584,
        "83": 0.8161810223152414,
        "84": 0.7923838198940609,
        "85": 0.9111418456048023,
        "86": 0.7590132676447552,
        "87": 0.645210194321344,
        "88": 0.882977272282492,
        "89": 0.8159232350776053,
        "90": 0.8328057865541221,
        "91": 0.8441161970245009,
        "92": 0.6512250334360757,
        "93": 0.6183496044455233,
        "94": 0.7163939475120401,
        "95": 0.9005993183239853,
        "96": 0.6579617295059894,
        "97": 0.5152972744438018,
        "98": 0.5765763680629038,
        "99": 0.7298551324663937,
        "100": 0.9385719698517162,
        "101": 0.6514179541009503,
        "102": 0.7188922127171065,
        "103": 0.6606690977353188,
        "104": 0.7037137628693594,
        "105": 0.6764584119823355,
        "106": 0.8947871815036552,
        "107": 0.7477284139797928,
        "108": 0.8624124890071078,
        "109": 0.9082524988289686,
        "110": 0.7438253956094715,
        "111": 0.9207839015834701,
        "112": 0.8908059011046335,
        "113": 0.8303353682064536,
        "114": 1.0,
        "115": 0.7314357491375958,
        "116": 0.8054214577997189,
        "117": 0.9133071781501829,
        "118": 0.9596544858530665,
        "119": 0.654870756113668,
        "120": 1.0,
        "121": 0.8467007249453342,
        "122": 0.8031401357004306,
        "123": 1.0,
        "124": 1.0,
        "125": 0.8120848734979206,
        "126": 0.8216203203488941,
        "127": 0.7544336298488425,
        "128": 0.6333403895471915,
        "129": 1.0,
        "130": 0.781224256343222,
        "131": 0.7901302505531921,
        "132": 0.5408720042378499,
        "133": 0.9357189977899834,
        "134": 0.825340449658042,
        "135": 0.8573158156577985,
        "136": 0.6525478107065336,
        "137": 0.6624602172815961,
        "138": 1.0,
        "139": 1.0,
        "140": 0.9111418456048023,
        "141": 0.7704620848475646,
        "142": 1.0,
        "143": 0.5838159206392637,
        "144": 0.9223443484820988,
        "145": 0.6588605033000557,
        "146": 0.8237518638997469,
        "147": 0.8449215884889759,
        "148": 1.0,
        "149": 1.0,
        "150": 0.7635383798420324,
        "151": 0.6985067655373742,
        "152": 0.8565490621300064,
        "153": 1.0,
        "154": 0.783240087188734,
        "155": 0.7163938974601762,
        "156": 0.5299120131204738,
        "157": 0.7882767203084885,
        "158": 0.7863962893952585,
        "159": 0.8429622780802474,
        "160": 0.6064557033937521,
        "161": 0.7251064256284165,
        "162": 0.7281164747585348,
        "163": 0.8344094859611122,
        "164": 0.8310681303484699,
        "165": 0.5768272025441415,
        "166": 0.7545716503591705,
        "167": 0.9039236308157417,
        "168": 0.9082524988289686,
        "169": 0.502622521229867,
        "170": 1.0,
        "171": 0.9514779993253535,
        "172": 0.7300800365116803,
        "173": 0.6170936242612698,
        "174": 0.640943348240153,
        "175": 1.0,
        "176": 0.8611481612644437,
        "177": 0.7490938808858676,
        "178": 0.8001477466481473,
        "179": 0.6325489901586161,
        "180": 0.8837920186344878,
        "181": 0.7499356867437166,
        "182": 1.0,
        "183": 0.7168000723488711,
        "184": 0.9111418456048023,
        "185": 1.0,
        "186": 1.0,
        "187": 0.8587940132503502,
        "188": 0.7207746729268454,
        "189": 0.7910760958500678,
        "190": 0.8343504557985075,
        "191": 0.8241395204540622,
        "192": 0.7391960667632612,
        "193": 1.0,
        "194": 0.60019474835659,
        "195": 0.8067875153870347,
        "196": 0.8042204594275061,
        "197": 0.9480077732683704,
        "198": 0.8672206969900574,
        "199": 0.9290781788553945,
        "200": 0.8521938032934331,
        "201": 0.7937445373361968,
        "202": 1.0,
        "203": 0.7537260157427815,
        "204": 0.8646127120311398,
        "205": 1.0,
        "206": 1.0,
        "207": 0.7049444456942531,
        "208": 1.0,
        "209": 0.899010443660918,
        "210": 0.8168804773708422,
        "211": 0.7307239708891474,
        "212": 1.0,
        "213": 0.8202370030030645,
        "214": 0.8083156487460734,
        "215": 0.8876939835842337,
        "216": 0.8506424856530277,
        "217": 0.716053306945033,
        "218": 0.6554751278561266,
        "219": 0.6177803304449284,
        "220": 0.624876427079582,
        "221": 0.7369795572789039,
        "222": 0.7799151124371418,
        "223": 0.9044042071875881,
        "224": 0.6659618349576355,