{
    "total_orders": 0,
    "orders_delivered": 1,
    "total_delay": 0,
    "late_orders": [
        0
    ],
    "max_delay": 352.0,
    "delay_values": [
        352.0
    ],
    "total_distance": 91280.52855237338,
    "postponed_orders": [],
    "average_idle_rate": 0,
    "idle_rates_by_vehicle": {},
    "total_idle_time": 0,
    "orders_per_hour": 0.14285714285714285,
    "active_period_orders_per_hour": 0.16666666666666666,
    "system_capacity": 3.4285714285714284,
    "active_period_capacity": 4.0,
    "active_period_idle_time": 0,
    "active_period_steps": 360,
    "active_period_idle_rate": 0.9582741347816779,
    "active_period_idle_rates_by_vehicle": {
        "0": 1.0,
        "1": 1.0,
        "2": 1.0,
        "3": 0.01795752206176933,
        "4": 1.0,
        "5": 1.0,
        "6": 1.0,
        "7": 1.0,
        "8": 1.0,
        "9": 1.0,
        "10": 1.0,
        "11": 1.0,
        "12": 1.0,
        "13": 1.0,
        "14": 1.0,
        "15": 1.0,
        "16": 1.0,
        "17": 1.0,
        "18": 1.0,
        "19": 1.0,
        "20": 1.0,
        "21": 1.0,
        "22": 1.0,
        "23": 1.0,
        "24": 0.8971699822618553,
        "25": 1.0
    },
    "total_reward": -352.0,
    "solver": "fastest",
    "seed": 1,
    "timestamp": "20250306_094344",
    "on_time_delivery_rate": 0.0,
    "percentage_late_orders": 100.0,
    "avg_delay_late_orders": 352.0,
    "avg_distance_per_order": 91280.52855237338
}