{
    "total_orders": 144,
    "orders_delivered": 144,
    "total_delay": 0,
    "late_orders": [
        32,
        64,
        96,
        128,
        129,
        37,
        41,
        138,
        137,
        142,
        114,
        53,
        22,
        88,
        94,
        30,
        95
    ],
    "max_delay": 13.0,
    "delay_values": [
        2.0,
        1.0,
        13.0,
        1.0,
        3.0,
        3.0,
        3.0,
        1.0,
        4.0,
        3.0,
        8.0,
        2.0,
        3.0,
        2.0,
        1.0,
        6.0,
        1.0
    ],
    "total_distance": 10658.515628001307,
    "postponed_orders": [
        0,
        1,
        2,
        4,
        5,
        6,
        7,
        10,
        11,
        12,
        13,
        15,
        16,
        17,
        18,
        20,
        21,
        22,
        23,
        25,
        27,
        29,
        30,
        35,
        36,
        37,
        39,
        40,
        41,
        42,
        44,
        45,
        47,
        48,
        49,
        50,
        51,
        52,
        53,
        54,
        55,
        58,
        59,
        60,
        61,
        62,
        63,
        64,
        65,
        66,
        67,
        69,
        70,
        71,
        72,
        74,
        75,
        76,
        77,
        78,
        79,
        80,
        81,
        83,
        84,
        85,
        86,
        87,
        88,
        90,
        92,
        94,
        95,
        96,
        98,
        104,
        106,
        107,
        108,
        109,
        111,
        112,
        113,
        114,
        116,
        117,
        119,
        120,
        124,
        125,
        128,
        129,
        131,
        132,
        133,
        136,
        137,
        138
    ],
    "average_idle_rate": 0,
    "idle_rates_by_vehicle": {},
    "total_idle_time": 0,
    "orders_per_hour": 20.571428571428573,
    "active_period_orders_per_hour": 24.0,
    "system_capacity": 493.7142857142858,
    "active_period_capacity": 576.0,
    "active_period_idle_time": 0,
    "active_period_steps": 360,
    "active_period_idle_rate": 0.5429324125300543,
    "active_period_idle_rates_by_vehicle": {
        "0": 0.11449234085443447,
        "1": 0.21104620172609184,
        "2": 0.3845246207710194,
        "3": 0.2999555672963382,
        "4": 0.4986664135894442,
        "5": 0.387961347178129,
        "6": 0.7136700957043485,
        "7": 0.6740219356221282,
        "8": 0.5944462653952767,
        "9": 0.6167424637011842,
        "10": 0.6618638273818135,
        "11": 0.6338404524609665,
        "12": 0.8551165838796242,
        "13": 0.6733787357469188,
        "14": 0.8242593366430957
    },
    "total_reward": -57.0,
    "solver": "aca",
    "seed": 1,
    "timestamp": "20250302_104359",
    "on_time_delivery_rate": 88.19444444444444,
    "percentage_late_orders": 11.805555555555555,
    "avg_delay_late_orders": 3.3529411764705883,
    "avg_distance_per_order": 74.01746963889796
}