{
    "total_orders": 144,
    "orders_delivered": 27,
    "total_delay": 0,
    "late_orders": [
        0,
        1,
        2,
        3,
        4,
        5,
        6,
        7,
        8,
        9,
        10,
        11,
        12,
        13,
        14,
        15,
        16,
        17,
        18,
        19,
        20,
        21,
        22,
        23,
        24,
        25,
        26
    ],
    "max_delay": 323.0,
    "delay_values": [
        12.0,
        22.0,
        35.0,
        47.0,
        61.0,
        72.0,
        82.0,
        86.0,
        98.0,
        113.0,
        133.0,
        144.0,
        154.0,
        163.0,
        178.0,
        187.0,
        200.0,
        211.0,
        216.0,
        226.0,
        239.0,
        254.0,
        266.0,
        279.0,
        294.0,
        310.0,
        323.0
    ],
    "total_distance": 671.6337596089649,
    "postponed_orders": [],
    "average_idle_rate": 0,
    "idle_rates_by_vehicle": {},
    "total_idle_time": 0,
    "orders_per_hour": 3.857142857142857,
    "active_period_orders_per_hour": 4.5,
    "system_capacity": 92.57142857142857,
    "active_period_capacity": 108.0,
    "active_period_idle_time": 0,
    "active_period_steps": 360,
    "active_period_idle_rate": 0.01795752206176933,
    "active_period_idle_rates_by_vehicle": {
        "0": 0.01795752206176933
    },
    "total_reward": -4405.0,
    "solver": "fastest",
    "seed": 1,
    "timestamp": "20250304_135103",
    "on_time_delivery_rate": 0.0,
    "percentage_late_orders": 100.0,
    "avg_delay_late_orders": 163.14814814814815,
    "avg_distance_per_order": 24.875324429961662
}