{
    "total_orders": 144,
    "orders_delivered": 144,
    "total_delay": 0,
    "late_orders": [],
    "max_delay": 0,
    "delay_values": [],
    "total_distance": 1122.2837278580344,
    "postponed_orders": [],
    "average_idle_rate": 0,
    "idle_rates_by_vehicle": {},
    "total_idle_time": 0,
    "orders_per_hour": 20.571428571428573,
    "active_period_orders_per_hour": 24.0,
    "system_capacity": 493.7142857142858,
    "active_period_capacity": 576.0,
    "active_period_idle_time": 0,
    "active_period_steps": 360,
    "active_period_idle_rate": 0.5650857557045231,
    "active_period_idle_rates_by_vehicle": {
        "0": 0.6642576678419408,
        "1": 0.59820446001512,
        "2": 0.5201577827365864,
        "3": 0.8303438141762833,
        "4": 0.4986401398096518,
        "5": 0.34256883225399115,
        "6": 0.41519429629679955,
        "7": 0.5773249944593759,
        "8": 0.4569709056491487,
        "9": 0.6061603572382961,
        "10": 0.5600756891323685,
        "11": 0.5458336829763397,
        "12": 0.8070443775925595,
        "13": 0.19283682627999973,
        "14": 0.8606725091093868
    },
    "total_reward": 0,
    "solver": "fastest",
    "seed": 1,
    "timestamp": "20250303_174730",
    "on_time_delivery_rate": 100.0,
    "percentage_late_orders": 0.0,
    "avg_delay_late_orders": 0,
    "avg_distance_per_order": 7.793636999014128
}