{
    "total_orders": 0,
    "orders_delivered": 29,
    "total_delay": 0,
    "late_orders": [
        2,
        3,
        4,
        5,
        6,
        7,
        8,
        9,
        10,
        11,
        12,
        13,
        14,
        15,
        16,
        17,
        18,
        19,
        20,
        21,
        22,
        23,
        24,
        25,
        26,
        27,
        28
    ],
    "max_delay": 312.0,
    "delay_values": [
        11.0,
        22.0,
        37.0,
        48.0,
        57.0,
        61.0,
        72.0,
        87.0,
        102.0,
        114.0,
        126.0,
        135.0,
        146.0,
        156.0,
        167.0,
        177.0,
        189.0,
        200.0,
        213.0,
        224.0,
        236.0,
        248.0,
        262.0,
        275.0,
        291.0,
        295.0,
        312.0
    ],
    "total_distance": 718.4796965452084,
    "postponed_orders": [],
    "average_idle_rate": 0,
    "idle_rates_by_vehicle": {},
    "total_idle_time": 0,
    "orders_per_hour": 4.142857142857143,
    "active_period_orders_per_hour": 4.833333333333333,
    "system_capacity": 99.42857142857144,
    "active_period_capacity": 116.0,
    "active_period_idle_time": 0,
    "active_period_steps": 360,
    "active_period_idle_rate": 0.01795752206176933,
    "active_period_idle_rates_by_vehicle": {
        "0": 0.01795752206176933
    },
    "total_reward": -4263.0,
    "solver": "fastest",
    "seed": 1,
    "timestamp": "20250306_090905",
    "on_time_delivery_rate": 6.896551724137931,
    "percentage_late_orders": 93.10344827586206,
    "avg_delay_late_orders": 157.88888888888889,
    "avg_distance_per_order": 24.77516194983477
}