{
    "total_orders": 176,
    "orders_delivered": 176,
    "total_delay": 0,
    "late_orders": [],
    "max_delay": 0,
    "delay_values": [],
    "total_distance": 13901.483678982468,
    "postponed_orders": [],
    "average_idle_rate": 0.318571428571429,
    "idle_rates_by_vehicle": {
        "0": 0.20952380952380953,
        "1": 0.5,
        "2": 0.3952380952380952,
        "3": 0.38333333333333336,
        "4": 0.2785714285714286,
        "5": 0.29523809523809524,
        "6": 0.4357142857142857,
        "7": 0.25,
        "8": 0.3476190476190476,
        "9": 0.26904761904761904,
        "10": 0.23095238095238096,
        "11": 0.3380952380952381,
        "12": 0.24047619047619048,
        "13": 0.32142857142857145,
        "14": 0.2833333333333333
    },
    "total_idle_time": 133.80000000000018,
    "orders_per_hour": 25.142857142857142,
    "active_period_orders_per_hour": 29.333333333333332,
    "system_capacity": 603.4285714285714,
    "active_period_capacity": 704.0,
    "active_period_idle_time": 87.66666666666684,
    "active_period_steps": 360,
    "active_period_idle_rate": 0.243518518518519,
    "active_period_idle_rates_by_vehicle": {
        "0": 0.20027475096731892,
        "1": 0.557850794267177,
        "2": 0.36325579252291534,
        "3": 0.43025734080307537,
        "4": 0.43987406574677895,
        "5": 0.34988119996356526,
        "6": 0.5838145069004121,
        "7": 0.2997773913132429,
        "8": 0.1777624310350222,
        "9": 0.21840703054861157,
        "10": 0.2081129099173071,
        "11": 0.28857026642863415,
        "12": 0.13020437326474787,
        "13": 0.28956996565840776,
        "14": 0.42012873581616356
    },
    "total_reward": 0,
    "solver": "fastest",
    "seed": 1,
    "timestamp": "20250213_162454",
    "on_time_delivery_rate": 100.0,
    "percentage_late_orders": 0.0,
    "avg_delay_late_orders": 0,
    "avg_distance_per_order": 78.9857027214913
}