{
    "total_orders": 176,
    "orders_delivered": 176,
    "total_delay": 0,
    "late_orders": [],
    "max_delay": 0,
    "delay_values": [],
    "total_distance": 14001.34285025942,
    "postponed_orders": [],
    "average_idle_rate": 0.31507936507936546,
    "idle_rates_by_vehicle": {
        "0": 0.35,
        "1": 0.44047619047619047,
        "2": 0.30238095238095236,
        "3": 0.21666666666666667,
        "4": 0.38333333333333336,
        "5": 0.4023809523809524,
        "6": 0.3357142857142857,
        "7": 0.3380952380952381,
        "8": 0.21666666666666667,
        "9": 0.24761904761904763,
        "10": 0.2357142857142857,
        "11": 0.3619047619047619,
        "12": 0.22142857142857142,
        "13": 0.32142857142857145,
        "14": 0.3523809523809524
    },
    "total_idle_time": 132.33333333333348,
    "orders_per_hour": 25.142857142857142,
    "active_period_orders_per_hour": 29.333333333333332,
    "system_capacity": 603.4285714285714,
    "active_period_capacity": 704.0,
    "active_period_idle_time": 86.7333333333335,
    "active_period_steps": 360,
    "active_period_idle_rate": 0.2409259259259264,
    "active_period_idle_rates_by_vehicle": {
        "0": 0.29902167650214684,
        "1": 0.5529087116204726,
        "2": 0.42034895421057505,
        "3": 0.13331757793172433,
        "4": 0.5047220153037649,
        "5": 0.5457887586905753,
        "6": 0.32948226257984925,
        "7": 0.30615134649511083,
        "8": 0.08456015369570642,
        "9": 0.2241452774779453,
        "10": 0.16310563648625445,
        "11": 0.3261365239040257,
        "12": 0.2737322002400186,
        "13": 0.3160648073811216,
        "14": 0.47671787609566557
    },
    "total_reward": 0,
    "solver": "fastest",
    "seed": 1,
    "timestamp": "20250213_162652",
    "on_time_delivery_rate": 100.0,
    "percentage_late_orders": 0.0,
    "avg_delay_late_orders": 0,
    "avg_distance_per_order": 79.55308437647398
}