{
    "total_orders": 176,
    "orders_delivered": 17,
    "total_delay": 0,
    "late_orders": [
        2,
        3,
        4,
        5,
        6,
        7,
        8,
        9,
        10,
        11,
        12,
        13,
        14,
        15,
        16
    ],
    "max_delay": 332.0,
    "delay_values": [
        12.0,
        39.0,
        63.0,
        89.0,
        120.0,
        142.0,
        163.0,
        190.0,
        219.0,
        238.0,
        255.0,
        280.0,
        295.0,
        316.0,
        332.0
    ],
    "total_distance": 1755.5153486150843,
    "postponed_orders": [],
    "average_idle_rate": 0.002380952380952381,
    "idle_rates_by_vehicle": {
        "0": 0.002380952380952381
    },
    "total_idle_time": 1.0,
    "orders_per_hour": 2.4285714285714284,
    "active_period_orders_per_hour": 2.8333333333333335,
    "system_capacity": 58.28571428571428,
    "active_period_capacity": 68.0,
    "active_period_idle_time": 1.0,
    "active_period_steps": 360,
    "active_period_idle_rate": 0.002777777777777778,
    "active_period_idle_rates_by_vehicle": {
        "0": 0.01795752206176933
    },
    "total_reward": -2753.0,
    "solver": "bundle",
    "seed": 1,
    "timestamp": "20250128_104824",
    "on_time_delivery_rate": 11.76470588235294,
    "percentage_late_orders": 88.23529411764706,
    "avg_delay_late_orders": 183.53333333333333,
    "avg_distance_per_order": 103.26560874206379
}