{
    "total_orders": 0,
    "orders_delivered": 652,
    "total_delay": 0,
    "late_orders": [
        256,
        257,
        258,
        259,
        260,
        261,
        262,
        263,
        264,
        265,
        164,
        171,
        172,
        173,
        177,
        180,
        181,
        182,
        183,
        185,
        187,
        189,
        190,
        191,
        192,
        193,
        194,
        195,
        196,
        197,
        198,
        199,
        200,
        201,
        202,
        203,
        204,
        205,
        206,
        207,
        208,
        209,
        210,
        211,
        212,
        213,
        214,
        215,
        216,
        217,
        218,
        219,
        220,
        221,
        222,
        224,
        225,
        226,
        227,
        229,
        230,
        231,
        233,
        237,
        240,
        241,
        242,
        243,
        244,
        245,
        246,
        247,
        248,
        251,
        252,
        255
    ],
    "max_delay": 7.0,
    "delay_values": [
        1.0,
        1.0,
        1.0,
        3.0,
        1.0,
        2.0,
        2.0,
        2.0,
        1.0,
        1.0,
        1.0,
        4.0,
        1.0,
        2.0,
        3.0,
        3.0,
        4.0,
        4.0,
        5.0,
        5.0,
        4.0,
        5.0,
        6.0,
        3.0,
        7.0,
        4.0,
        4.0,
        5.0,
        2.0,
        6.0,
        5.0,
        4.0,
        3.0,
        4.0,
        3.0,
        4.0,
        4.0,
        3.0,
        5.0,
        2.0,
        4.0,
        1.0,
        3.0,
        3.0,
        3.0,
        1.0,
        3.0,
        3.0,
        3.0,
        1.0,
        1.0,
        1.0,
        2.0,
        1.0,
        1.0,
        3.0,
        3.0,
        3.0,
        5.0,
        4.0,
        4.0,
        1.0,
        4.0,
        1.0,
        2.0,
        1.0,
        4.0,
        2.0,
        4.0,
        4.0,
        5.0,
        2.0,
        3.0,
        3.0,
        2.0,
        3.0
    ],
    "total_distance": 4345.022452778902,
    "postponed_orders": [],
    "average_idle_rate": 0,
    "idle_rates_by_vehicle": {},
    "total_idle_time": 0,
    "orders_per_hour": 27.166666666666668,
    "active_period_orders_per_hour": 27.166666666666668,
    "system_capacity": 652.0,
    "active_period_capacity": 652.0,
    "active_period_idle_time": 0,
    "active_period_steps": 1440,
    "active_period_idle_rate": 0.8580868852286496,
    "active_period_idle_rates_by_vehicle": {
        "0": 0.8337086038599821,
        "1": 0.8668858277520534,
        "2": 0.8242553224671866,
        "3": 0.861547734717022,
        "4": 0.8827969933054753,
        "5": 0.834160417137871,
        "6": 0.8766092130715292,
        "7": 0.8820955399790651,
        "8": 0.8163480590778224,
        "9": 0.8491753863017758,
        "10": 0.8123450085363457,
        "11": 0.8902507832094492,
        "12": 0.8607678649898547,
        "13": 0.9002265275488347,
        "14": 0.880129996475477
    },
    "total_reward": -224.0,
    "solver": "fastest",
    "seed": 1,
    "timestamp": "20250306_122154",
    "on_time_delivery_rate": 88.34355828220859,
    "percentage_late_orders": 11.65644171779141,
    "avg_delay_late_orders": 2.9473684210526314,
    "avg_distance_per_order": 6.66414486622531
}