{
    "total_orders": 104,
    "orders_delivered": 59,
    "total_delay": 0,
    "late_orders": [
        6,
        7,
        8,
        9,
        10,
        11,
        12,
        13,
        14,
        15,
        16,
        17,
        19,
        20,
        21,
        22,
        23,
        24,
        25,
        26,
        27,
        28,
        29,
        30,
        31,
        32,
        33,
        34,
        35,
        36,
        37,
        38,
        39,
        40,
        41,
        42,
        43,
        44,
        45,
        46,
        47,
        48,
        49,
        50,
        51,
        52,
        54,
        55,
        59,
        61,
        62,
        63
    ],
    "max_delay": 186,
    "delay_values": [
        2,
        9,
        16,
        16,
        6,
        35,
        12,
        37,
        31,
        37,
        25,
        30,
        18,
        21,
        28,
        86,
        56,
        78,
        71,
        57,
        115,
        97,
        90,
        90,
        66,
        103,
        118,
        163,
        107,
        145,
        105,
        122,
        130,
        141,
        157,
        125,
        89,
        148,
        171,
        172,
        83,
        153,
        138,
        99,
        158,
        174,
        173,
        122,
        180,
        152,
        186,
        183
    ],
    "total_distance": 16132.843377863908,
    "postponed_orders": [],
    "average_idle_rate": 0,
    "idle_rates_by_vehicle": {},
    "total_idle_time": 0,
    "orders_per_hour": 8.428571428571429,
    "active_period_orders_per_hour": 9.833333333333334,
    "system_capacity": 202.28571428571428,
    "active_period_capacity": 236.0,
    "active_period_idle_time": 0,
    "active_period_steps": 360,
    "active_period_idle_rate": 0.03123606057955346,
    "active_period_idle_rates_by_vehicle": {
        "0": 0.0053855276861299066,
        "1": 0.01615658305838972,
        "2": 0.026927638430649534,
        "3": 0.04308422148903925,
        "4": 0.06462633223355888
    },
    "orders_per_restaurant": {
        "12": 6,
        "2": 8,
        "8": 4,
        "6": 2,
        "14": 6,
        "0": 8,
        "11": 4,
        "5": 4,
        "3": 4,
        "9": 3,
        "10": 4,
        "7": 2,
        "1": 4
    },
    "true_prep_times": [
        11.512164165866853,
        11.707632711344068,
        12.869463989031512,
        14.733440398719978,
        12.920327452330874,
        12.476360402613636,
        12.618215224608647,
        14.825283090960056,
        10.44543794220786,
        11.4590195160133,
        14.120424162511135,
        11.783787395715251,
        12.425694454414952,
        12.843892466379472,
        11.793289134257506,
        13.861659599259013,
        11.398501873761361,
        12.728095829104873,
        12.03108605090084,
        13.190851315220414,
        12.217309262519095,
        14.12700136488715,
        13.495204762032813,
        17.614721821642433,
        12.133347430120835,
        11.380474539064707,
        13.76452852962467,
        14.70007344504647,
        13.116480768462324,
        15.56601624939023,
        11.816417701333577,
        11.021458802704373,
        13.52589616620969,
        14.274670820093064,
        13.125696948860565,
        9.235283249920059,
        15.947263364788313,
        13.972941060827324,
        14.046078667569105,
        12.67474992628837,
        12.327319554637256,
        11.433656950613766,
        15.24048576976017,
        13.47843776322918,
        14.448425996927739,
        12.47746771017907,
        13.507439510984085,
        14.639852668605698,
        13.193486034251578,
        12.128627851245795,
        14.374950356619422,
        11.003823118694783,
        13.442099061465996,
        11.300142019673387,
        10.704537938254248
    ],
    "avg_true_prep_time": 12.967290806577253,
    "max_true_prep_time": 17.614721821642433,
    "order_wait_times": [
        0.487835834133147,
        0.29236728865593165,
        0.13053601096848766,
        0.2665596012800222,
        14.079672547669126,
        2.5236395973863637,
        11.381784775391353,
        16.174716909039944,
        17.55456205779214,
        9.5409804839867,
        45.879575837488865,
        13.216212604284749,
        39.57430554558505,
        41.15610753362053,
        23.206710865742494,
        44.13834040074099,
        32.60149812623864,
        28.271904170895127,
        31.96891394909916,
        29.809148684779586,
        89.7826907374809,
        64.87299863511285,
        82.50479523796719,
        82.38527817835757,
        66.86665256987916,
        101.6195254609353,
        94.23547147037533,
        97.29992655495353,
        97.88351923153768,
        73.43398375060977,
        117.18358229866642,
        113.97854119729563,
        118.47410383379031,
        155.72532917990694,
        104.87430305113944,
        143.76471675007994,
        135.0527366352117,
        172.02705893917266,
        134.9539213324309,
        100.32525007371163,
        147.67268044536274,
        178.56634304938623,
        166.75951423023983,
        95.52156223677082,
        160.55157400307226,
        153.52253228982093,
        116.49256048901591,
        167.3601473313943,
        189.80651396574842,
        183.8713721487542,
        130.62504964338058,
        193.99617688130522,
        158.557900938534,
        181.6998579803266,
        191.29546206174575
    ],
    "avg_order_wait_time": 90.28725464796821,
    "max_order_wait_time": 193.99617688130522,
    "total_pickup_times": [
        12,
        12,
        13,
        15,
        27,
        15,
        24,
        31,
        28,
        21,
        60,
        25,
        52,
        54,
        35,
        58,
        44,
        41,
        44,
        43,
        102,
        79,
        96,
        100,
        79,
        113,
        108,
        112,
        111,
        89,
        129,
        125,
        132,
        170,
        118,
        153,
        151,
        186,
        149,
        113,
        160,
        190,
        182,
        109,
        175,
        166,
        130,
        182,
        203,
        196,
        145,
        205,
        172,
        193,
        202
    ],
    "avg_total_pickup_time": 103.25454545454545,
    "max_total_pickup_time": 205,
    "total_driver_wait_time": 11.310537099095558,
    "driver_wait_orders": 3,
    "true_prep_by_restaurant": {
        "12": [
            11.512164165866853,
            12.869463989031512,
            14.12700136488715,
            13.125696948860565,
            9.235283249920059,
            12.128627851245795
        ],
        "8": [
            11.707632711344068,
            12.920327452330874,
            14.046078667569105,
            14.448425996927739
        ],
        "6": [
            14.733440398719978,
            13.972941060827324
        ],
        "14": [
            12.476360402613636,
            14.120424162511135,
            12.843892466379472,
            13.193486034251578,
            11.003823118694783,
            10.704537938254248
        ],
        "11": [
            12.618215224608647,
            14.825283090960056,
            13.495204762032813,
            15.947263364788313
        ],
        "2": [
            10.44543794220786,
            11.4590195160133,
            17.614721821642433,
            12.133347430120835,
            15.56601624939023,
            11.816417701333577,
            14.274670820093064
        ],
        "5": [
            11.783787395715251,
            13.861659599259013,
            13.190851315220414,
            12.217309262519095
        ],
        "3": [
            12.425694454414952,
            11.398501873761361,
            12.327319554637256,
            11.433656950613766
        ],