{
    "total_orders": 176,
    "orders_delivered": 171,
    "total_delay": 0,
    "late_orders": [
        38
    ],
    "max_delay": 1.0,
    "delay_values": [
        1.0
    ],
    "total_distance": 13560.073075200788,
    "postponed_orders": [],
    "average_idle_rate": 0.32984126984127016,
    "idle_rates_by_vehicle": {
        "0": 0.23333333333333334,
        "1": 0.42857142857142855,
        "2": 0.31666666666666665,
        "3": 0.319047619047619,
        "4": 0.6190476190476191,
        "5": 0.3619047619047619,
        "6": 0.37857142857142856,
        "7": 0.33095238095238094,
        "8": 0.1976190476190476,
        "9": 0.25476190476190474,
        "10": 0.3380952380952381,
        "11": 0.26904761904761904,
        "12": 0.26666666666666666,
        "13": 0.2785714285714286,
        "14": 0.3547619047619048
    },
    "total_idle_time": 138.53333333333347,
    "orders_per_hour": 24.428571428571427,
    "active_period_orders_per_hour": 28.5,
    "system_capacity": 586.2857142857142,
    "active_period_capacity": 684.0,
    "active_period_idle_time": 91.8666666666668,
    "active_period_steps": 360,
    "active_period_idle_rate": 0.25518518518518557,
    "active_period_idle_rates_by_vehicle": {
        "0": 0.18006447415207638,
        "1": 0.5634200100989677,
        "2": 0.3473947368691465,
        "3": 0.44227180921180326,
        "4": 0.7555835057578597,
        "5": 0.36022440460265337,
        "6": 0.5299532892790062,
        "7": 0.2911011462267859,
        "8": 0.07475227160963924,
        "9": 0.15667997524638178,
        "10": 0.2556574735716364,
        "11": 0.260549713509964,
        "12": 0.1492235782048712,
        "13": 0.290910740039255,
        "14": 0.463946594621231
    },
    "total_reward": -1.0,
    "solver": "bundler",
    "seed": 1,
    "timestamp": "20250213_162428",
    "on_time_delivery_rate": 99.41520467836257,
    "percentage_late_orders": 0.5847953216374269,
    "avg_delay_late_orders": 1.0,
    "avg_distance_per_order": 79.29867295439057
}