{
    "total_orders": 104,
    "orders_delivered": 62,
    "total_delay": 0,
    "late_orders": [
        5,
        6,
        7,
        8,
        11,
        12,
        14,
        15,
        16,
        17,
        18,
        19,
        20,
        21,
        22,
        23,
        24,
        25,
        26,
        27,
        28,
        29,
        30,
        31,
        32,
        33,
        34,
        35,
        36,
        37,
        38,
        39,
        40,
        41,
        42,
        43,
        44,
        45,
        46,
        47,
        48,
        49,
        50,
        51,
        52,
        53,
        54,
        55,
        56,
        59,
        61,
        67,
        70,
        71
    ],
    "max_delay": 144,
    "delay_values": [
        21,
        21,
        30,
        23,
        5,
        21,
        17,
        63,
        30,
        15,
        3,
        24,
        78,
        84,
        27,
        90,
        30,
        42,
        99,
        37,
        82,
        13,
        67,
        84,
        19,
        18,
        87,
        46,
        89,
        86,
        82,
        105,
        116,
        61,
        76,
        114,
        90,
        62,
        90,
        111,
        118,
        98,
        115,
        34,
        116,
        105,
        46,
        137,
        129,
        142,
        117,
        69,
        129,
        144
    ],
    "total_distance": 14014.895788935171,
    "postponed_orders": [
        5,
        6,
        7,
        8,
        10,
        12,
        13,
        14,
        15,
        17,
        21,
        24,
        25,
        26,
        29,
        31,
        32,
        33,
        34,
        35,
        36,
        37,
        40,
        42,
        45,
        49,
        50,
        51,
        52,
        53,
        54,
        55,
        56,
        57,
        58,
        60,
        61,
        62,
        63,
        65,
        66,
        68,
        69,
        70,
        71,
        74,
        75,
        76,
        77,
        78,
        79,
        80,
        81,
        82,
        83,
        84,
        85,
        88,
        89,
        90,
        91,
        92,
        93,
        94,
        96,
        97,
        98,
        99,
        101,
        102
    ],
    "average_idle_rate": 0,
    "idle_rates_by_vehicle": {},
    "total_idle_time": 0,
    "orders_per_hour": 8.857142857142858,
    "active_period_orders_per_hour": 10.333333333333334,
    "system_capacity": 212.57142857142858,
    "active_period_capacity": 248.0,
    "active_period_idle_time": 0,
    "active_period_steps": 360,
    "active_period_idle_rate": 0.05468463253622084,
    "active_period_idle_rates_by_vehicle": {
        "0": 0.0053855276861299066,
        "1": 0.04846974917516916,
        "2": 0.04308422148903925,
        "3": 0.0957007490388173,
        "4": 0.0807829152919486
    },
    "orders_per_restaurant": {
        "9": 4,
        "8": 7,
        "12": 4,
        "1": 3,
        "2": 5,
        "14": 4,
        "4": 5,
        "10": 4,
        "13": 4,
        "0": 3,
        "11": 6,
        "5": 3,
        "6": 5,
        "7": 4,
        "3": 1
    },
    "true_prep_times": [
        13.581512906725834,
        12.488690342302892,
        13.215314133162927,
        12.48731233417633,
        15.698240144482568,
        15.222641923727231,
        13.626007961483992,
        13.414885341099385,
        13.889795919456105,
        13.321423543725103,
        13.524829080971884,
        17.08621162040977,
        12.791150463240228,
        11.6368346755442,
        13.022423468031064,
        12.79310672131055,
        11.27448110975331,
        13.731746043233628,
        14.615612411134485,
        12.80722721240442,
        12.723173931925572,
        12.479783246531056,
        12.587125892323115,
        12.654337800203436,
        13.8588604312028,
        11.901456237690837,
        12.109476937075485,
        14.394611525697087,
        14.032151715551407,
        13.794566058183364,
        10.627823918458773,
        12.370676592892437,
        14.00209452694645,
        12.995454001123647,
        11.043683186445946,
        13.757115710316498,
        11.286025200264248,
        12.756085199012034,
        15.125484332686568,
        12.425761160992323,
        14.861269438537533,
        12.156402305210378,
        12.78721907323856,
        12.148615013367703,
        12.660650774679652,
        12.068256260403246,
        13.665166737799609,
        12.997676631848549,
        14.345843723296497,
        13.840479761814237,
        12.598886671121647,
        11.977470901764974,
        14.276212693240154,
        11.245253035094976,
        10.361010939797836,
        11.878960359311975,
        12.622296905258793,
        13.225094359906052
    ],
    "avg_true_prep_time": 13.049516561165369,
    "max_true_prep_time": 17.08621162040977,
    "order_wait_times": [
        0.418487093274166,
        5.511309657697108,
        0.7846858668370729,
        0.5126876658236696,
        5.301759855517432,
        3.777358076272769,
        15.373992038516008,
        28.585114658900615,
        39.110204080543895,
        22.678576456274897,
        7.475170919028116,
        18.91378837959023,
        23.20884953675977,
        72.36316532445579,
        23.977576531968936,
        22.20689327868945,
        20.72551889024669,
        30.268253956766372,
        82.38438758886551,
        93.19277278759557,
        31.276826068074428,
        107.52021675346894,
        46.412874107676885,
        111.34566219979656,
        45.1411395687972,
        27.098543762309163,
        76.89052306292452,
        97.60538847430291,
        19.967848284448593,
        17.205433941816636,
        92.37217608154123,
        49.62932340710756,
        106.99790547305355,
        94.00454599887635,
        75.95631681355405,
        121.2428842896835,
        135.71397479973575,
        72.24391480098797,
        72.87451566731343,
        129.57423883900768,
        99.13873056146247,
        68.84359769478962,
        101.21278092676144,
        114.8513849866323,
        123.33934922532035,
        104.93174373959675,
        127.33483326220039,
        45.00232336815145,
        134.6541562767035,
        103.15952023818576,
        56.40111332887835,
        140.02252909823503,
        143.72378730675985,
        146.75474696490502,
        137.63898906020216,
        81.12103964068802,
        139.3777030947412,
        155.77490564009395
    ],
    "avg_order_wait_time": 70.19186274917946,
    "max_order_wait_time": 155.77490564009395,
    "total_pickup_times": [
        14,
        18,
        14,
        13,
        21,
        19,
        29,
        42,
        53,
        36,
        21,
        36,
        36,
        84,
        37,
        35,
        32,
        44,
        97,
        106,
        44,
        120,
        59,
        124,
        59,
        39,
        89,
        112,
        34,
        31,
        103,
        62,
        121,
        107,
        87,
        135,
        147,
        85,
        88,
        142,
        114,
        81,
        114,
        127,
        136,
        117,
        141,
        58,
        149,
        117,
        69,
        152,
        158,
        158,
        148,
        93,
        152,
        169
    ],
    "avg_total_pickup_time": 83.24137931034483,
    "max_total_pickup_time": 169,
    "total_driver_wait_time": 15.284139374065091,
    "driver_wait_orders": 3,
    "true_prep_by_restaurant": {
        "9": [
            13.581512906725834,
            12.48731233417633,
            17.08621162040977,
            14.861269438537533
        ],