{
    "total_orders": 176,
    "orders_delivered": 176,
    "total_delay": 0,
    "late_orders": [
        96,
        138,
        128
    ],
    "max_delay": 11.0,
    "delay_values": [
        1.0,
        11.0,
        5.0
    ],
    "total_distance": 15881.225236063814,
    "postponed_orders": [],
    "average_idle_rate": 0.29777777777777786,
    "idle_rates_by_vehicle": {
        "0": 0.2785714285714286,
        "1": 0.30714285714285716,
        "2": 0.24523809523809523,
        "3": 0.3761904761904762,
        "4": 0.3142857142857143,
        "5": 0.37142857142857144,
        "6": 0.29523809523809524,
        "7": 0.3142857142857143,
        "8": 0.30714285714285716,
        "9": 0.38095238095238093,
        "10": 0.21666666666666667,
        "11": 0.3761904761904762,
        "12": 0.20238095238095238,
        "13": 0.22142857142857142,
        "14": 0.25952380952380955
    },
    "total_idle_time": 125.06666666666669,
    "orders_per_hour": 25.142857142857142,
    "active_period_orders_per_hour": 29.333333333333332,
    "system_capacity": 603.4285714285714,
    "active_period_capacity": 704.0,
    "active_period_idle_time": 79.13333333333338,
    "active_period_steps": 360,
    "active_period_idle_rate": 0.21981481481481496,
    "active_period_idle_rates_by_vehicle": {
        "0": 0.2111552203902267,
        "1": 0.3329921237064289,
        "2": 0.4044064447120175,
        "3": 0.44106597912752216,
        "4": 0.4338541094639773,
        "5": 0.4526109936401306,
        "6": 0.4057271084055917,
        "7": 0.29416858783900807,
        "8": 0.3224670305238592,
        "9": 0.36433697386130115,
        "10": 0.13342341226974114,
        "11": 0.34253844452860777,
        "12": 0.23184016775410118,
        "13": 0.17073532278973091,
        "14": 0.3457656455304517
    },
    "total_reward": -17.0,
    "solver": "fastest",
    "seed": 1,
    "timestamp": "20250126_082403",
    "on_time_delivery_rate": 98.29545454545455,
    "percentage_late_orders": 1.7045454545454544,
    "avg_delay_late_orders": 5.666666666666667,
    "avg_distance_per_order": 90.23423429581713
}