{
    "total_orders": 144,
    "orders_delivered": 144,
    "total_delay": 0,
    "late_orders": [],
    "max_delay": 0,
    "delay_values": [],
    "total_distance": 1227.8858353493702,
    "postponed_orders": [],
    "average_idle_rate": 0,
    "idle_rates_by_vehicle": {},
    "total_idle_time": 0,
    "orders_per_hour": 20.571428571428573,
    "active_period_orders_per_hour": 24.0,
    "system_capacity": 493.7142857142858,
    "active_period_capacity": 576.0,
    "active_period_idle_time": 0,
    "active_period_steps": 360,
    "active_period_idle_rate": 0.7901185915609277,
    "active_period_idle_rates_by_vehicle": {
        "0": 1.0,
        "1": 0.7948362559368972,
        "2": 0.8398834141030498,
        "3": 1.0,
        "4": 0.9608762909442515,
        "5": 0.4864516838897824,
        "6": 0.6845791800589517,
        "7": 0.40635347215984496,
        "8": 0.6824654729782289,
        "9": 0.5778043992847018,
        "10": 0.8175698535759506,
        "11": 0.5517107219896394,
        "12": 0.9973729463184914,
        "13": 0.8398105317226171,
        "14": 0.8255198641937909,
        "15": 0.7706387250304979,
        "16": 0.8724313228507943,
        "17": 1.0,
        "18": 0.7223176813892935,
        "19": 0.8975055249647477,
        "20": 0.47096553516427664,
        "21": 1.0,
        "22": 1.0,
        "23": 0.7725716235397608,
        "24": 1.0,
        "25": 0.5338309901068771,
        "26": 1.0,
        "27": 0.7898734435071358,
        "28": 0.44516149735853056,
        "29": 0.9000191714857154,
        "30": 0.8531267358349331
    },
    "total_reward": 0,
    "solver": "fastest",
    "seed": 1,
    "timestamp": "20250303_184814",
    "on_time_delivery_rate": 100.0,
    "percentage_late_orders": 0.0,
    "avg_delay_late_orders": 0,
    "avg_distance_per_order": 8.52698496770396
}