{
    "total_orders": 9,
    "orders_delivered": 0,
    "total_delay": 0,
    "late_orders": [],
    "max_delay": 0,
    "delay_values": [],
    "total_distance": 56.89283278943594,
    "postponed_orders": [
        0,
        1,
        2,
        3,
        4,
        5,
        6,
        7
    ],
    "average_idle_rate": 0.9233333333333336,
    "idle_rates_by_vehicle": {
        "0": 0.3,
        "1": 0.55,
        "2": 1.0,
        "3": 1.0,
        "4": 1.0,
        "5": 1.0,
        "6": 1.0,
        "7": 1.0,
        "8": 1.0,
        "9": 1.0,
        "10": 1.0,
        "11": 1.0,
        "12": 1.0,
        "13": 1.0,
        "14": 1.0
    },
    "total_idle_time": 18.466666666666672,
    "orders_per_hour": 0.0,
    "active_period_orders_per_hour": 0.0,
    "system_capacity": 0.0,
    "active_period_capacity": 0.0,
    "active_period_idle_time": 18.466666666666672,
    "active_period_steps": 20,
    "active_period_idle_rate": 0.9233333333333336,
    "active_period_idle_rates_by_vehicle": {
        "0": 0.595910447481655,
        "1": 0.8678242717464852,
        "2": 1.0,
        "3": 1.0,
        "4": 1.0,
        "5": 1.0,
        "6": 1.0,
        "7": 1.0,
        "8": 1.0,
        "9": 1.0,
        "10": 1.0,
        "11": 1.0,
        "12": 1.0,
        "13": 1.0,
        "14": 1.0
    },
    "total_reward": 0,
    "solver": "aca",
    "seed": 1,
    "timestamp": "20250217_185816",
    "on_time_delivery_rate": 0,
    "percentage_late_orders": 0,
    "avg_delay_late_orders": 0,
    "avg_distance_per_order": 0
}