{
    "total_orders": 144,
    "orders_delivered": 144,
    "total_delay": 0,
    "late_orders": [],
    "max_delay": 0,
    "delay_values": [],
    "total_distance": 10494.210524634449,
    "postponed_orders": [],
    "average_idle_rate": 0,
    "idle_rates_by_vehicle": {},
    "total_idle_time": 0,
    "orders_per_hour": 20.571428571428573,
    "active_period_orders_per_hour": 24.0,
    "system_capacity": 493.7142857142858,
    "active_period_capacity": 576.0,
    "active_period_idle_time": 0,
    "active_period_steps": 360,
    "active_period_idle_rate": 0.4344481463168332,
    "active_period_idle_rates_by_vehicle": {
        "0": 0.47964668952065653,
        "1": 0.4974781497548202,
        "2": 0.6885749580421137,
        "3": 0.2652414266491601,
        "4": 0.5098450485365273,
        "5": 0.6602041970185948,
        "6": 0.5467579275770814,
        "7": 0.4453273300116514,
        "8": 0.15691476628108736,
        "9": 0.2343143137172759,
        "10": 0.21689129543438715,
        "11": 0.3974301404026404,
        "12": 0.4029909792040696,
        "13": 0.530985636680111,
        "14": 0.48411933592232126
    },
    "total_reward": 0,
    "solver": "fastest",
    "seed": 1,
    "timestamp": "20250302_101800",
    "on_time_delivery_rate": 100.0,
    "percentage_late_orders": 0.0,
    "avg_delay_late_orders": 0,
    "avg_distance_per_order": 72.87646197662812
}