timestamp,solver,seed,district_id,day,order_generation_mode,simulation_hours,simulation_start_hour,use_restaurant_positions,use_vehicle_count,use_vehicle_positions,use_service_area,use_deadlines,env_num_restaurants,env_num_vehicles,env_mean_prep_time,env_prep_time_var,env_delivery_window,env_simulation_duration,env_cooldown_duration,env_mean_interarrival_time,env_service_area_dimensions,env_downtown_concentration,env_service_time,env_movement_per_step,env_reposition_idle_vehicles,env_seed,env_update_interval,env_demand_pattern,env_visualize,solver_buffer,solver_max_postponements,solver_max_postpone_time,solver_vehicle_capacity,solver_service_time,solver_mean_prep_time,solver_delivery_window,solver_max_bundle_size,total_orders,orders_delivered,total_delay,total_reward,late_orders,max_delay,avg_delay,total_distance,postponed_orders,active_period_idle_rate,active_period_max_idle,active_period_min_idle,orders_per_hour,active_period_orders_per_hour,system_capacity,active_period_capacity,on_time_delivery_rate,percentage_late_orders,avg_delay_late_orders,avg_distance_per_order,total_restaurants_served,avg_orders_per_restaurant,min_restaurant_orders,max_restaurant_orders,top_restaurant_id,bundles_formed,bundling_rate,avg_bundle_size,same_restaurant_bundle_rate,avg_bundle_delay,avg_non_bundle_delay,bundle_delay_impact,avg_true_prep_time,max_true_prep_time,avg_order_wait_time,max_order_wait_time,avg_total_pickup_time,max_total_pickup_time,total_driver_wait_time,driver_wait_orders,driver_wait_percentage,Note,
20250516_143929,aca,42,,,,,,,,,,,2,1,13.4,20.9,39,600,60,80,"(6.0, 6.0)",0.71,3.0,0.26666666666666666,False,42,0.01,"{'type': 'hourly', 'hourly_rates': {0: 1.59, 1: 4.38, 2: 2.38, 3: 1.15, 4: 0.84, 5: 0.76, 6: 1.0, 7: 2.25, 8: 2.86, 9: 1.94, 10: 1.23, 11: 0.85, 12: 0.55, 13: 0.37, 14: 0.21, 15: 0.13, 16: 0.08, 17: 0.05, 18: 0.04, 19: 0.04, 20: 0.12, 21: 0.24, 22: 0.41, 23: 0.53}}",False,15,0,0,5,4.0,13,,,11,11,39.642693041767785,-39.642693041767785,3,24.94018548847771,13.214231013922594,700.6507972446076,0,0.5125971922350657,0.5125971922350657,0.5125971922350657,1.1,1.375,26.400000000000002,33.0,72.72727272727273,27.27272727272727,13.214231013922594,63.69552702223705,2,5.5,5,6,1,0,0,0,0,0,0,0,12.86671866578355,21.33402659090094,8.406778328628365,39.56899433942601,21.273496994411918,49.94018548847771,30.70743463193318,7,63.63636363636363,,
20250516_143929,aca,43,,,,,,,,,,,2,1,13.4,20.9,39,600,60,80,"(6.0, 6.0)",0.71,3.0,0.26666666666666666,False,43,0.01,"{'type': 'hourly', 'hourly_rates': {0: 1.59, 1: 4.38, 2: 2.38, 3: 1.15, 4: 0.84, 5: 0.76, 6: 1.0, 7: 2.25, 8: 2.86, 9: 1.94, 10: 1.23, 11: 0.85, 12: 0.55, 13: 0.37, 14: 0.21, 15: 0.13, 16: 0.08, 17: 0.05, 18: 0.04, 19: 0.04, 20: 0.12, 21: 0.24, 22: 0.41, 23: 0.53}}",False,15,0,0,5,4.0,13,,,8,8,12.520618450436395,-12.520618450436395,2,10.152806915903547,6.260309225218197,687.7044236144242,0,0.4178327208858847,0.4178327208858847,0.4178327208858847,0.8,1.0,19.200000000000003,24.0,75.0,25.0,6.260309225218197,85.96305295180302,2,4.0,3,5,0,0,0,0,0,0,0,0,14.582244712669356,24.154144049648437,3.673486570609028,25.930579552337516,18.255731283278383,35.15280691590355,36.0770220098328,6,75.0,,
20250516_143929,aca,44,,,,,,,,,,,2,1,13.4,20.9,39,600,60,80,"(6.0, 6.0)",0.71,3.0,0.26666666666666666,False,44,0.01,"{'type': 'hourly', 'hourly_rates': {0: 1.59, 1: 4.38, 2: 2.38, 3: 1.15, 4: 0.84, 5: 0.76, 6: 1.0, 7: 2.25, 8: 2.86, 9: 1.94, 10: 1.23, 11: 0.85, 12: 0.55, 13: 0.37, 14: 0.21, 15: 0.13, 16: 0.08, 17: 0.05, 18: 0.04, 19: 0.04, 20: 0.12, 21: 0.24, 22: 0.41, 23: 0.53}}",False,15,0,0,5,4.0,13,,,13,10,293.87566183081327,-293.87566183081327,7,80.36085165802285,41.98223740440189,1073.44063882894,0,0.25332105916459996,0.25332105916459996,0.25332105916459996,1.0,1.25,24.0,30.0,30.0,70.0,41.98223740440189,107.344063882894,2,5.0,2,8,1,2,10.0,3.0,100.0,39.11672119838994,11.754456482209706,27.362264716180235,14.319931256557894,23.13672698726552,13.963229117539148,88.41430713371116,28.283160374097044,105.36085165802285,38.82699337798053,4,40.0,,
20250516_143930,aca,45,,,,,,,,,,,2,1,13.4,20.9,39,600,60,80,"(6.0, 6.0)",0.71,3.0,0.26666666666666666,False,45,0.01,"{'type': 'hourly', 'hourly_rates': {0: 1.59, 1: 4.38, 2: 2.38, 3: 1.15, 4: 0.84, 5: 0.76, 6: 1.0, 7: 2.25, 8: 2.86, 9: 1.94, 10: 1.23, 11: 0.85, 12: 0.55, 13: 0.37, 14: 0.21, 15: 0.13, 16: 0.08, 17: 0.05, 18: 0.04, 19: 0.04, 20: 0.12, 21: 0.24, 22: 0.41, 23: 0.53}}",False,15,0,0,5,4.0,13,,,19,13,281.69676509082774,-281.69676509082774,14,35.29458816355162,20.121197506487697,1887.5956515624173,0,0.14945315271560786,0.14945315271560786,0.14945315271560786,1.3,1.625,31.200000000000003,39.0,-7.6923076923076925,107.6923076923077,20.121197506487697,145.19966550480132,2,6.5,6,7,0,5,30.76923076923077,2.2,100.0,23.175474108835125,8.159753904088154,15.015720204746971,13.304724371807232,25.81215418832207,15.517825120538987,34.01936729389604,28.82254949234622,47.42015349479098,7.853214932887909,1,7.6923076923076925,,
20250516_143930,aca,46,,,,,,,,,,,2,1,13.4,20.9,39,600,60,80,"(6.0, 6.0)",0.71,3.0,0.26666666666666666,False,46,0.01,"{'type': 'hourly', 'hourly_rates': {0: 1.59, 1: 4.38, 2: 2.38, 3: 1.15, 4: 0.84, 5: 0.76, 6: 1.0, 7: 2.25, 8: 2.86, 9: 1.94, 10: 1.23, 11: 0.85, 12: 0.55, 13: 0.37, 14: 0.21, 15: 0.13, 16: 0.08, 17: 0.05, 18: 0.04, 19: 0.04, 20: 0.12, 21: 0.24, 22: 0.41, 23: 0.53}}",False,15,0,0,5,4.0,13,,,12,11,24.373218264282343,-24.373218264282343,4,20.647761740605887,6.093304566070586,1094.948636737366,0,0.30782295852970837,0.30782295852970837,0.30782295852970837,1.1,1.375,26.400000000000002,33.0,63.63636363636363,36.36363636363637,6.093304566070586,99.54078515794237,2,5.5,5,6,1,1,9.090909090909092,2.0,100.0,0.0,2.07429145770125,-2.07429145770125,14.322967391676395,21.61474449333633,6.216859569517497,30.402094903094167,20.539826961193896,51.64776174060589,35.30694131975625,5,45.45454545454545,,
20250516_143930,aca,47,,,,,,,,,,,2,1,13.4,20.9,39,600,60,80,"(6.0, 6.0)",0.71,3.0,0.26666666666666666,False,47,0.01,"{'type': 'hourly', 'hourly_rates': {0: 1.59, 1: 4.38, 2: 2.38, 3: 1.15, 4: 0.84, 5: 0.76, 6: 1.0, 7: 2.25, 8: 2.86, 9: 1.94, 10: 1.23, 11: 0.85, 12: 0.55, 13: 0.37, 14: 0.21, 15: 0.13, 16: 0.08, 17: 0.05, 18: 0.04, 19: 0.04, 20: 0.12, 21: 0.24, 22: 0.41, 23: 0.53}}",False,15,0,0,5,4.0,13,,,10,8,114.23092054101376,-114.23092054101376,7,32.86910029621299,16.318702934430537,867.091420255193,0,0.4029180560000885,0.4029180560000885,0.4029180560000885,0.8,1.0,19.200000000000003,24.0,12.5,87.5,16.318702934430537,108.38642753189913,2,4.0,4,4,1,2,12.5,2.5,100.0,31.371370806730226,5.374412742837042,25.996958063893185,13.44885909528555,19.664688961149693,13.129578681441801,41.37903943305281,26.578437776727352,59.86910029621299,22.535202327008342,4,50.0,,
20250516_143931,aca,48,,,,,,,,,,,2,1,13.4,20.9,39,600,60,80,"(6.0, 6.0)",0.71,3.0,0.26666666666666666,False,48,0.01,"{'type': 'hourly', 'hourly_rates': {0: 1.59, 1: 4.38, 2: 2.38, 3: 1.15, 4: 0.84, 5: 0.76, 6: 1.0, 7: 2.25, 8: 2.86, 9: 1.94, 10: 1.23, 11: 0.85, 12: 0.55, 13: 0.37, 14: 0.21, 15: 0.13, 16: 0.08, 17: 0.05, 18: 0.04, 19: 0.04, 20: 0.12, 21: 0.24, 22: 0.41, 23: 0.53}}",False,15,0,0,5,4.0,13,,,13,12,60.70724469556227,-60.70724469556227,6,19.095368828613005,10.117874115927044,1572.423753514789,0,0.18642300083022129,0.18642300083022129,0.18642300083022129,1.2,1.5,28.799999999999997,36.0,50.0,50.0,10.117874115927044,131.03531279289908,2,6.0,5,7,1,1,8.333333333333332,2.0,100.0,12.426109215231946,2.6532515137924833,9.772857701439463,14.44779020528375,26.355292018407994,5.059430869868975,21.428689795767667,19.507221075152724,37.71121380626907,22.27225746319789,4,33.33333333333333,,
20250516_143931,aca,49,,,,,,,,,,,2,1,13.4,20.9,39,600,60,80,"(6.0, 6.0)",0.71,3.0,0.26666666666666666,False,49,0.01,"{'type': 'hourly', 'hourly_rates': {0: 1.59, 1: 4.38, 2: 2.38, 3: 1.15, 4: 0.84, 5: 0.76, 6: 1.0, 7: 2.25, 8: 2.86, 9: 1.94, 10: 1.23, 11: 0.85, 12: 0.55, 13: 0.37, 14: 0.21, 15: 0.13, 16: 0.08, 17: 0.05, 18: 0.04, 19: 0.04, 20: 0.12, 21: 0.24, 22: 0.41, 23: 0.53}}",False,15,0,0,5,4.0,13,,,12,10,57.46024406647052,-57.46024406647052,5,27.55395343772534,11.492048813294105,1547.0052976254992,0,0.5484921062336238,0.5484921062336238,0.5484921062336238,1.0,1.25,24.0,30.0,50.0,50.0,11.492048813294105,154.70052976254993,2,5.0,4,6,1,2,20.0,2.0,100.0,9.531283120470476,4.033846718527592,5.497436401942885,11.235704686011113,20.03507424706629,8.33506088533937,27.589546236449905,19.570765571350485,39.55395343772534,17.731691465259928,2,20.0,,
20250516_143931,aca,50,,,,,,,,,,,2,1,13.4,20.9,39,600,60,80,"(6.0, 6.0)",0.71,3.0,0.26666666666666666,False,50,0.01,"{'type': 'hourly', 'hourly_rates': {0: 1.59, 1: 4.38, 2: 2.38, 3: 1.15, 4: 0.84, 5: 0.76, 6: 1.0, 7: 2.25, 8: 2.86, 9: 1.94, 10: 1.23, 11: 0.85, 12: 0.55, 13: 0.37, 14: 0.21, 15: 0.13, 16: 0.08, 17: 0.05, 18: 0.04, 19: 0.04, 20: 0.12, 21: 0.24, 22: 0.41, 23: 0.53}}",False,15,0,0,5,4.0,13,,,5,5,0.9984151655883693,-0.9984151655883693,1,0.9984151655883693,0.9984151655883693,533.379508980324,0,0.6782147618265476,0.6782147618265476,0.6782147618265476,0.5,0.625,12.0,15.0,80.0,20.0,0.9984151655883693,106.67590179606479,2,2.5,2,3,1,0,0,0,0,0,0,0,12.886658306960848,20.301619231550035,1.4827162679573145,3.078328266135543,14.369374574918163,20.99841516558837,11.5888485670854,3,60.0,,
20250516_143931,aca,51,,,,,,,,,,,2,1,13.4,20.9,39,600,60,80,"(6.0, 6.0)",0.71,3.0,0.26666666666666666,False,51,0.01,"{'type': 'hourly', 'hourly_rates': {0: 1.59, 1: 4.38, 2: 2.38, 3: 1.15, 4: 0.84, 5: 0.76, 6: 1.0, 7: 2.25, 8: 2.86, 9: 1.94, 10: 1.23, 11: 0.85, 12: 0.55, 13: 0.37, 14: 0.21, 15: 0.13, 16: 0.08, 17: 0.05, 18: 0.04, 19: 0.04, 20: 0.12, 21: 0.24, 22: 0.41, 23: 0.53}}",False,15,0,0,5,4.0,13,,,9,9,35.30017466904707,-35.30017466904707,3,18.32447266091839,11.766724889682356,1086.1994111666365,0,0.5082934073469108,0.5082934073469108,0.5082934073469108,0.9,1.125,21.6,27.0,66.66666666666666,33.33333333333333,11.766724889682356,120.68882346295962,2,4.5,4,5,0,0,0,0,0,0,0,0,12.76868486451527,22.93815343623038,7.763345292732295,28.38164482677621,20.532030157247565,38.41054924857656,22.527685273776513,4,44.44444444444444,,
20250516_143932,aca,52,,,,,,,,,,,2,1,13.4,20.9,39,600,60,80,"(6.0, 6.0)",0.71,3.0,0.26666666666666666,False,52,0.01,"{'type': 'hourly', 'hourly_rates': {0: 1.59, 1: 4.38, 2: 2.38, 3: 1.15, 4: 0.84, 5: 0.76, 6: 1.0, 7: 2.25, 8: 2.86, 9: 1.94, 10: 1.23, 11: 0.85, 12: 0.55, 13: 0.37, 14: 0.21, 15: 0.13, 16: 0.08, 17: 0.05, 18: 0.04, 19: 0.04, 20: 0.12, 21: 0.24, 22: 0.41, 23: 0.53}}",False,15,0,0,5,4.0,13,,,7,7,16.584093357783644,-16.584093357783644,3,13,5.528031119261215,1334.4290134914422,0,0.4950813316525161,0.4950813316525161,0.4950813316525161,0.7,0.875,16.799999999999997,21.0,57.14285714285714,42.857142857142854,5.528031119261215,190.63271621306316,2,3.5,3,4,1,1,28.57142857142857,2.0,100.0,6.649568848146302,0.6569911322982079,5.992577715848094,13.202065786747507,20.633399046563,4.871971250777675,17.309845693058193,18.074037037525184,25.299137696292597,22.848888504727455,4,57.14285714285714,,
20250516_143932,aca,53,,,,,,,,,,,2,1,13.4,20.9,39,600,60,80,"(6.0, 6.0)",0.71,3.0,0.26666666666666666,False,53,0.01,"{'type': 'hourly', 'hourly_rates': {0: 1.59, 1: 4.38, 2: 2.38, 3: 1.15, 4: 0.84, 5: 0.76, 6: 1.0, 7: 2.25, 8: 2.86, 9: 1.94, 10: 1.23, 11: 0.85, 12: 0.55, 13: 0.37, 14: 0.21, 15: 0.13, 16: 0.08, 17: 0.05, 18: 0.04, 19: 0.04, 20: 0.12, 21: 0.24, 22: 0.41, 23: 0.53}}",False,15,0,0,5,4.0,13,,,14,11,250.1495640153901,-250.1495640153901,9,63.24375273202422,27.794396001710012,1661.7176251385558,0,0.15036291970691185,0.15036291970691185,0.15036291970691185,1.1,1.375,26.400000000000002,33.0,18.181818181818183,81.81818181818183,27.794396001710012,151.06523864895962,2,5.5,3,8,0,4,36.36363636363637,2.25,100.0,25.39590263514426,1.5570832023614298,23.83881943278283,11.211015962993153,18.849314490912555,11.377584046250627,44.299876267702615,22.58860000924378,50.020735833380485,17.012946623594242,4,36.36363636363637,,
20250516_143932,aca,54,,,,,,,,,,,2,1,13.4,20.9,39,600,60,80,"(6.0, 6.0)",0.71,3.0,0.26666666666666666,False,54,0.01,"{'type': 'hourly', 'hourly_rates': {0: 1.59, 1: 4.38, 2: 2.38, 3: 1.15, 4: 0.84, 5: 0.76, 6: 1.0, 7: 2.25, 8: 2.86, 9: 1.94, 10: 1.23, 11: 0.85, 12: 0.55, 13: 0.37, 14: 0.21, 15: 0.13, 16: 0.08, 17: 0.05, 18: 0.04, 19: 0.04, 20: 0.12, 21: 0.24, 22: 0.41, 23: 0.53}}",False,15,0,0,5,4.0,13,,,9,7,113.2859995074347,-113.2859995074347,6,45.891584249823836,18.880999917905783,1372.7972193384433,0,0.5748370660328384,0.5748370660328384,0.5748370660328384,0.7,0.875,16.799999999999997,21.0,14.285714285714285,85.71428571428571,18.880999917905783,196.11388847692047,2,3.5,3,4,1,2,28.57142857142857,2.0,100.0,8.9790360359233,9.887268637152852,-0.9082326012295514,11.741663734013851,16.45476851228443,16.779026963205816,40.02399307321082,28.520690697219667,56.47876158549525,8.322250698928514,1,14.285714285714285,,
20250516_143933,aca,55,,,,,,,,,,,2,1,13.4,20.9,39,600,60,80,"(6.0, 6.0)",0.71,3.0,0.26666666666666666,False,55,0.01,"{'type': 'hourly', 'hourly_rates': {0: 1.59, 1: 4.38, 2: 2.38, 3: 1.15, 4: 0.84, 5: 0.76, 6: 1.0, 7: 2.25, 8: 2.86, 9: 1.94, 10: 1.23, 11: 0.85, 12: 0.55, 13: 0.37, 14: 0.21, 15: 0.13, 16: 0.08, 17: 0.05, 18: 0.04, 19: 0.04, 20: 0.12, 21: 0.24, 22: 0.41, 23: 0.53}}",False,15,0,0,5,4.0,13,,,11,11,187.81535845823234,-187.81535845823234,7,49.87418826053346,26.83076549403319,2087.145341356481,0,0.06978777633075103,0.06978777633075103,0.06978777633075103,1.1,1.375,26.400000000000002,33.0,36.36363636363637,63.63636363636363,26.83076549403319,189.7404855778619,2,5.5,5,6,1,1,18.181818181818183,2.0,100.0,0.0,20.868373162025815,-20.868373162025815,13.228654269974276,21.88595859026904,21.480844445232265,54.47828273489358,34.70949871520654,70.87418826053346,2.5211042269400536,1,9.090909090909092,,
20250516_143933,aca,56,,,,,,,,,,,2,1,13.4,20.9,39,600,60,80,"(6.0, 6.0)",0.71,3.0,0.26666666666666666,False,56,0.01,"{'type': 'hourly', 'hourly_rates': {0: 1.59, 1: 4.38, 2: 2.38, 3: 1.15, 4: 0.84, 5: 0.76, 6: 1.0, 7: 2.25, 8: 2.86, 9: 1.94, 10: 1.23, 11: 0.85, 12: 0.55, 13: 0.37, 14: 0.21, 15: 0.13, 16: 0.08, 17: 0.05, 18: 0.04, 19: 0.04, 20: 0.12, 21: 0.24, 22: 0.41, 23: 0.53}}",False,15,0,0,5,4.0,13,,,10,6,210.47738212136136,-210.47738212136136,7,90.13072417475408,30.068197445908766,825.9267941728765,0,0.4291657746716042,0.4291657746716042,0.4291657746716042,0.6,0.75,14.399999999999999,18.0,-16.666666666666664,116.66666666666667,30.068197445908766,137.65446569547942,2,3.0,2,4,0,4,50.0,2.25,100.0,29.04449747862098,0.0,29.04449747862098,15.534348630915703,17.904820851693955,8.663487979121829,26.640319038881017,24.19783661003753,43.7720915123968,15.136636921503907,2,33.33333333333333,,
20250516_143933,aca,57,,,,,,,,,,,2,1,13.4,20.9,39,600,60,80,"(6.0, 6.0)",0.71,3.0,0.26666666666666666,False,57,0.01,"{'type': 'hourly', 'hourly_rates': {0: 1.59, 1: 4.38, 2: 2.38, 3: 1.15, 4: 0.84, 5: 0.76, 6: 1.0, 7: 2.25, 8: 2.86, 9: 1.94, 10: 1.23, 11: 0.85, 12: 0.55, 13: 0.37, 14: 0.21, 15: 0.13, 16: 0.08, 17: 0.05, 18: 0.04, 19: 0.04, 20: 0.12, 21: 0.24, 22: 0.41, 23: 0.53}}",False,15,0,0,5,4.0,13,,,12,11,84.80173540567367,-84.80173540567367,4,55.74059191955524,21.200433851418417,1234.7837796960573,0,0.3885698160175649,0.3885698160175649,0.3885698160175649,1.1,1.375,26.400000000000002,33.0,63.63636363636363,36.36363636363637,21.200433851418417,112.25307088145975,2,5.5,5,6,1,1,9.090909090909092,2.0,100.0,9.60374330674722,7.138354322876938,2.465388983870281,12.379666160712713,18.227635137720426,10.475128185758452,64.85102060310032,22.854794346471166,76.74059191955524,41.600375130529955,6,54.54545454545454,,
20250516_143934,aca,58,,,,,,,,,,,2,1,13.4,20.9,39,600,60,80,"(6.0, 6.0)",0.71,3.0,0.26666666666666666,False,58,0.01,"{'type': 'hourly', 'hourly_rates': {0: 1.59, 1: 4.38, 2: 2.38, 3: 1.15, 4: 0.84, 5: 0.76, 6: 1.0, 7: 2.25, 8: 2.86, 9: 1.94, 10: 1.23, 11: 0.85, 12: 0.55, 13: 0.37, 14: 0.21, 15: 0.13, 16: 0.08, 17: 0.05, 18: 0.04, 19: 0.04, 20: 0.12, 21: 0.24, 22: 0.41, 23: 0.53}}",False,15,0,0,5,4.0,13,,,15,13,180.84537437294597,-180.84537437294597,6,54.409623076099024,30.14089572882433,1468.5884375643266,0,0.5559089306479402,0.5559089306479402,0.5559089306479402,1.3,1.625,31.200000000000003,39.0,53.84615384615385,46.15384615384615,30.14089572882433,112.96834135110204,2,6.5,6,7,0,3,30.76923076923077,2.0,100.0,20.91906793477449,3.142865334226662,17.776202600547826,10.14835990045416,14.602652880719859,11.409798994594901,35.85574572949935,21.558158895049058,49.409623076099024,7.629531651831705,3,23.076923076923077,,
20250516_143934,aca,59,,,,,,,,,,,2,1,13.4,20.9,39,600,60,80,"(6.0, 6.0)",0.71,3.0,0.26666666666666666,False,59,0.01,"{'type': 'hourly', 'hourly_rates': {0: 1.59, 1: 4.38, 2: 2.38, 3: 1.15, 4: 0.84, 5: 0.76, 6: 1.0, 7: 2.25, 8: 2.86, 9: 1.94, 10: 1.23, 11: 0.85, 12: 0.55, 13: 0.37, 14: 0.21, 15: 0.13, 16: 0.08, 17: 0.05, 18: 0.04, 19: 0.04, 20: 0.12, 21: 0.24, 22: 0.41, 23: 0.53}}",False,15,0,0,5,4.0,13,,,17,13,426.6316742158727,-426.6316742158727,10,74.8134168809784,42.66316742158727,1396.4718653631262,0,0.23432523452513296,0.23432523452513296,0.23432523452513296,1.3,1.625,31.200000000000003,39.0,23.076923076923077,76.92307692307693,42.66316742158727,107.42091272024048,2,6.5,5,8,1,5,30.76923076923077,2.2,100.0,33.56642400189436,10.503265119781892,23.063158882112468,12.402326484334349,18.2773929406236,18.651759893201604,63.590728005427536,31.054086377535953,76.9916655318886,17.189853634670854,4,30.76923076923077,,
20250516_143934,aca,60,,,,,,,,,,,2,1,13.4,20.9,39,600,60,80,"(6.0, 6.0)",0.71,3.0,0.26666666666666666,False,60,0.01,"{'type': 'hourly', 'hourly_rates': {0: 1.59, 1: 4.38, 2: 2.38, 3: 1.15, 4: 0.84, 5: 0.76, 6: 1.0, 7: 2.25, 8: 2.86, 9: 1.94, 10: 1.23, 11: 0.85, 12: 0.55, 13: 0.37, 14: 0.21, 15: 0.13, 16: 0.08, 17: 0.05, 18: 0.04, 19: 0.04, 20: 0.12, 21: 0.24, 22: 0.41, 23: 0.53}}",False,15,0,0,5,4.0,13,,,7,7,13.416446474629481,-13.416446474629481,1,13.416446474629481,13.416446474629481,643.5138299525388,0,0.4605292318759108,0.4605292318759108,0.4605292318759108,0.7,0.875,16.799999999999997,21.0,85.71428571428571,14.285714285714285,13.416446474629481,91.93054713607697,2,3.5,1,6,0,0,0,0,0,0,0,0,12.656601682931418,18.85002114693401,3.735225043978878,16.56642532769547,16.391826726910296,35.41644647462948,31.680516638995968,4,57.14285714285714,,
20250516_143935,aca,61,,,,,,,,,,,2,1,13.4,20.9,39,600,60,80,"(6.0, 6.0)",0.71,3.0,0.26666666666666666,False,61,0.01,"{'type': 'hourly', 'hourly_rates': {0: 1.59, 1: 4.38, 2: 2.38, 3: 1.15, 4: 0.84, 5: 0.76, 6: 1.0, 7: 2.25, 8: 2.86, 9: 1.94, 10: 1.23, 11: 0.85, 12: 0.55, 13: 0.37, 14: 0.21, 15: 0.13, 16: 0.08, 17: 0.05, 18: 0.04, 19: 0.04, 20: 0.12, 21: 0.24, 22: 0.41, 23: 0.53}}",False,15,0,0,5,4.0,13,,,12,12,27.479546118382473,-27.479546118382473,3,12.474371593206712,9.159848706127491,580.9571509348042,0,0.25385037915185954,0.25385037915185954,0.25385037915185954,1.2,1.5,28.799999999999997,36.0,75.0,25.0,9.159848706127491,48.41309591123368,2,6.0,5,7,1,1,16.666666666666664,2.0,100.0,7.5025872625878804,1.2474371593206712,6.255150103267209,11.599429616835602,18.014898570393513,7.293556549301115,32.16509664308958,18.89298616613672,37.47437159320671,36.30708539265783,4,33.33333333333333,,
20250516_143935,aca,62,,,,,,,,,,,2,1,13.4,20.9,39,600,60,80,"(6.0, 6.0)",0.71,3.0,0.26666666666666666,False,62,0.01,"{'type': 'hourly', 'hourly_rates': {0: 1.59, 1: 4.38, 2: 2.38, 3: 1.15, 4: 0.84, 5: 0.76, 6: 1.0, 7: 2.25, 8: 2.86, 9: 1.94, 10: 1.23, 11: 0.85, 12: 0.55, 13: 0.37, 14: 0.21, 15: 0.13, 16: 0.08, 17: 0.05, 18: 0.04, 19: 0.04, 20: 0.12, 21: 0.24, 22: 0.41, 23: 0.53}}",False,15,0,0,5,4.0,13,,,11,9,166.38749054348028,-166.38749054348028,9,49.02723442500576,18.487498949275587,1510.5273487270993,0,0.4535421533788605,0.4535421533788605,0.4535421533788605,0.9,1.125,21.6,27.0,0.0,100.0,18.487498949275587,167.8363720807888,2,4.5,4,5,1,3,44.44444444444444,2.0,100.0,16.34445628461579,6.42912600482652,9.915330279789272,11.904809338474788,21.41563357030668,14.758805228600892,37.23487616844497,26.66361456707568,47.44608400927322,16.47245990385741,2,22.22222222222222,,
20250516_143935,aca,63,,,,,,,,,,,2,1,13.4,20.9,39,600,60,80,"(6.0, 6.0)",0.71,3.0,0.26666666666666666,False,63,0.01,"{'type': 'hourly', 'hourly_rates': {0: 1.59, 1: 4.38, 2: 2.38, 3: 1.15, 4: 0.84, 5: 0.76, 6: 1.0, 7: 2.25, 8: 2.86, 9: 1.94, 10: 1.23, 11: 0.85, 12: 0.55, 13: 0.37, 14: 0.21, 15: 0.13, 16: 0.08, 17: 0.05, 18: 0.04, 19: 0.04, 20: 0.12, 21: 0.24, 22: 0.41, 23: 0.53}}",False,15,0,0,5,4.0,13,,,12,10,151.61383114179225,-151.61383114179225,6,50.92206777906402,25.268971856965376,1375.4992523293254,0,0.2237658336117207,0.2237658336117207,0.2237658336117207,1.0,1.25,24.0,30.0,40.0,60.0,25.268971856965376,137.54992523293254,2,5.0,2,8,0,4,40.0,2.25,100.0,23.93782165929096,0.0,23.93782165929096,14.182044309113843,18.535051709784028,10.362589762931448,41.20527874274504,24.54463407204529,59.1817336951633,15.235542467647804,4,40.0,,
20250516_143936,aca,64,,,,,,,,,,,2,1,13.4,20.9,39,600,60,80,"(6.0, 6.0)",0.71,3.0,0.26666666666666666,False,64,0.01,"{'type': 'hourly', 'hourly_rates': {0: 1.59, 1: 4.38, 2: 2.38, 3: 1.15, 4: 0.84, 5: 0.76, 6: 1.0, 7: 2.25, 8: 2.86, 9: 1.94, 10: 1.23, 11: 0.85, 12: 0.55, 13: 0.37, 14: 0.21, 15: 0.13, 16: 0.08, 17: 0.05, 18: 0.04, 19: 0.04, 20: 0.12, 21: 0.24, 22: 0.41, 23: 0.53}}",False,15,0,0,5,4.0,13,,,16,8,1204.131966300073,-1204.1319663000731,14,184.33037744154905,86.00942616429093,2557.8914730695706,0,0.036492232385138205,0.036492232385138205,0.036492232385138205,0.8,1.0,19.200000000000003,24.0,-75.0,175.0,86.00942616429093,319.7364341336963,2,4.0,2,6,0,8,62.5,2.625,100.0,75.42125265648136,3.047550771323818,72.37370188515754,10.027500801538592,18.468071783869842,38.12024581075855,115.23484995820621,48.14774661229714,122.89695182979574,9.468071783869842,1,12.5,,
20250516_143936,aca,65,,,,,,,,,,,2,1,13.4,20.9,39,600,60,80,"(6.0, 6.0)",0.71,3.0,0.26666666666666666,False,65,0.01,"{'type': 'hourly', 'hourly_rates': {0: 1.59, 1: 4.38, 2: 2.38, 3: 1.15, 4: 0.84, 5: 0.76, 6: 1.0, 7: 2.25, 8: 2.86, 9: 1.94, 10: 1.23, 11: 0.85, 12: 0.55, 13: 0.37, 14: 0.21, 15: 0.13, 16: 0.08, 17: 0.05, 18: 0.04, 19: 0.04, 20: 0.12, 21: 0.24, 22: 0.41, 23: 0.53}}",False,15,0,0,5,4.0,13,,,17,15,66.16689887227264,-66.16689887227264,6,21.969680515423505,11.027816478712106,1192.8760144057774,0,0.33955363631752594,0.33955363631752594,0.33955363631752594,1.5,1.875,36.0,45.0,60.0,40.0,11.027816478712106,79.52506762705183,2,7.5,6,9,0,2,13.333333333333334,2.0,100.0,10.984840257711753,2.4937828055623843,8.491057452149368,12.179395430526398,24.14162089048675,8.58281628886822,31.27752535240876,20.762211719394617,35.969680515423505,22.870231728649145,4,26.666666666666668,,
20250516_143937,aca,66,,,,,,,,,,,2,1,13.4,20.9,39,600,60,80,"(6.0, 6.0)",0.71,3.0,0.26666666666666666,False,66,0.01,"{'type': 'hourly', 'hourly_rates': {0: 1.59, 1: 4.38, 2: 2.38, 3: 1.15, 4: 0.84, 5: 0.76, 6: 1.0, 7: 2.25, 8: 2.86, 9: 1.94, 10: 1.23, 11: 0.85, 12: 0.55, 13: 0.37, 14: 0.21, 15: 0.13, 16: 0.08, 17: 0.05, 18: 0.04, 19: 0.04, 20: 0.12, 21: 0.24, 22: 0.41, 23: 0.53}}",False,15,0,0,5,4.0,13,,,16,14,128.08436259928544,-128.08436259928544,8,35.523310943937986,16.01054532491068,1173.0729338912108,0,0.3887537347605795,0.3887537347605795,0.3887537347605795,1.4,1.75,33.599999999999994,42.0,42.857142857142854,57.14285714285714,16.01054532491068,83.7909238493722,2,7.0,6,8,1,2,14.285714285714285,2.0,100.0,19.18297612593591,4.902578842767483,14.280397283168426,13.54275212697107,21.51278231748637,12.761987295829462,50.35858467218566,26.304739422800534,58.523310943937986,33.52212151614081,4,28.57142857142857,,
20250516_143937,aca,67,,,,,,,,,,,2,1,13.4,20.9,39,600,60,80,"(6.0, 6.0)",0.71,3.0,0.26666666666666666,False,67,0.01,"{'type': 'hourly', 'hourly_rates': {0: 1.59, 1: 4.38, 2: 2.38, 3: 1.15, 4: 0.84, 5: 0.76, 6: 1.0, 7: 2.25, 8: 2.86, 9: 1.94, 10: 1.23, 11: 0.85, 12: 0.55, 13: 0.37, 14: 0.21, 15: 0.13, 16: 0.08, 17: 0.05, 18: 0.04, 19: 0.04, 20: 0.12, 21: 0.24, 22: 0.41, 23: 0.53}}",False,15,0,0,5,4.0,13,,,10,9,63.26947459794464,-63.26947459794464,4,27.24773227978318,15.81736864948616,1063.0231660606198,0,0.2146431959442093,0.2146431959442093,0.2146431959442093,0.9,1.125,21.6,27.0,55.55555555555556,44.44444444444444,15.81736864948616,118.11368511784664,2,4.5,2,7,0,1,11.11111111111111,2.0,100.0,27.24773227978318,2.6121046750415076,24.63562760474167,10.421994748997706,18.62925187589079,10.315764214814173,26.394882072857683,20.73775896381188,38.16633403787897,11.166570383762153,2,22.22222222222222,,
20250516_143937,aca,68,,,,,,,,,,,2,1,13.4,20.9,39,600,60,80,"(6.0, 6.0)",0.71,3.0,0.26666666666666666,False,68,0.01,"{'type': 'hourly', 'hourly_rates': {0: 1.59, 1: 4.38, 2: 2.38, 3: 1.15, 4: 0.84, 5: 0.76, 6: 1.0, 7: 2.25, 8: 2.86, 9: 1.94, 10: 1.23, 11: 0.85, 12: 0.55, 13: 0.37, 14: 0.21, 15: 0.13, 16: 0.08, 17: 0.05, 18: 0.04, 19: 0.04, 20: 0.12, 21: 0.24, 22: 0.41, 23: 0.53}}",False,15,0,0,5,4.0,13,,,12,10,192.43621692500824,-192.43621692500824,7,79.01017593465627,27.490888132144033,1665.2755421595095,0,0.1753666999883562,0.1753666999883562,0.1753666999883562,1.0,1.25,24.0,30.0,30.0,70.0,27.490888132144033,166.52755421595094,2,5.0,4,6,1,4,50.0,2.0,100.0,31.62586228969486,0.0,31.62586228969486,13.733650751984976,23.555211437256304,16.669046384550203,91.74054788284607,30.402697136535174,106.01017593465627,10.345401161053722,3,30.0,,
20250516_143938,aca,69,,,,,,,,,,,2,1,13.4,20.9,39,600,60,80,"(6.0, 6.0)",0.71,3.0,0.26666666666666666,False,69,0.01,"{'type': 'hourly', 'hourly_rates': {0: 1.59, 1: 4.38, 2: 2.38, 3: 1.15, 4: 0.84, 5: 0.76, 6: 1.0, 7: 2.25, 8: 2.86, 9: 1.94, 10: 1.23, 11: 0.85, 12: 0.55, 13: 0.37, 14: 0.21, 15: 0.13, 16: 0.08, 17: 0.05, 18: 0.04, 19: 0.04, 20: 0.12, 21: 0.24, 22: 0.41, 23: 0.53}}",False,15,0,0,5,4.0,13,,,13,11,207.61548517726376,-207.61548517726376,7,79.86152271118965,29.659355025323396,1581.4992680391483,0,0.3173937942076235,0.3173937942076235,0.3173937942076235,1.1,1.375,26.400000000000002,33.0,36.36363636363637,63.63636363636363,29.659355025323396,143.77266073083166,2,5.5,5,6,0,2,9.090909090909092,2.5,100.0,40.258070887854586,11.642909218728724,28.61516166912586,12.804363780187048,21.412870900379062,15.860258860033507,94.61748473136572,28.664622640220557,100.86152271118965,18.22222036639639,4,36.36363636363637,,
20250516_143938,aca,70,,,,,,,,,,,2,1,13.4,20.9,39,600,60,80,"(6.0, 6.0)",0.71,3.0,0.26666666666666666,False,70,0.01,"{'type': 'hourly', 'hourly_rates': {0: 1.59, 1: 4.38, 2: 2.38, 3: 1.15, 4: 0.84, 5: 0.76, 6: 1.0, 7: 2.25, 8: 2.86, 9: 1.94, 10: 1.23, 11: 0.85, 12: 0.55, 13: 0.37, 14: 0.21, 15: 0.13, 16: 0.08, 17: 0.05, 18: 0.04, 19: 0.04, 20: 0.12, 21: 0.24, 22: 0.41, 23: 0.53}}",False,15,0,0,5,4.0,13,,,16,10,558.8291698071688,-558.8291698071688,14,87.28974655765379,39.91636927194063,1829.6677361163,0,0.062240672307707676,0.062240672307707676,0.062240672307707676,1.0,1.25,24.0,30.0,-40.0,140.0,39.91636927194063,182.96677361163,2,5.0,5,5,1,6,60.0,2.0,100.0,41.83636660061766,18.25513018936544,23.58123641125222,13.110825135412885,18.32225240464109,29.659412541730166,78.62370938990108,42.770237677143044,90.07980429615725,14.083243349479641,1,10.0,,
20250516_143939,aca,71,,,,,,,,,,,2,1,13.4,20.9,39,600,60,80,"(6.0, 6.0)",0.71,3.0,0.26666666666666666,False,71,0.01,"{'type': 'hourly', 'hourly_rates': {0: 1.59, 1: 4.38, 2: 2.38, 3: 1.15, 4: 0.84, 5: 0.76, 6: 1.0, 7: 2.25, 8: 2.86, 9: 1.94, 10: 1.23, 11: 0.85, 12: 0.55, 13: 0.37, 14: 0.21, 15: 0.13, 16: 0.08, 17: 0.05, 18: 0.04, 19: 0.04, 20: 0.12, 21: 0.24, 22: 0.41, 23: 0.53}}",False,15,0,0,5,4.0,13,,,16,13,377.9387316018875,-377.9387316018875,13,95.0123203236912,29.072210123222117,3081.6499138099766,0,0.18927832449502366,0.18927832449502366,0.18927832449502366,1.3,1.625,31.200000000000003,39.0,0.0,100.0,29.072210123222117,237.0499933699982,2,6.5,6,7,1,5,38.46153846153847,2.2,100.0,36.74035611891312,7.708344690166809,29.03201142874631,12.86901823957285,18.318694775793574,18.90012438286022,87.86227777107203,31.76914262243307,102.0123203236912,9.179568667072658,3,23.076923076923077,,
20250516_143939,aca,72,,,,,,,,,,,2,1,13.4,20.9,39,600,60,80,"(6.0, 6.0)",0.71,3.0,0.26666666666666666,False,72,0.01,"{'type': 'hourly', 'hourly_rates': {0: 1.59, 1: 4.38, 2: 2.38, 3: 1.15, 4: 0.84, 5: 0.76, 6: 1.0, 7: 2.25, 8: 2.86, 9: 1.94, 10: 1.23, 11: 0.85, 12: 0.55, 13: 0.37, 14: 0.21, 15: 0.13, 16: 0.08, 17: 0.05, 18: 0.04, 19: 0.04, 20: 0.12, 21: 0.24, 22: 0.41, 23: 0.53}}",False,15,0,0,5,4.0,13,,,11,11,26.501308898720993,-26.501308898720993,2,22.359978285638533,13.250654449360496,1098.9089412885298,0,0.2543013234597335,0.2543013234597335,0.2543013234597335,1.1,1.375,26.400000000000002,33.0,81.81818181818183,18.181818181818183,13.250654449360496,99.9008128444118,2,5.5,4,7,0,0,0,0,0,0,0,0,13.2064113190443,20.962578643474387,5.574950678111637,21.730225783682954,18.78136199715594,40.35997828563853,17.902627727532902,4,36.36363636363637,,
20250516_143939,aca,73,,,,,,,,,,,2,1,13.4,20.9,39,600,60,80,"(6.0, 6.0)",0.71,3.0,0.26666666666666666,False,73,0.01,"{'type': 'hourly', 'hourly_rates': {0: 1.59, 1: 4.38, 2: 2.38, 3: 1.15, 4: 0.84, 5: 0.76, 6: 1.0, 7: 2.25, 8: 2.86, 9: 1.94, 10: 1.23, 11: 0.85, 12: 0.55, 13: 0.37, 14: 0.21, 15: 0.13, 16: 0.08, 17: 0.05, 18: 0.04, 19: 0.04, 20: 0.12, 21: 0.24, 22: 0.41, 23: 0.53}}",False,15,0,0,5,4.0,13,,,15,12,208.0025619494826,-208.0025619494826,9,53.81801040160249,23.111395772164734,1287.0246369019515,0,0.1933992598487189,0.1933992598487189,0.1933992598487189,1.2,1.5,28.799999999999997,36.0,25.0,75.0,23.111395772164734,107.25205307516262,2,6.0,6,6,0,4,33.33333333333333,2.25,100.0,16.258859419729344,6.7557986283133715,9.503060791415972,14.62637299879605,24.987670002712193,10.247164474042332,36.87762356340913,24.873537472838382,48.83516342541678,43.00178308976368,4,33.33333333333333,,
20250516_143940,aca,74,,,,,,,,,,,2,1,13.4,20.9,39,600,60,80,"(6.0, 6.0)",0.71,3.0,0.26666666666666666,False,74,0.01,"{'type': 'hourly', 'hourly_rates': {0: 1.59, 1: 4.38, 2: 2.38, 3: 1.15, 4: 0.84, 5: 0.76, 6: 1.0, 7: 2.25, 8: 2.86, 9: 1.94, 10: 1.23, 11: 0.85, 12: 0.55, 13: 0.37, 14: 0.21, 15: 0.13, 16: 0.08, 17: 0.05, 18: 0.04, 19: 0.04, 20: 0.12, 21: 0.24, 22: 0.41, 23: 0.53}}",False,15,0,0,5,4.0,13,,,15,10,330.1837541099337,-330.18375410993366,12,85.55919081468372,27.515312842494478,1292.4176071185007,0,0.3024329854810634,0.3024329854810634,0.3024329854810634,1.0,1.25,24.0,30.0,-20.0,120.0,27.515312842494478,129.24176071185008,2,5.0,4,6,1,6,40.0,2.3333333333333335,100.0,27.011009096739805,3.1121703148763373,23.898838781863468,14.97259080133326,22.871027864788857,11.431664350967452,42.98064298131018,26.40425515230071,51.45522561515091,34.70354635193312,4,40.0,,
20250516_143940,aca,75,,,,,,,,,,,2,1,13.4,20.9,39,600,60,80,"(6.0, 6.0)",0.71,3.0,0.26666666666666666,False,75,0.01,"{'type': 'hourly', 'hourly_rates': {0: 1.59, 1: 4.38, 2: 2.38, 3: 1.15, 4: 0.84, 5: 0.76, 6: 1.0, 7: 2.25, 8: 2.86, 9: 1.94, 10: 1.23, 11: 0.85, 12: 0.55, 13: 0.37, 14: 0.21, 15: 0.13, 16: 0.08, 17: 0.05, 18: 0.04, 19: 0.04, 20: 0.12, 21: 0.24, 22: 0.41, 23: 0.53}}",False,15,0,0,5,4.0,13,,,12,10,171.92475654125496,-171.92475654125496,6,49.584917392891214,28.65412609020916,1412.8699039663766,0,0.6187026245710269,0.6187026245710269,0.6187026245710269,1.0,1.25,24.0,30.0,40.0,60.0,28.65412609020916,141.28699039663766,2,5.0,5,5,1,2,20.0,2.0,100.0,35.580033944543544,7.420216588895514,28.15981735564803,13.758773690765352,18.87484274895189,12.172776824062085,40.188334937834156,25.93155051482744,56.71211044067206,13.251712728154681,4,40.0,,
20250516_143940,aca,76,,,,,,,,,,,2,1,13.4,20.9,39,600,60,80,"(6.0, 6.0)",0.71,3.0,0.26666666666666666,False,76,0.01,"{'type': 'hourly', 'hourly_rates': {0: 1.59, 1: 4.38, 2: 2.38, 3: 1.15, 4: 0.84, 5: 0.76, 6: 1.0, 7: 2.25, 8: 2.86, 9: 1.94, 10: 1.23, 11: 0.85, 12: 0.55, 13: 0.37, 14: 0.21, 15: 0.13, 16: 0.08, 17: 0.05, 18: 0.04, 19: 0.04, 20: 0.12, 21: 0.24, 22: 0.41, 23: 0.53}}",False,15,0,0,5,4.0,13,,,6,6,28.36890585807359,-28.36890585807359,3,11.166482327598715,9.456301952691197,680.2128693182892,0,0.5618171533490248,0.5618171533490248,0.5618171533490248,0.6,0.75,14.399999999999999,18.0,50.0,50.0,9.456301952691197,113.3688115530482,2,3.0,2,4,1,0,0,0,0,0,0,0,13.241652385065764,17.571003546104652,9.579301407023125,20.0275165575718,22.82095379208889,32.14197325323951,9.724286668071063,2,33.33333333333333,,
20250516_143941,aca,77,,,,,,,,,,,2,1,13.4,20.9,39,600,60,80,"(6.0, 6.0)",0.71,3.0,0.26666666666666666,False,77,0.01,"{'type': 'hourly', 'hourly_rates': {0: 1.59, 1: 4.38, 2: 2.38, 3: 1.15, 4: 0.84, 5: 0.76, 6: 1.0, 7: 2.25, 8: 2.86, 9: 1.94, 10: 1.23, 11: 0.85, 12: 0.55, 13: 0.37, 14: 0.21, 15: 0.13, 16: 0.08, 17: 0.05, 18: 0.04, 19: 0.04, 20: 0.12, 21: 0.24, 22: 0.41, 23: 0.53}}",False,15,0,0,5,4.0,13,,,20,14,255.29577820505634,-255.29577820505634,12,44.88513002630191,21.274648183754696,2535.953822571001,0,0.11891689070444073,0.11891689070444073,0.11891689070444073,1.4,1.75,33.599999999999994,42.0,14.285714285714285,85.71428571428571,21.274648183754696,181.1395587550715,2,7.0,5,9,0,4,14.285714285714285,2.25,100.0,29.87335363003436,7.842122264430851,22.031231365603507,12.147445196999671,18.83302955267561,15.534473901701775,44.83440225912682,27.681919098701446,56.88513002630191,12.976765285499608,3,21.428571428571427,,
20250516_143941,aca,78,,,,,,,,,,,2,1,13.4,20.9,39,600,60,80,"(6.0, 6.0)",0.71,3.0,0.26666666666666666,False,78,0.01,"{'type': 'hourly', 'hourly_rates': {0: 1.59, 1: 4.38, 2: 2.38, 3: 1.15, 4: 0.84, 5: 0.76, 6: 1.0, 7: 2.25, 8: 2.86, 9: 1.94, 10: 1.23, 11: 0.85, 12: 0.55, 13: 0.37, 14: 0.21, 15: 0.13, 16: 0.08, 17: 0.05, 18: 0.04, 19: 0.04, 20: 0.12, 21: 0.24, 22: 0.41, 23: 0.53}}",False,15,0,0,5,4.0,13,,,7,6,149.37389576584084,-149.37389576584084,5,97.2727910408189,29.87477915316817,1500.1148154756231,0,0.3568535106481818,0.3568535106481818,0.3568535106481818,0.6,0.75,14.399999999999999,18.0,16.666666666666664,83.33333333333334,29.87477915316817,250.01913591260384,2,3.0,2,4,0,1,16.666666666666664,2.0,100.0,10.040432772307895,8.412134390542809,1.6282983817650862,13.506997709194069,16.9619316504797,10.663362287586018,26.909889963802286,24.17035999678009,43.066006200701054,2.377898511775811,1,16.666666666666664,,
20250516_143941,aca,79,,,,,,,,,,,2,1,13.4,20.9,39,600,60,80,"(6.0, 6.0)",0.71,3.0,0.26666666666666666,False,79,0.01,"{'type': 'hourly', 'hourly_rates': {0: 1.59, 1: 4.38, 2: 2.38, 3: 1.15, 4: 0.84, 5: 0.76, 6: 1.0, 7: 2.25, 8: 2.86, 9: 1.94, 10: 1.23, 11: 0.85, 12: 0.55, 13: 0.37, 14: 0.21, 15: 0.13, 16: 0.08, 17: 0.05, 18: 0.04, 19: 0.04, 20: 0.12, 21: 0.24, 22: 0.41, 23: 0.53}}",False,15,0,0,5,4.0,13,,,17,15,184.4268631386002,-184.4268631386002,9,55.87157069504981,20.49187368206669,1630.1413384419036,0,0.20054423109219396,0.20054423109219396,0.20054423109219396,1.5,1.875,36.0,45.0,40.0,60.0,20.49187368206669,108.67608922946025,2,7.5,7,8,1,2,13.333333333333334,2.0,100.0,15.710927388254163,8.75506747821398,6.955859910040182,13.103107718291167,20.595990981159446,13.697246603833095,62.67795689432319,26.80035432212426,75.87157069504981,22.906746209439802,4,26.666666666666668,,
20250516_143942,aca,80,,,,,,,,,,,2,1,13.4,20.9,39,600,60,80,"(6.0, 6.0)",0.71,3.0,0.26666666666666666,False,80,0.01,"{'type': 'hourly', 'hourly_rates': {0: 1.59, 1: 4.38, 2: 2.38, 3: 1.15, 4: 0.84, 5: 0.76, 6: 1.0, 7: 2.25, 8: 2.86, 9: 1.94, 10: 1.23, 11: 0.85, 12: 0.55, 13: 0.37, 14: 0.21, 15: 0.13, 16: 0.08, 17: 0.05, 18: 0.04, 19: 0.04, 20: 0.12, 21: 0.24, 22: 0.41, 23: 0.53}}",False,15,0,0,5,4.0,13,,,16,12,232.84501931789742,-232.84501931789742,10,90.42824574409786,23.28450193178974,1304.453865470374,0,0.30468306236077475,0.30468306236077475,0.30468306236077475,1.2,1.5,28.799999999999997,36.0,16.666666666666664,83.33333333333334,23.28450193178974,108.70448878919784,2,6.0,4,8,0,5,41.66666666666667,2.2,100.0,15.121417911922691,14.728088790404042,0.39332912151864896,15.084459986074092,28.84741953073518,16.624287995746865,106.0401576236039,31.708747981820952,112.42824574409786,39.891605378552555,5,41.66666666666667,,
20250516_143942,aca,81,,,,,,,,,,,2,1,13.4,20.9,39,600,60,80,"(6.0, 6.0)",0.71,3.0,0.26666666666666666,False,81,0.01,"{'type': 'hourly', 'hourly_rates': {0: 1.59, 1: 4.38, 2: 2.38, 3: 1.15, 4: 0.84, 5: 0.76, 6: 1.0, 7: 2.25, 8: 2.86, 9: 1.94, 10: 1.23, 11: 0.85, 12: 0.55, 13: 0.37, 14: 0.21, 15: 0.13, 16: 0.08, 17: 0.05, 18: 0.04, 19: 0.04, 20: 0.12, 21: 0.24, 22: 0.41, 23: 0.53}}",False,15,0,0,5,4.0,13,,,8,8,14.587783190215816,-14.587783190215816,3,7.602219417748529,4.862594396738605,836.8508749020335,0,0.5306982199091507,0.5306982199091507,0.5306982199091507,0.8,1.0,19.200000000000003,24.0,62.5,37.5,4.862594396738605,104.60635936275419,2,4.0,3,5,1,0,0,0,0,0,0,0,13.184690569275062,22.674632683380082,5.4618184199565745,20.451642983586737,18.646508989231638,33.60221941774853,27.978035562677324,3,37.5,,
20250516_143942,aca,82,,,,,,,,,,,2,1,13.4,20.9,39,600,60,80,"(6.0, 6.0)",0.71,3.0,0.26666666666666666,False,82,0.01,"{'type': 'hourly', 'hourly_rates': {0: 1.59, 1: 4.38, 2: 2.38, 3: 1.15, 4: 0.84, 5: 0.76, 6: 1.0, 7: 2.25, 8: 2.86, 9: 1.94, 10: 1.23, 11: 0.85, 12: 0.55, 13: 0.37, 14: 0.21, 15: 0.13, 16: 0.08, 17: 0.05, 18: 0.04, 19: 0.04, 20: 0.12, 21: 0.24, 22: 0.41, 23: 0.53}}",False,15,0,0,5,4.0,13,,,12,12,81.12795815822142,-81.12795815822142,4,40.34129517707214,20.281989539555354,1119.158819103474,0,0.5605614824748957,0.5605614824748957,0.5605614824748957,1.2,1.5,28.799999999999997,36.0,66.66666666666666,33.33333333333333,20.281989539555354,93.2632349252895,2,6.0,4,8,0,1,16.666666666666664,2.0,100.0,5.375264111057788,7.037742993610584,-1.6624788825527954,13.22977340449698,18.207457470191514,12.221338779811655,51.386644877923175,25.45111218430863,69.34129517707214,23.863866394733357,5,41.66666666666667,,
20250516_143943,aca,83,,,,,,,,,,,2,1,13.4,20.9,39,600,60,80,"(6.0, 6.0)",0.71,3.0,0.26666666666666666,False,83,0.01,"{'type': 'hourly', 'hourly_rates': {0: 1.59, 1: 4.38, 2: 2.38, 3: 1.15, 4: 0.84, 5: 0.76, 6: 1.0, 7: 2.25, 8: 2.86, 9: 1.94, 10: 1.23, 11: 0.85, 12: 0.55, 13: 0.37, 14: 0.21, 15: 0.13, 16: 0.08, 17: 0.05, 18: 0.04, 19: 0.04, 20: 0.12, 21: 0.24, 22: 0.41, 23: 0.53}}",False,15,0,0,5,4.0,13,,,14,9,414.6410454339933,-414.6410454339933,9,60.170163344062075,46.0712272704437,1259.7351033732887,0,0.32988701870787945,0.32988701870787945,0.32988701870787945,0.9,1.125,21.6,27.0,0.0,100.0,46.0712272704437,139.97056704147653,2,4.5,4,5,0,8,55.55555555555556,2.625,100.0,37.87220695550957,0.0,37.87220695550957,13.038288670463961,20.411036619882765,17.383114263775557,49.462138745343594,30.42140293423952,64.58294705995343,18.90030585836408,4,44.44444444444444,,
20250516_143943,aca,84,,,,,,,,,,,2,1,13.4,20.9,39,600,60,80,"(6.0, 6.0)",0.71,3.0,0.26666666666666666,False,84,0.01,"{'type': 'hourly', 'hourly_rates': {0: 1.59, 1: 4.38, 2: 2.38, 3: 1.15, 4: 0.84, 5: 0.76, 6: 1.0, 7: 2.25, 8: 2.86, 9: 1.94, 10: 1.23, 11: 0.85, 12: 0.55, 13: 0.37, 14: 0.21, 15: 0.13, 16: 0.08, 17: 0.05, 18: 0.04, 19: 0.04, 20: 0.12, 21: 0.24, 22: 0.41, 23: 0.53}}",False,15,0,0,5,4.0,13,,,12,10,271.3616568852537,-271.36165688525375,11,83.58467326678628,24.669241535023062,2860.7893166514823,0,0.14104358450515578,0.14104358450515578,0.14104358450515578,1.0,1.25,24.0,30.0,-10.0,110.00000000000001,24.669241535023062,286.0789316651482,2,5.0,4,6,0,2,20.0,2.0,100.0,47.04751628257988,10.692733243978445,36.35478303860143,12.150161845785266,24.784322038411844,16.031628161632494,46.698685995279206,28.18179000741776,55.02080383343193,11.80091918181516,3,30.0,,
20250516_143943,aca,85,,,,,,,,,,,2,1,13.4,20.9,39,600,60,80,"(6.0, 6.0)",0.71,3.0,0.26666666666666666,False,85,0.01,"{'type': 'hourly', 'hourly_rates': {0: 1.59, 1: 4.38, 2: 2.38, 3: 1.15, 4: 0.84, 5: 0.76, 6: 1.0, 7: 2.25, 8: 2.86, 9: 1.94, 10: 1.23, 11: 0.85, 12: 0.55, 13: 0.37, 14: 0.21, 15: 0.13, 16: 0.08, 17: 0.05, 18: 0.04, 19: 0.04, 20: 0.12, 21: 0.24, 22: 0.41, 23: 0.53}}",False,15,0,0,5,4.0,13,,,14,10,312.9552586289013,-312.9552586289013,9,82.38875969492852,34.77280651432236,1352.51034911321,0,0.23246991855155766,0.23246991855155766,0.23246991855155766,1.0,1.25,24.0,30.0,10.0,90.0,34.77280651432236,135.251034911321,2,5.0,4,6,0,6,40.0,2.3333333333333335,100.0,19.633549381502284,1.2716149518815716,18.361934429620714,13.202679322698966,26.74700497826278,6.301046148671566,19.302837952795784,19.503725471370537,27.75255719401642,18.883328765331818,3,30.0,,
20250516_143944,aca,86,,,,,,,,,,,2,1,13.4,20.9,39,600,60,80,"(6.0, 6.0)",0.71,3.0,0.26666666666666666,False,86,0.01,"{'type': 'hourly', 'hourly_rates': {0: 1.59, 1: 4.38, 2: 2.38, 3: 1.15, 4: 0.84, 5: 0.76, 6: 1.0, 7: 2.25, 8: 2.86, 9: 1.94, 10: 1.23, 11: 0.85, 12: 0.55, 13: 0.37, 14: 0.21, 15: 0.13, 16: 0.08, 17: 0.05, 18: 0.04, 19: 0.04, 20: 0.12, 21: 0.24, 22: 0.41, 23: 0.53}}",False,15,0,0,5,4.0,13,,,16,13,121.76706483724922,-121.76706483724922,10,24.868517741353315,12.176706483724923,1931.949890816208,0,0.2536573655785678,0.2536573655785678,0.2536573655785678,1.3,1.625,31.200000000000003,39.0,23.076923076923077,76.92307692307693,12.176706483724923,148.61153006278522,2,6.5,6,7,1,2,7.6923076923076925,2.5,100.0,24.868517741353315,5.746800150269531,19.121717591083783,14.524114869029692,28.642333482210887,9.806677140911354,25.553681613124922,24.33079200994105,42.20890583323566,15.210447388961498,3,23.076923076923077,,
20250516_143944,aca,87,,,,,,,,,,,2,1,13.4,20.9,39,600,60,80,"(6.0, 6.0)",0.71,3.0,0.26666666666666666,False,87,0.01,"{'type': 'hourly', 'hourly_rates': {0: 1.59, 1: 4.38, 2: 2.38, 3: 1.15, 4: 0.84, 5: 0.76, 6: 1.0, 7: 2.25, 8: 2.86, 9: 1.94, 10: 1.23, 11: 0.85, 12: 0.55, 13: 0.37, 14: 0.21, 15: 0.13, 16: 0.08, 17: 0.05, 18: 0.04, 19: 0.04, 20: 0.12, 21: 0.24, 22: 0.41, 23: 0.53}}",False,15,0,0,5,4.0,13,,,12,11,141.47962562049776,-141.47962562049776,7,59.35205937078064,20.211375088642537,1241.6861520192704,0,0.2905559757514348,0.2905559757514348,0.2905559757514348,1.1,1.375,26.400000000000002,33.0,36.36363636363637,63.63636363636363,20.211375088642537,112.88055927447913,2,5.5,5,6,1,1,9.090909090909092,2.0,100.0,28.064454633161233,11.18020084958073,16.884253783580505,12.191151774198635,22.42655886899233,18.589639009317384,74.4311610309567,30.780790783516014,83.35205937078064,22.829796835041307,3,27.27272727272727,,
20250516_143945,aca,88,,,,,,,,,,,2,1,13.4,20.9,39,600,60,80,"(6.0, 6.0)",0.71,3.0,0.26666666666666666,False,88,0.01,"{'type': 'hourly', 'hourly_rates': {0: 1.59, 1: 4.38, 2: 2.38, 3: 1.15, 4: 0.84, 5: 0.76, 6: 1.0, 7: 2.25, 8: 2.86, 9: 1.94, 10: 1.23, 11: 0.85, 12: 0.55, 13: 0.37, 14: 0.21, 15: 0.13, 16: 0.08, 17: 0.05, 18: 0.04, 19: 0.04, 20: 0.12, 21: 0.24, 22: 0.41, 23: 0.53}}",False,15,0,0,5,4.0,13,,,17,11,387.8142508516512,-387.8142508516512,11,152.7464803938103,35.255840986513746,1655.8988087196312,0,0.4074747677055864,0.4074747677055864,0.4074747677055864,1.1,1.375,26.400000000000002,33.0,0.0,100.0,35.255840986513746,150.5362553381483,2,5.5,4,7,1,6,36.36363636363637,2.6666666666666665,100.0,29.514846494387484,0.17850896829975632,29.33633752608773,15.991903417469473,26.622298815566978,4.3324848283386945,14.501832117559047,20.324388245808166,27.249562778098294,35.89426145753496,4,36.36363636363637,,
20250516_143945,aca,89,,,,,,,,,,,2,1,13.4,20.9,39,600,60,80,"(6.0, 6.0)",0.71,3.0,0.26666666666666666,False,89,0.01,"{'type': 'hourly', 'hourly_rates': {0: 1.59, 1: 4.38, 2: 2.38, 3: 1.15, 4: 0.84, 5: 0.76, 6: 1.0, 7: 2.25, 8: 2.86, 9: 1.94, 10: 1.23, 11: 0.85, 12: 0.55, 13: 0.37, 14: 0.21, 15: 0.13, 16: 0.08, 17: 0.05, 18: 0.04, 19: 0.04, 20: 0.12, 21: 0.24, 22: 0.41, 23: 0.53}}",False,15,0,0,5,4.0,13,,,16,13,212.28017406490875,-212.28017406490872,9,38.282131430717996,23.586686007212084,1256.6809218612948,0,0.18053463862556612,0.18053463862556612,0.18053463862556612,1.3,1.625,31.200000000000003,39.0,30.76923076923077,69.23076923076923,23.586686007212084,96.6677632200996,2,6.5,6,7,1,4,30.76923076923077,2.0,100.0,30.350508627265953,4.313061795712489,26.037446831553464,11.416079002726123,16.49693164120481,14.423490326585831,47.706512033547334,25.839569329311953,58.12532628640784,17.577552796187433,3,23.076923076923077,,
20250516_143945,aca,90,,,,,,,,,,,2,1,13.4,20.9,39,600,60,80,"(6.0, 6.0)",0.71,3.0,0.26666666666666666,False,90,0.01,"{'type': 'hourly', 'hourly_rates': {0: 1.59, 1: 4.38, 2: 2.38, 3: 1.15, 4: 0.84, 5: 0.76, 6: 1.0, 7: 2.25, 8: 2.86, 9: 1.94, 10: 1.23, 11: 0.85, 12: 0.55, 13: 0.37, 14: 0.21, 15: 0.13, 16: 0.08, 17: 0.05, 18: 0.04, 19: 0.04, 20: 0.12, 21: 0.24, 22: 0.41, 23: 0.53}}",False,15,0,0,5,4.0,13,,,9,9,5.140258879622877,-5.140258879622877,1,5.140258879622877,5.140258879622877,730.9947936159685,0,0.5681552989398231,0.5681552989398231,0.5681552989398231,0.9,1.125,21.6,27.0,88.88888888888889,11.11111111111111,5.140258879622877,81.22164373510762,2,4.5,3,6,0,0,0,0,0,0,0,0,13.103199843072916,18.984525671770598,3.719990115301668,14.155733207852279,16.823189958374584,33.14025887962288,34.29032832553018,6,66.66666666666666,,
20250516_143946,aca,91,,,,,,,,,,,2,1,13.4,20.9,39,600,60,80,"(6.0, 6.0)",0.71,3.0,0.26666666666666666,False,91,0.01,"{'type': 'hourly', 'hourly_rates': {0: 1.59, 1: 4.38, 2: 2.38, 3: 1.15, 4: 0.84, 5: 0.76, 6: 1.0, 7: 2.25, 8: 2.86, 9: 1.94, 10: 1.23, 11: 0.85, 12: 0.55, 13: 0.37, 14: 0.21, 15: 0.13, 16: 0.08, 17: 0.05, 18: 0.04, 19: 0.04, 20: 0.12, 21: 0.24, 22: 0.41, 23: 0.53}}",False,15,0,0,5,4.0,13,,,18,13,404.14573035922047,-404.14573035922047,10,80.24149787665829,40.41457303592205,1634.0309666482945,0,0.17787444878542413,0.17787444878542413,0.17787444878542413,1.3,1.625,31.200000000000003,39.0,23.076923076923077,76.92307692307693,40.41457303592205,125.6946897421765,2,6.5,6,7,1,4,23.076923076923077,2.5,100.0,46.18769198758097,0.3112313051600367,45.876460682420934,12.542862116430985,16.89706057903709,10.49207100260826,30.612028006724216,23.034933119039245,44.053604232199746,43.934796294615445,5,38.46153846153847,,
20250516_143946,aca,92,,,,,,,,,,,2,1,13.4,20.9,39,600,60,80,"(6.0, 6.0)",0.71,3.0,0.26666666666666666,False,92,0.01,"{'type': 'hourly', 'hourly_rates': {0: 1.59, 1: 4.38, 2: 2.38, 3: 1.15, 4: 0.84, 5: 0.76, 6: 1.0, 7: 2.25, 8: 2.86, 9: 1.94, 10: 1.23, 11: 0.85, 12: 0.55, 13: 0.37, 14: 0.21, 15: 0.13, 16: 0.08, 17: 0.05, 18: 0.04, 19: 0.04, 20: 0.12, 21: 0.24, 22: 0.41, 23: 0.53}}",False,15,0,0,5,4.0,13,,,7,7,0,0,0,0,0,725.8015271283131,0,0.5433936293164255,0.5433936293164255,0.5433936293164255,0.7,0.875,16.799999999999997,21.0,100.0,0.0,0,103.68593244690187,2,3.5,1,6,0,0,0,0,0,0,0,0,12.601533454709573,16.946040851224666,1.7799701273178685,8.473548159243592,14.381503582027443,17.153985955860605,22.577298232322935,5,71.42857142857143,,
20250516_143946,aca,93,,,,,,,,,,,2,1,13.4,20.9,39,600,60,80,"(6.0, 6.0)",0.71,3.0,0.26666666666666666,False,93,0.01,"{'type': 'hourly', 'hourly_rates': {0: 1.59, 1: 4.38, 2: 2.38, 3: 1.15, 4: 0.84, 5: 0.76, 6: 1.0, 7: 2.25, 8: 2.86, 9: 1.94, 10: 1.23, 11: 0.85, 12: 0.55, 13: 0.37, 14: 0.21, 15: 0.13, 16: 0.08, 17: 0.05, 18: 0.04, 19: 0.04, 20: 0.12, 21: 0.24, 22: 0.41, 23: 0.53}}",False,15,0,0,5,4.0,13,,,11,10,61.347650969478934,-61.347650969478934,4,22.845964168998194,15.336912742369734,1025.9912789076507,0,0.5361979616391365,0.5361979616391365,0.5361979616391365,1.0,1.25,24.0,30.0,60.0,40.0,15.336912742369734,102.59912789076506,2,5.0,5,5,0,0,0,0,0,0,0,0,15.630155300497028,23.577504543115595,11.042694276560013,34.39352951309439,26.672849577057043,46.513364050964014,58.64920450256199,6,60.0,,
20250516_143947,aca,94,,,,,,,,,,,2,1,13.4,20.9,39,600,60,80,"(6.0, 6.0)",0.71,3.0,0.26666666666666666,False,94,0.01,"{'type': 'hourly', 'hourly_rates': {0: 1.59, 1: 4.38, 2: 2.38, 3: 1.15, 4: 0.84, 5: 0.76, 6: 1.0, 7: 2.25, 8: 2.86, 9: 1.94, 10: 1.23, 11: 0.85, 12: 0.55, 13: 0.37, 14: 0.21, 15: 0.13, 16: 0.08, 17: 0.05, 18: 0.04, 19: 0.04, 20: 0.12, 21: 0.24, 22: 0.41, 23: 0.53}}",False,15,0,0,5,4.0,13,,,13,12,89.13674364907071,-89.13674364907071,5,31.81996414429534,17.82734872981414,1392.4910697372409,0,0.22838383776510635,0.22838383776510635,0.22838383776510635,1.2,1.5,28.799999999999997,36.0,58.333333333333336,41.66666666666667,17.82734872981414,116.04092247810341,2,6.0,6,6,0,3,33.33333333333333,2.0,100.0,16.76581612450557,0.4023858127811888,16.36343031172438,13.351262180154235,20.971985216361325,9.167273402224321,30.266908354959597,22.518535582378558,40.16577323831902,26.674251286833115,5,41.66666666666667,,
20250516_143947,aca,95,,,,,,,,,,,2,1,13.4,20.9,39,600,60,80,"(6.0, 6.0)",0.71,3.0,0.26666666666666666,False,95,0.01,"{'type': 'hourly', 'hourly_rates': {0: 1.59, 1: 4.38, 2: 2.38, 3: 1.15, 4: 0.84, 5: 0.76, 6: 1.0, 7: 2.25, 8: 2.86, 9: 1.94, 10: 1.23, 11: 0.85, 12: 0.55, 13: 0.37, 14: 0.21, 15: 0.13, 16: 0.08, 17: 0.05, 18: 0.04, 19: 0.04, 20: 0.12, 21: 0.24, 22: 0.41, 23: 0.53}}",False,15,0,0,5,4.0,13,,,5,5,21.725692179096797,-21.725692179096797,3,11.144053954623075,7.241897393032265,1053.0394729279587,0,0.43031790918391144,0.43031790918391144,0.43031790918391144,0.5,0.625,12.0,15.0,40.0,60.0,7.241897393032265,210.60789458559174,2,2.5,2,3,1,0,0,0,0,0,0,0,18.171466690063948,35.40625359156735,5.964704735916129,13.70254072488899,24.136171425980077,35.81428964223005,28.454858326776275,2,40.0,,
20250516_143947,aca,96,,,,,,,,,,,2,1,13.4,20.9,39,600,60,80,"(6.0, 6.0)",0.71,3.0,0.26666666666666666,False,96,0.01,"{'type': 'hourly', 'hourly_rates': {0: 1.59, 1: 4.38, 2: 2.38, 3: 1.15, 4: 0.84, 5: 0.76, 6: 1.0, 7: 2.25, 8: 2.86, 9: 1.94, 10: 1.23, 11: 0.85, 12: 0.55, 13: 0.37, 14: 0.21, 15: 0.13, 16: 0.08, 17: 0.05, 18: 0.04, 19: 0.04, 20: 0.12, 21: 0.24, 22: 0.41, 23: 0.53}}",False,15,0,0,5,4.0,13,,,9,6,257.7904419255653,-257.7904419255653,5,77.65196682556262,51.55808838511306,1393.9500187630606,0,0.4588554568777882,0.4588554568777882,0.4588554568777882,0.6,0.75,14.399999999999999,18.0,16.666666666666664,83.33333333333334,51.55808838511306,232.32500312717676,2,3.0,3,3,1,4,50.0,2.75,100.0,46.81057730660447,0.0,46.81057730660447,14.49234663994578,16.917338647084478,16.69525731542167,79.7572893605716,31.18760395536745,95.65196682556262,5.27814644645472,2,33.33333333333333,,
20250516_143947,aca,97,,,,,,,,,,,2,1,13.4,20.9,39,600,60,80,"(6.0, 6.0)",0.71,3.0,0.26666666666666666,False,97,0.01,"{'type': 'hourly', 'hourly_rates': {0: 1.59, 1: 4.38, 2: 2.38, 3: 1.15, 4: 0.84, 5: 0.76, 6: 1.0, 7: 2.25, 8: 2.86, 9: 1.94, 10: 1.23, 11: 0.85, 12: 0.55, 13: 0.37, 14: 0.21, 15: 0.13, 16: 0.08, 17: 0.05, 18: 0.04, 19: 0.04, 20: 0.12, 21: 0.24, 22: 0.41, 23: 0.53}}",False,15,0,0,5,4.0,13,,,10,10,21.132176497569958,-21.132176497569958,2,12.129963035220726,10.566088248784979,1261.4771689626364,0,0.4249524206933241,0.4249524206933241,0.4249524206933241,1.0,1.25,24.0,30.0,80.0,20.0,10.566088248784979,126.14771689626363,2,5.0,3,7,0,1,20.0,2.0,100.0,0.0,2.6415220621962447,-2.6415220621962447,10.440164833162537,14.673834316687419,7.5501965926479615,27.081004713824044,17.990361425810498,38.129963035220726,0.9195676835039706,2,20.0,,
20250516_143948,aca,98,,,,,,,,,,,2,1,13.4,20.9,39,600,60,80,"(6.0, 6.0)",0.71,3.0,0.26666666666666666,False,98,0.01,"{'type': 'hourly', 'hourly_rates': {0: 1.59, 1: 4.38, 2: 2.38, 3: 1.15, 4: 0.84, 5: 0.76, 6: 1.0, 7: 2.25, 8: 2.86, 9: 1.94, 10: 1.23, 11: 0.85, 12: 0.55, 13: 0.37, 14: 0.21, 15: 0.13, 16: 0.08, 17: 0.05, 18: 0.04, 19: 0.04, 20: 0.12, 21: 0.24, 22: 0.41, 23: 0.53}}",False,15,0,0,5,4.0,13,,,11,10,136.04900048779592,-136.04900048779592,4,64.37172887467895,34.01225012194898,983.5544357508402,0,0.35796077031598766,0.35796077031598766,0.35796077031598766,1.0,1.25,24.0,30.0,60.0,40.0,34.01225012194898,98.35544357508402,2,5.0,4,6,0,1,10.0,2.0,100.0,32.195225857671744,7.672856469192142,24.522369388479603,15.297693401143501,27.260902420123273,12.207407007342084,81.09351081251789,27.505100408485582,88.37172887467895,50.87140453412755,6,60.0,,
20250516_143948,aca,99,,,,,,,,,,,2,1,13.4,20.9,39,600,60,80,"(6.0, 6.0)",0.71,3.0,0.26666666666666666,False,99,0.01,"{'type': 'hourly', 'hourly_rates': {0: 1.59, 1: 4.38, 2: 2.38, 3: 1.15, 4: 0.84, 5: 0.76, 6: 1.0, 7: 2.25, 8: 2.86, 9: 1.94, 10: 1.23, 11: 0.85, 12: 0.55, 13: 0.37, 14: 0.21, 15: 0.13, 16: 0.08, 17: 0.05, 18: 0.04, 19: 0.04, 20: 0.12, 21: 0.24, 22: 0.41, 23: 0.53}}",False,15,0,0,5,4.0,13,,,17,14,162.16229268765062,-162.16229268765062,11,28.68012987562406,14.742026607968238,1543.038149782789,0,0.18949612859123108,0.18949612859123108,0.18949612859123108,1.4,1.75,33.599999999999994,42.0,21.428571428571427,78.57142857142857,14.742026607968238,110.21701069877065,2,7.0,5,9,1,4,28.57142857142857,2.0,100.0,13.301843072255746,8.683992266349733,4.617850805906013,12.660030984972456,24.476068344472537,14.46152415527238,46.935309948491806,27.12155514024484,53.680129875624004,18.23008020401372,3,21.428571428571427,,
20250516_143948,aca,100,,,,,,,,,,,2,1,13.4,20.9,39,600,60,80,"(6.0, 6.0)",0.71,3.0,0.26666666666666666,False,100,0.01,"{'type': 'hourly', 'hourly_rates': {0: 1.59, 1: 4.38, 2: 2.38, 3: 1.15, 4: 0.84, 5: 0.76, 6: 1.0, 7: 2.25, 8: 2.86, 9: 1.94, 10: 1.23, 11: 0.85, 12: 0.55, 13: 0.37, 14: 0.21, 15: 0.13, 16: 0.08, 17: 0.05, 18: 0.04, 19: 0.04, 20: 0.12, 21: 0.24, 22: 0.41, 23: 0.53}}",False,15,0,0,5,4.0,13,,,10,9,86.23188386188536,-86.23188386188536,6,36.132426012833236,14.37198064364756,923.8751784721157,0,0.4357063987673324,0.4357063987673324,0.4357063987673324,0.9,1.125,21.6,27.0,33.33333333333333,66.66666666666666,14.37198064364756,102.65279760801286,2,4.5,1,8,0,2,33.33333333333333,2.0,100.0,18.00586468893573,0.8240862149699902,17.18177847396574,15.11747432620885,21.584532440664077,8.646026896481644,31.201776928161394,23.763501222690493,46.132426012833236,23.923389343107516,4,44.44444444444444,,
20250516_143949,aca,101,,,,,,,,,,,2,1,13.4,20.9,39,600,60,80,"(6.0, 6.0)",0.71,3.0,0.26666666666666666,False,101,0.01,"{'type': 'hourly', 'hourly_rates': {0: 1.59, 1: 4.38, 2: 2.38, 3: 1.15, 4: 0.84, 5: 0.76, 6: 1.0, 7: 2.25, 8: 2.86, 9: 1.94, 10: 1.23, 11: 0.85, 12: 0.55, 13: 0.37, 14: 0.21, 15: 0.13, 16: 0.08, 17: 0.05, 18: 0.04, 19: 0.04, 20: 0.12, 21: 0.24, 22: 0.41, 23: 0.53}}",False,15,0,0,5,4.0,13,,,14,10,189.9787267572019,-189.9787267572019,9,46.70681657930862,21.10874741746688,1372.5773228510877,0,0.2521225960796489,0.2521225960796489,0.2521225960796489,1.0,1.25,24.0,30.0,10.0,90.0,21.10874741746688,137.25773228510877,2,5.0,4,6,0,3,20.0,2.3333333333333335,100.0,31.395030661770562,7.335414465196188,24.059616196574375,16.570782727958566,29.22045397916105,11.918649647517569,39.75966997028786,28.489432375476134,55.95262472089968,23.96508145220561,4,40.0,,
20250516_143949,aca,102,,,,,,,,,,,2,1,13.4,20.9,39,600,60,80,"(6.0, 6.0)",0.71,3.0,0.26666666666666666,False,102,0.01,"{'type': 'hourly', 'hourly_rates': {0: 1.59, 1: 4.38, 2: 2.38, 3: 1.15, 4: 0.84, 5: 0.76, 6: 1.0, 7: 2.25, 8: 2.86, 9: 1.94, 10: 1.23, 11: 0.85, 12: 0.55, 13: 0.37, 14: 0.21, 15: 0.13, 16: 0.08, 17: 0.05, 18: 0.04, 19: 0.04, 20: 0.12, 21: 0.24, 22: 0.41, 23: 0.53}}",False,15,0,0,5,4.0,13,,,11,11,2.383439629197369,-2.383439629197369,1,2.383439629197369,2.383439629197369,817.6684775692918,0,0.30168793182184306,0.30168793182184306,0.30168793182184306,1.1,1.375,26.400000000000002,33.0,90.9090909090909,9.090909090909092,2.383439629197369,74.33349796084471,2,5.5,3,8,0,0,0,0,0,0,0,0,13.202504827624939,21.896425756715576,3.933926812005896,13.141890521251725,17.136431639630835,22.490939743350594,35.05648708635805,5,45.45454545454545,,
20250516_143949,aca,103,,,,,,,,,,,2,1,13.4,20.9,39,600,60,80,"(6.0, 6.0)",0.71,3.0,0.26666666666666666,False,103,0.01,"{'type': 'hourly', 'hourly_rates': {0: 1.59, 1: 4.38, 2: 2.38, 3: 1.15, 4: 0.84, 5: 0.76, 6: 1.0, 7: 2.25, 8: 2.86, 9: 1.94, 10: 1.23, 11: 0.85, 12: 0.55, 13: 0.37, 14: 0.21, 15: 0.13, 16: 0.08, 17: 0.05, 18: 0.04, 19: 0.04, 20: 0.12, 21: 0.24, 22: 0.41, 23: 0.53}}",False,15,0,0,5,4.0,13,,,15,12,326.9490937043576,-326.9490937043576,11,84.25069232488718,29.72264488221433,2232.5061723936474,0,0.25005716122858934,0.25005716122858934,0.25005716122858934,1.2,1.5,28.799999999999997,36.0,8.333333333333332,91.66666666666666,29.72264488221433,186.04218103280394,2,6.0,4,8,0,4,33.33333333333333,2.0,100.0,25.657109186804874,13.92693912332345,11.730170063481424,14.40513832099073,20.94206648314332,16.50145370064821,46.3179430484779,30.90659202163894,56.68876635347658,3.405300827735175,2,16.666666666666664,,
20250516_143950,aca,104,,,,,,,,,,,2,1,13.4,20.9,39,600,60,80,"(6.0, 6.0)",0.71,3.0,0.26666666666666666,False,104,0.01,"{'type': 'hourly', 'hourly_rates': {0: 1.59, 1: 4.38, 2: 2.38, 3: 1.15, 4: 0.84, 5: 0.76, 6: 1.0, 7: 2.25, 8: 2.86, 9: 1.94, 10: 1.23, 11: 0.85, 12: 0.55, 13: 0.37, 14: 0.21, 15: 0.13, 16: 0.08, 17: 0.05, 18: 0.04, 19: 0.04, 20: 0.12, 21: 0.24, 22: 0.41, 23: 0.53}}",False,15,0,0,5,4.0,13,,,11,10,34.01055375880998,-34.01055375880998,4,16.099023230561556,8.502638439702496,1354.9295202674639,0,0.40179795831799164,0.40179795831799164,0.40179795831799164,1.0,1.25,24.0,30.0,60.0,40.0,8.502638439702496,135.4929520267464,2,5.0,4,6,0,0,0,0,0,0,0,0,12.783963718900226,25.27677258189297,8.184623354989691,24.563019067692544,20.968587073889918,41.099023230561556,8.142047079449156,2,20.0,,
20250516_143950,aca,105,,,,,,,,,,,2,1,13.4,20.9,39,600,60,80,"(6.0, 6.0)",0.71,3.0,0.26666666666666666,False,105,0.01,"{'type': 'hourly', 'hourly_rates': {0: 1.59, 1: 4.38, 2: 2.38, 3: 1.15, 4: 0.84, 5: 0.76, 6: 1.0, 7: 2.25, 8: 2.86, 9: 1.94, 10: 1.23, 11: 0.85, 12: 0.55, 13: 0.37, 14: 0.21, 15: 0.13, 16: 0.08, 17: 0.05, 18: 0.04, 19: 0.04, 20: 0.12, 21: 0.24, 22: 0.41, 23: 0.53}}",False,15,0,0,5,4.0,13,,,13,8,399.7631922154293,-399.76319221542934,10,73.67200631621158,39.97631922154293,1622.770001982091,0,0.11674165995322075,0.11674165995322075,0.11674165995322075,0.8,1.0,19.200000000000003,24.0,-25.0,125.0,39.97631922154293,202.84625024776136,2,4.0,4,4,0,5,62.5,2.0,100.0,37.161823673364076,0.0,37.161823673364076,14.861182895273112,22.98119238519581,19.04669107813763,53.35520908994778,33.907873973410744,65.66946987075235,13.470115330754503,2,25.0,,
20250516_143950,aca,106,,,,,,,,,,,2,1,13.4,20.9,39,600,60,80,"(6.0, 6.0)",0.71,3.0,0.26666666666666666,False,106,0.01,"{'type': 'hourly', 'hourly_rates': {0: 1.59, 1: 4.38, 2: 2.38, 3: 1.15, 4: 0.84, 5: 0.76, 6: 1.0, 7: 2.25, 8: 2.86, 9: 1.94, 10: 1.23, 11: 0.85, 12: 0.55, 13: 0.37, 14: 0.21, 15: 0.13, 16: 0.08, 17: 0.05, 18: 0.04, 19: 0.04, 20: 0.12, 21: 0.24, 22: 0.41, 23: 0.53}}",False,15,0,0,5,4.0,13,,,7,5,116.37736897558797,-116.37736897558797,7,38.043664008711005,16.625338425083996,1422.9964031578054,0,0.2897954442523267,0.2897954442523267,0.2897954442523267,0.5,0.625,12.0,15.0,-40.0,140.0,16.625338425083996,284.5992806315611,2,2.5,2,3,1,3,60.0,2.3333333333333335,100.0,10.154101224923261,5.960363752180967,4.193737472742294,13.422775562530337,25.224245305533206,6.253830673296007,12.566402741408325,19.676606235826345,26,8.224245305533206,1,20.0,,
20250516_143951,aca,107,,,,,,,,,,,2,1,13.4,20.9,39,600,60,80,"(6.0, 6.0)",0.71,3.0,0.26666666666666666,False,107,0.01,"{'type': 'hourly', 'hourly_rates': {0: 1.59, 1: 4.38, 2: 2.38, 3: 1.15, 4: 0.84, 5: 0.76, 6: 1.0, 7: 2.25, 8: 2.86, 9: 1.94, 10: 1.23, 11: 0.85, 12: 0.55, 13: 0.37, 14: 0.21, 15: 0.13, 16: 0.08, 17: 0.05, 18: 0.04, 19: 0.04, 20: 0.12, 21: 0.24, 22: 0.41, 23: 0.53}}",False,15,0,0,5,4.0,13,,,20,14,258.8925778009745,-258.89257780097444,14,49.45077234292066,18.492326985783894,1806.1278429235779,0,0.1268552795246359,0.1268552795246359,0.1268552795246359,1.4,1.75,33.599999999999994,42.0,0.0,100.0,18.492326985783894,129.0091316373984,2,7.0,5,9,0,5,28.57142857142857,2.0,100.0,14.984496204587252,7.229623738294802,7.75487246629245,12.281551655762554,15.403122569223115,14.292085992637823,36.43547495265645,26.573637648400375,47.83332952251091,7.133486682833393,2,14.285714285714285,,
20250516_143951,aca,108,,,,,,,,,,,2,1,13.4,20.9,39,600,60,80,"(6.0, 6.0)",0.71,3.0,0.26666666666666666,False,108,0.01,"{'type': 'hourly', 'hourly_rates': {0: 1.59, 1: 4.38, 2: 2.38, 3: 1.15, 4: 0.84, 5: 0.76, 6: 1.0, 7: 2.25, 8: 2.86, 9: 1.94, 10: 1.23, 11: 0.85, 12: 0.55, 13: 0.37, 14: 0.21, 15: 0.13, 16: 0.08, 17: 0.05, 18: 0.04, 19: 0.04, 20: 0.12, 21: 0.24, 22: 0.41, 23: 0.53}}",False,15,0,0,5,4.0,13,,,16,12,358.08552385693764,-358.08552385693764,11,97.26508385263804,32.553229441539784,1859.1567535821894,0,0.19675536109249775,0.19675536109249775,0.19675536109249775,1.2,1.5,28.799999999999997,36.0,8.333333333333332,91.66666666666666,32.553229441539784,154.92972946518245,2,6.0,5,7,0,4,25.0,2.25,100.0,47.14048358248041,5.591233467565344,41.54925011491506,12.842437488429878,16.65459591391405,17.606546343510885,81.34288359176227,30.448983831940765,96.82540460896273,2.782726574342121,2,16.666666666666664,,
20250516_143952,aca,109,,,,,,,,,,,2,1,13.4,20.9,39,600,60,80,"(6.0, 6.0)",0.71,3.0,0.26666666666666666,False,109,0.01,"{'type': 'hourly', 'hourly_rates': {0: 1.59, 1: 4.38, 2: 2.38, 3: 1.15, 4: 0.84, 5: 0.76, 6: 1.0, 7: 2.25, 8: 2.86, 9: 1.94, 10: 1.23, 11: 0.85, 12: 0.55, 13: 0.37, 14: 0.21, 15: 0.13, 16: 0.08, 17: 0.05, 18: 0.04, 19: 0.04, 20: 0.12, 21: 0.24, 22: 0.41, 23: 0.53}}",False,15,0,0,5,4.0,13,,,14,10,434.42387933865484,-434.4238793386548,9,119.25535066607304,48.269319926517205,1589.060474535712,0,0.18657877853778115,0.18657877853778115,0.18657877853778115,1.0,1.25,24.0,30.0,10.0,90.0,48.269319926517205,158.9060474535712,2,5.0,4,6,1,5,30.0,2.6,100.0,49.81259667905653,5.7248340048243165,44.087762674232216,15.533858114422856,27.208388821019106,14.177404409925021,91.31817414847185,29.711262524347877,102.25535066607304,39.17316231822956,7,70.0,,
20250516_143952,aca,110,,,,,,,,,,,2,1,13.4,20.9,39,600,60,80,"(6.0, 6.0)",0.71,3.0,0.26666666666666666,False,110,0.01,"{'type': 'hourly', 'hourly_rates': {0: 1.59, 1: 4.38, 2: 2.38, 3: 1.15, 4: 0.84, 5: 0.76, 6: 1.0, 7: 2.25, 8: 2.86, 9: 1.94, 10: 1.23, 11: 0.85, 12: 0.55, 13: 0.37, 14: 0.21, 15: 0.13, 16: 0.08, 17: 0.05, 18: 0.04, 19: 0.04, 20: 0.12, 21: 0.24, 22: 0.41, 23: 0.53}}",False,15,0,0,5,4.0,13,,,13,9,347.5109922389746,-347.5109922389746,7,72.04388933691678,49.64442746271066,1724.7219248194451,0,0.2631341460567084,0.2631341460567084,0.2631341460567084,0.9,1.125,21.6,27.0,22.22222222222222,77.77777777777779,49.64442746271066,191.6357694243828,2,4.5,4,5,1,4,22.22222222222222,2.5,100.0,51.489446202425356,2.4374156230174355,49.05203057940792,13.20979429503133,21.246483473143826,10.234573364391105,40.307493843395775,23.444367659422436,52.92505258973344,4.927717764498709,1,11.11111111111111,,
20250516_143952,aca,111,,,,,,,,,,,2,1,13.4,20.9,39,600,60,80,"(6.0, 6.0)",0.71,3.0,0.26666666666666666,False,111,0.01,"{'type': 'hourly', 'hourly_rates': {0: 1.59, 1: 4.38, 2: 2.38, 3: 1.15, 4: 0.84, 5: 0.76, 6: 1.0, 7: 2.25, 8: 2.86, 9: 1.94, 10: 1.23, 11: 0.85, 12: 0.55, 13: 0.37, 14: 0.21, 15: 0.13, 16: 0.08, 17: 0.05, 18: 0.04, 19: 0.04, 20: 0.12, 21: 0.24, 22: 0.41, 23: 0.53}}",False,15,0,0,5,4.0,13,,,17,9,428.51238567691337,-428.5123856769133,12,85.62626725091519,35.70936547307611,2167.8144502999157,0,0.39030783010353337,0.39030783010353337,0.39030783010353337,0.9,1.125,21.6,27.0,-33.33333333333333,133.33333333333331,35.70936547307611,240.8682722555462,2,4.5,3,6,1,7,33.33333333333333,3.0,100.0,42.857894149886754,4.56851464692987,38.28937950295688,12.875397058237647,15.213544953380747,12.675524191864135,38.412722297534444,25.55092125010178,53.62626725091519,16.280528223753443,3,33.33333333333333,,
20250516_143953,aca,112,,,,,,,,,,,2,1,13.4,20.9,39,600,60,80,"(6.0, 6.0)",0.71,3.0,0.26666666666666666,False,112,0.01,"{'type': 'hourly', 'hourly_rates': {0: 1.59, 1: 4.38, 2: 2.38, 3: 1.15, 4: 0.84, 5: 0.76, 6: 1.0, 7: 2.25, 8: 2.86, 9: 1.94, 10: 1.23, 11: 0.85, 12: 0.55, 13: 0.37, 14: 0.21, 15: 0.13, 16: 0.08, 17: 0.05, 18: 0.04, 19: 0.04, 20: 0.12, 21: 0.24, 22: 0.41, 23: 0.53}}",False,15,0,0,5,4.0,13,,,10,10,22.68548597343751,-22.68548597343751,3,19.040557344057063,7.5618286578125025,964.5302290209286,0,0.382128602528875,0.382128602528875,0.382128602528875,1.0,1.25,24.0,30.0,70.0,30.0,7.5618286578125025,96.45302290209285,2,5.0,5,5,0,0,0,0,0,0,0,0,13.300223535305719,20.70358644633348,7.16222486807235,31.20410209620193,20.46244840337807,39.04055734405706,34.0145806065291,4,40.0,,
20250516_143953,aca,113,,,,,,,,,,,2,1,13.4,20.9,39,600,60,80,"(6.0, 6.0)",0.71,3.0,0.26666666666666666,False,113,0.01,"{'type': 'hourly', 'hourly_rates': {0: 1.59, 1: 4.38, 2: 2.38, 3: 1.15, 4: 0.84, 5: 0.76, 6: 1.0, 7: 2.25, 8: 2.86, 9: 1.94, 10: 1.23, 11: 0.85, 12: 0.55, 13: 0.37, 14: 0.21, 15: 0.13, 16: 0.08, 17: 0.05, 18: 0.04, 19: 0.04, 20: 0.12, 21: 0.24, 22: 0.41, 23: 0.53}}",False,15,0,0,5,4.0,13,,,15,15,5.203677976332898,-5.203677976332898,4,2.479266071465844,1.3009194940832245,1648.9446043851576,0,0.183224340375164,0.183224340375164,0.183224340375164,1.5,1.875,36.0,45.0,73.33333333333333,26.666666666666668,1.3009194940832245,109.92964029234385,2,7.5,7,8,1,0,0,0,0,0,0,0,12.209072384571337,18.725192413418597,4.9794181890292935,16.851962945953744,17.18849057360063,27.479266071465844,35.38471177002293,7,46.666666666666664,,
20250516_143953,aca,114,,,,,,,,,,,2,1,13.4,20.9,39,600,60,80,"(6.0, 6.0)",0.71,3.0,0.26666666666666666,False,114,0.01,"{'type': 'hourly', 'hourly_rates': {0: 1.59, 1: 4.38, 2: 2.38, 3: 1.15, 4: 0.84, 5: 0.76, 6: 1.0, 7: 2.25, 8: 2.86, 9: 1.94, 10: 1.23, 11: 0.85, 12: 0.55, 13: 0.37, 14: 0.21, 15: 0.13, 16: 0.08, 17: 0.05, 18: 0.04, 19: 0.04, 20: 0.12, 21: 0.24, 22: 0.41, 23: 0.53}}",False,15,0,0,5,4.0,13,,,14,11,160.5139325712414,-160.5139325712414,6,69.06649976933062,26.752322095206903,1422.852930101668,0,0.16856067552273313,0.16856067552273313,0.16856067552273313,1.1,1.375,26.400000000000002,33.0,45.45454545454545,54.54545454545454,26.752322095206903,129.3502663728789,2,5.5,5,6,0,4,27.27272727272727,2.5,100.0,24.53098219344675,0.488273787263779,24.04270840618297,11.71047014324443,16.808173119106183,8.340541771869152,49.18750503667526,20.05101191511358,61.51692759333639,3.7828060862286677,1,9.090909090909092,,
20250516_143954,aca,115,,,,,,,,,,,2,1,13.4,20.9,39,600,60,80,"(6.0, 6.0)",0.71,3.0,0.26666666666666666,False,115,0.01,"{'type': 'hourly', 'hourly_rates': {0: 1.59, 1: 4.38, 2: 2.38, 3: 1.15, 4: 0.84, 5: 0.76, 6: 1.0, 7: 2.25, 8: 2.86, 9: 1.94, 10: 1.23, 11: 0.85, 12: 0.55, 13: 0.37, 14: 0.21, 15: 0.13, 16: 0.08, 17: 0.05, 18: 0.04, 19: 0.04, 20: 0.12, 21: 0.24, 22: 0.41, 23: 0.53}}",False,15,0,0,5,4.0,13,,,14,13,324.7467147556624,-324.74671475566237,10,113.64749440308267,32.47467147556624,3031.146312630693,0,0.11440406791344195,0.11440406791344195,0.11440406791344195,1.3,1.625,31.200000000000003,39.0,23.076923076923077,76.92307692307693,32.47467147556624,233.16510097159178,2,6.5,6,7,0,1,7.6923076923076925,2.0,100.0,39.71613289656767,21.87930945295555,17.836823443612122,15.023745484858647,23.57166594270337,22.203699873994047,110.73243652697997,37.22744535885269,124.64749440308267,3.9817849778804266,2,15.384615384615385,,
20250516_143954,aca,116,,,,,,,,,,,2,1,13.4,20.9,39,600,60,80,"(6.0, 6.0)",0.71,3.0,0.26666666666666666,False,116,0.01,"{'type': 'hourly', 'hourly_rates': {0: 1.59, 1: 4.38, 2: 2.38, 3: 1.15, 4: 0.84, 5: 0.76, 6: 1.0, 7: 2.25, 8: 2.86, 9: 1.94, 10: 1.23, 11: 0.85, 12: 0.55, 13: 0.37, 14: 0.21, 15: 0.13, 16: 0.08, 17: 0.05, 18: 0.04, 19: 0.04, 20: 0.12, 21: 0.24, 22: 0.41, 23: 0.53}}",False,15,0,0,5,4.0,13,,,7,7,16.512163012333914,-16.512163012333914,1,16.512163012333914,16.512163012333914,797.4891684386824,0,0.4328614665696228,0.4328614665696228,0.4328614665696228,0.7,0.875,16.799999999999997,21.0,85.71428571428571,14.285714285714285,16.512163012333914,113.92702406266892,2,3.5,1,6,1,0,0,0,0,0,0,0,12.282472714863095,20.892847491726258,4.544371213705245,24.400145477482262,16.82684392856834,32.512163012333914,29.26194571736659,5,71.42857142857143,,
20250516_143954,aca,117,,,,,,,,,,,2,1,13.4,20.9,39,600,60,80,"(6.0, 6.0)",0.71,3.0,0.26666666666666666,False,117,0.01,"{'type': 'hourly', 'hourly_rates': {0: 1.59, 1: 4.38, 2: 2.38, 3: 1.15, 4: 0.84, 5: 0.76, 6: 1.0, 7: 2.25, 8: 2.86, 9: 1.94, 10: 1.23, 11: 0.85, 12: 0.55, 13: 0.37, 14: 0.21, 15: 0.13, 16: 0.08, 17: 0.05, 18: 0.04, 19: 0.04, 20: 0.12, 21: 0.24, 22: 0.41, 23: 0.53}}",False,15,0,0,5,4.0,13,,,8,8,17.12622117362133,-17.12622117362133,1,17.12622117362133,17.12622117362133,596.7476760303439,0,0.6695098480247323,0.6695098480247323,0.6695098480247323,0.8,1.0,19.200000000000003,24.0,87.5,12.5,17.12622117362133,74.59345950379299,2,4.0,3,5,0,0,0,0,0,0,0,0,11.61673133648915,15.0790188864529,3.692590057081563,26.097328254047966,15.309321393570713,39.12622117362133,27.093334172969012,6,75.0,,
20250516_143955,aca,118,,,,,,,,,,,2,1,13.4,20.9,39,600,60,80,"(6.0, 6.0)",0.71,3.0,0.26666666666666666,False,118,0.01,"{'type': 'hourly', 'hourly_rates': {0: 1.59, 1: 4.38, 2: 2.38, 3: 1.15, 4: 0.84, 5: 0.76, 6: 1.0, 7: 2.25, 8: 2.86, 9: 1.94, 10: 1.23, 11: 0.85, 12: 0.55, 13: 0.37, 14: 0.21, 15: 0.13, 16: 0.08, 17: 0.05, 18: 0.04, 19: 0.04, 20: 0.12, 21: 0.24, 22: 0.41, 23: 0.53}}",False,15,0,0,5,4.0,13,,,5,5,17.026102866228285,-17.026102866228285,3,7.428875604978913,5.675367622076095,1195.0519784237724,0,0.616062552510461,0.616062552510461,0.616062552510461,0.5,0.625,12.0,15.0,40.0,60.0,5.675367622076095,239.01039568475449,2,2.5,2,3,0,0,0,0,0,0,0,0,13.297332768070115,15.973442565207648,4.391143355859529,7.865062197186262,17.688476123929643,20.428875604978913,1.7177416737824274,1,20.0,,
20250516_143955,aca,119,,,,,,,,,,,2,1,13.4,20.9,39,600,60,80,"(6.0, 6.0)",0.71,3.0,0.26666666666666666,False,119,0.01,"{'type': 'hourly', 'hourly_rates': {0: 1.59, 1: 4.38, 2: 2.38, 3: 1.15, 4: 0.84, 5: 0.76, 6: 1.0, 7: 2.25, 8: 2.86, 9: 1.94, 10: 1.23, 11: 0.85, 12: 0.55, 13: 0.37, 14: 0.21, 15: 0.13, 16: 0.08, 17: 0.05, 18: 0.04, 19: 0.04, 20: 0.12, 21: 0.24, 22: 0.41, 23: 0.53}}",False,15,0,0,5,4.0,13,,,21,10,1016.8184038495203,-1016.8184038495205,17,148.64075814211,59.8128472852659,2744.0314790568946,0,0.2434479268176844,0.2434479268176844,0.2434479268176844,1.0,1.25,24.0,30.0,-70.0,170.0,59.8128472852659,274.4031479056895,2,5.0,5,5,0,9,40.0,2.7777777777777777,100.0,53.11357749255734,11.846786628863137,41.266790863694204,14.514541045179172,19.449204101191498,20.218516969706158,49.375849765250166,34.73305801488533,67.49326781253188,16.27923535892839,1,10.0,,
20250516_143956,aca,120,,,,,,,,,,,2,1,13.4,20.9,39,600,60,80,"(6.0, 6.0)",0.71,3.0,0.26666666666666666,False,120,0.01,"{'type': 'hourly', 'hourly_rates': {0: 1.59, 1: 4.38, 2: 2.38, 3: 1.15, 4: 0.84, 5: 0.76, 6: 1.0, 7: 2.25, 8: 2.86, 9: 1.94, 10: 1.23, 11: 0.85, 12: 0.55, 13: 0.37, 14: 0.21, 15: 0.13, 16: 0.08, 17: 0.05, 18: 0.04, 19: 0.04, 20: 0.12, 21: 0.24, 22: 0.41, 23: 0.53}}",False,15,0,0,5,4.0,13,,,5,5,0,0,0,0,0,323.3066327222439,0,0.5831062855439859,0.5831062855439859,0.5831062855439859,0.5,0.625,12.0,15.0,100.0,0.0,0,64.66132654444877,2,2.5,1,4,0,0,0,0,0,0,0,0,15.051194204520556,24.254074649272127,2.923555156422327,11.204108932984013,17.974749360942884,25.98641802710233,28.033983012628347,3,60.0,,
20250516_143956,aca,121,,,,,,,,,,,2,1,13.4,20.9,39,600,60,80,"(6.0, 6.0)",0.71,3.0,0.26666666666666666,False,121,0.01,"{'type': 'hourly', 'hourly_rates': {0: 1.59, 1: 4.38, 2: 2.38, 3: 1.15, 4: 0.84, 5: 0.76, 6: 1.0, 7: 2.25, 8: 2.86, 9: 1.94, 10: 1.23, 11: 0.85, 12: 0.55, 13: 0.37, 14: 0.21, 15: 0.13, 16: 0.08, 17: 0.05, 18: 0.04, 19: 0.04, 20: 0.12, 21: 0.24, 22: 0.41, 23: 0.53}}",False,15,0,0,5,4.0,13,,,7,7,29.044978149738434,-29.044978149738434,2,14.707709952603274,14.522489074869217,812.5023764302333,0,0.4983038749851826,0.4983038749851826,0.4983038749851826,0.7,0.875,16.799999999999997,21.0,71.42857142857143,28.57142857142857,14.522489074869217,116.0717680614619,1,7.0,7,7,1,0,0,0,0,0,0,0,14.195984924713047,22.162912389315636,6.684874817464269,24.062945051867757,20.880859742177314,39.33726819713516,18.32037580219326,3,42.857142857142854,,
20250516_143956,aca,122,,,,,,,,,,,2,1,13.4,20.9,39,600,60,80,"(6.0, 6.0)",0.71,3.0,0.26666666666666666,False,122,0.01,"{'type': 'hourly', 'hourly_rates': {0: 1.59, 1: 4.38, 2: 2.38, 3: 1.15, 4: 0.84, 5: 0.76, 6: 1.0, 7: 2.25, 8: 2.86, 9: 1.94, 10: 1.23, 11: 0.85, 12: 0.55, 13: 0.37, 14: 0.21, 15: 0.13, 16: 0.08, 17: 0.05, 18: 0.04, 19: 0.04, 20: 0.12, 21: 0.24, 22: 0.41, 23: 0.53}}",False,15,0,0,5,4.0,13,,,11,10,81.26557627658372,-81.26557627658372,4,49.846591068185774,20.31639406914593,876.3039593125446,0,0.3080933708160308,0.3080933708160308,0.3080933708160308,1.0,1.25,24.0,30.0,60.0,40.0,20.31639406914593,87.63039593125447,2,5.0,4,6,0,1,10.0,2.0,100.0,14.995886620236092,6.702555616923405,8.293331003312687,12.550476601155358,18.78414337150511,10.646561667012403,55.062447696680664,23.197038268167763,73.84659106818577,25.77864927318188,5,50.0,,
20250516_143956,aca,123,,,,,,,,,,,2,1,13.4,20.9,39,600,60,80,"(6.0, 6.0)",0.71,3.0,0.26666666666666666,False,123,0.01,"{'type': 'hourly', 'hourly_rates': {0: 1.59, 1: 4.38, 2: 2.38, 3: 1.15, 4: 0.84, 5: 0.76, 6: 1.0, 7: 2.25, 8: 2.86, 9: 1.94, 10: 1.23, 11: 0.85, 12: 0.55, 13: 0.37, 14: 0.21, 15: 0.13, 16: 0.08, 17: 0.05, 18: 0.04, 19: 0.04, 20: 0.12, 21: 0.24, 22: 0.41, 23: 0.53}}",False,15,0,0,5,4.0,13,,,15,11,142.66893827865923,-142.66893827865923,8,40.638776895348286,17.833617284832403,1030.4339133512788,0,0.23471441121560346,0.23471441121560346,0.23471441121560346,1.1,1.375,26.400000000000002,33.0,27.27272727272727,72.72727272727273,17.833617284832403,93.67581030466171,2,5.5,4,7,0,5,36.36363636363637,2.2,100.0,16.57107994127822,0.8660335157988713,15.705046425479349,10.793634364816702,17.887375565071324,10.60543715210869,28.702733853988548,21.399071516925392,43.3924503939777,22.813615762935008,3,27.27272727272727,,
20250516_143957,aca,124,,,,,,,,,,,2,1,13.4,20.9,39,600,60,80,"(6.0, 6.0)",0.71,3.0,0.26666666666666666,False,124,0.01,"{'type': 'hourly', 'hourly_rates': {0: 1.59, 1: 4.38, 2: 2.38, 3: 1.15, 4: 0.84, 5: 0.76, 6: 1.0, 7: 2.25, 8: 2.86, 9: 1.94, 10: 1.23, 11: 0.85, 12: 0.55, 13: 0.37, 14: 0.21, 15: 0.13, 16: 0.08, 17: 0.05, 18: 0.04, 19: 0.04, 20: 0.12, 21: 0.24, 22: 0.41, 23: 0.53}}",False,15,0,0,5,4.0,13,,,10,8,94.07513984990975,-94.07513984990975,5,36.40012392648441,18.815027969981948,1005.9083467497395,0,0.2915952819959306,0.2915952819959306,0.2915952819959306,0.8,1.0,19.200000000000003,24.0,37.5,62.5,18.815027969981948,125.73854334371744,2,4.0,2,6,0,3,25.0,2.3333333333333335,100.0,23.95543374868356,0.6750532523834281,23.280380496300133,13.090369802878802,21.686407883118775,8.499735019439623,22.838310414813748,21.590104822318423,35.40012392648441,12.77108981311767,3,37.5,,
20250516_143957,aca,125,,,,,,,,,,,2,1,13.4,20.9,39,600,60,80,"(6.0, 6.0)",0.71,3.0,0.26666666666666666,False,125,0.01,"{'type': 'hourly', 'hourly_rates': {0: 1.59, 1: 4.38, 2: 2.38, 3: 1.15, 4: 0.84, 5: 0.76, 6: 1.0, 7: 2.25, 8: 2.86, 9: 1.94, 10: 1.23, 11: 0.85, 12: 0.55, 13: 0.37, 14: 0.21, 15: 0.13, 16: 0.08, 17: 0.05, 18: 0.04, 19: 0.04, 20: 0.12, 21: 0.24, 22: 0.41, 23: 0.53}}",False,15,0,0,5,4.0,13,,,18,15,388.95697978999954,-388.95697978999954,13,77.25775338307966,29.91976767615381,1754.4814314454266,0,0.28776793396147776,0.28776793396147776,0.28776793396147776,1.5,1.875,36.0,45.0,13.333333333333334,86.66666666666667,29.91976767615381,116.96542876302844,2,7.5,7,8,0,4,33.33333333333333,2.0,100.0,38.46389061896755,8.036935372237881,30.426955246729666,13.280361412231665,29.775700731568634,21.91292625753423,77.16628272268181,35.1932876697659,92.08751097176855,22.341536052055176,2,13.333333333333334,,
20250516_143957,aca,126,,,,,,,,,,,2,1,13.4,20.9,39,600,60,80,"(6.0, 6.0)",0.71,3.0,0.26666666666666666,False,126,0.01,"{'type': 'hourly', 'hourly_rates': {0: 1.59, 1: 4.38, 2: 2.38, 3: 1.15, 4: 0.84, 5: 0.76, 6: 1.0, 7: 2.25, 8: 2.86, 9: 1.94, 10: 1.23, 11: 0.85, 12: 0.55, 13: 0.37, 14: 0.21, 15: 0.13, 16: 0.08, 17: 0.05, 18: 0.04, 19: 0.04, 20: 0.12, 21: 0.24, 22: 0.41, 23: 0.53}}",False,15,0,0,5,4.0,13,,,8,8,26.347500638629697,-26.347500638629697,2,18.190884004402847,13.173750319314848,527.7420755650616,0,0.5473665179034015,0.5473665179034015,0.5473665179034015,0.8,1.0,19.200000000000003,24.0,75.0,25.0,13.173750319314848,65.9677594456327,2,4.0,4,4,1,0,0,0,0,0,0,0,15.360760139730559,20.578738499202444,6.529974968241907,22.612145505200402,21.890735107972464,43.19088400440285,38.02225730353974,3,37.5,,
20250516_143958,aca,127,,,,,,,,,,,2,1,13.4,20.9,39,600,60,80,"(6.0, 6.0)",0.71,3.0,0.26666666666666666,False,127,0.01,"{'type': 'hourly', 'hourly_rates': {0: 1.59, 1: 4.38, 2: 2.38, 3: 1.15, 4: 0.84, 5: 0.76, 6: 1.0, 7: 2.25, 8: 2.86, 9: 1.94, 10: 1.23, 11: 0.85, 12: 0.55, 13: 0.37, 14: 0.21, 15: 0.13, 16: 0.08, 17: 0.05, 18: 0.04, 19: 0.04, 20: 0.12, 21: 0.24, 22: 0.41, 23: 0.53}}",False,15,0,0,5,4.0,13,,,14,10,260.1978752858914,-260.1978752858914,10,53.679833081439824,26.01978752858914,1426.8675730740204,0,0.2632245993528814,0.2632245993528814,0.2632245993528814,1.0,1.25,24.0,30.0,0.0,100.0,26.01978752858914,142.68675730740205,2,5.0,5,5,1,5,40.0,2.2,100.0,25.63234173008746,5.609545466027659,20.022796264059803,12.40485829851233,21.552572597754704,14.928490343846107,56.71688691871128,27.333348642358438,68.67983308143982,17.565392920485507,3,30.0,,
20250516_143958,aca,128,,,,,,,,,,,2,1,13.4,20.9,39,600,60,80,"(6.0, 6.0)",0.71,3.0,0.26666666666666666,False,128,0.01,"{'type': 'hourly', 'hourly_rates': {0: 1.59, 1: 4.38, 2: 2.38, 3: 1.15, 4: 0.84, 5: 0.76, 6: 1.0, 7: 2.25, 8: 2.86, 9: 1.94, 10: 1.23, 11: 0.85, 12: 0.55, 13: 0.37, 14: 0.21, 15: 0.13, 16: 0.08, 17: 0.05, 18: 0.04, 19: 0.04, 20: 0.12, 21: 0.24, 22: 0.41, 23: 0.53}}",False,15,0,0,5,4.0,13,,,11,9,132.17980973212593,-132.17980973212593,7,32.16561856947017,18.882829961732277,982.0253630213118,0,0.17874839857832794,0.17874839857832794,0.17874839857832794,0.9,1.125,21.6,27.0,22.22222222222222,77.77777777777779,18.882829961732277,109.11392922459021,2,4.5,2,7,1,3,22.22222222222222,2.3333333333333335,100.0,15.778412218456161,6.452706329635389,9.325705888820771,13.65077493259675,15.859378847174861,10.762565920765514,28.00310111189566,24.413340853362264,43.86247995907052,17.48209636978052,4,44.44444444444444,,
20250516_143959,aca,129,,,,,,,,,,,2,1,13.4,20.9,39,600,60,80,"(6.0, 6.0)",0.71,3.0,0.26666666666666666,False,129,0.01,"{'type': 'hourly', 'hourly_rates': {0: 1.59, 1: 4.38, 2: 2.38, 3: 1.15, 4: 0.84, 5: 0.76, 6: 1.0, 7: 2.25, 8: 2.86, 9: 1.94, 10: 1.23, 11: 0.85, 12: 0.55, 13: 0.37, 14: 0.21, 15: 0.13, 16: 0.08, 17: 0.05, 18: 0.04, 19: 0.04, 20: 0.12, 21: 0.24, 22: 0.41, 23: 0.53}}",False,15,0,0,5,4.0,13,,,21,14,597.8805079971744,-597.8805079971743,13,139.18581004400068,45.99080830747495,2856.4632713815436,0,0.06155755698990668,0.06155755698990668,0.06155755698990668,1.4,1.75,33.599999999999994,42.0,7.142857142857142,92.85714285714286,45.99080830747495,204.0330908129674,2,7.0,5,9,0,11,64.28571428571429,2.3636363636363638,100.0,25.444029621020306,18.169206063123102,7.274823557897204,11.135368081033192,15.84045655578268,21.705350267735366,67.80531336954854,32.84071834876856,79.18501469505026,3.8656357943095827,2,14.285714285714285,,
20250516_143959,aca,130,,,,,,,,,,,2,1,13.4,20.9,39,600,60,80,"(6.0, 6.0)",0.71,3.0,0.26666666666666666,False,130,0.01,"{'type': 'hourly', 'hourly_rates': {0: 1.59, 1: 4.38, 2: 2.38, 3: 1.15, 4: 0.84, 5: 0.76, 6: 1.0, 7: 2.25, 8: 2.86, 9: 1.94, 10: 1.23, 11: 0.85, 12: 0.55, 13: 0.37, 14: 0.21, 15: 0.13, 16: 0.08, 17: 0.05, 18: 0.04, 19: 0.04, 20: 0.12, 21: 0.24, 22: 0.41, 23: 0.53}}",False,15,0,0,5,4.0,13,,,10,9,38.253175874160824,-38.253175874160824,4,15.668478268964577,9.563293968540206,1414.4823204144966,0,0.4746984971453383,0.4746984971453383,0.4746984971453383,0.9,1.125,21.6,27.0,55.55555555555556,44.44444444444444,9.563293968540206,157.1647022682774,2,4.5,3,6,0,1,11.11111111111111,2.0,100.0,6.572535766795227,3.9600800134206997,2.612455753374527,11.953655362136244,18.005053404527246,7.85992010646757,25.665964625365213,19.813575468603815,35.23475932473769,8.48972286481587,2,22.22222222222222,,
20250516_143959,aca,131,,,,,,,,,,,2,1,13.4,20.9,39,600,60,80,"(6.0, 6.0)",0.71,3.0,0.26666666666666666,False,131,0.01,"{'type': 'hourly', 'hourly_rates': {0: 1.59, 1: 4.38, 2: 2.38, 3: 1.15, 4: 0.84, 5: 0.76, 6: 1.0, 7: 2.25, 8: 2.86, 9: 1.94, 10: 1.23, 11: 0.85, 12: 0.55, 13: 0.37, 14: 0.21, 15: 0.13, 16: 0.08, 17: 0.05, 18: 0.04, 19: 0.04, 20: 0.12, 21: 0.24, 22: 0.41, 23: 0.53}}",False,15,0,0,5,4.0,13,,,10,10,89.59382636584293,-89.59382636584293,5,35.308099971248,17.918765273168585,926.8328091708602,0,0.40077306488580816,0.40077306488580816,0.40077306488580816,1.0,1.25,24.0,30.0,50.0,50.0,17.918765273168585,92.68328091708602,2,5.0,4,6,1,0,0,0,0,0,0,0,12.594064943371084,24.956741635610058,13.87977216752661,34.544530527230535,26.473837110897694,57.308099971248,16.9179336524304,3,30.0,,
20250516_144000,aca,132,,,,,,,,,,,2,1,13.4,20.9,39,600,60,80,"(6.0, 6.0)",0.71,3.0,0.26666666666666666,False,132,0.01,"{'type': 'hourly', 'hourly_rates': {0: 1.59, 1: 4.38, 2: 2.38, 3: 1.15, 4: 0.84, 5: 0.76, 6: 1.0, 7: 2.25, 8: 2.86, 9: 1.94, 10: 1.23, 11: 0.85, 12: 0.55, 13: 0.37, 14: 0.21, 15: 0.13, 16: 0.08, 17: 0.05, 18: 0.04, 19: 0.04, 20: 0.12, 21: 0.24, 22: 0.41, 23: 0.53}}",False,15,0,0,5,4.0,13,,,14,11,78.02512939116703,-78.02512939116703,7,25.606663509914796,11.146447055881003,902.6982119312775,0,0.2970646444551052,0.2970646444551052,0.2970646444551052,1.1,1.375,26.400000000000002,33.0,36.36363636363637,63.63636363636363,11.146447055881003,82.06347381193432,2,5.5,4,7,0,3,18.181818181818183,2.3333333333333335,100.0,6.733072662041906,5.75894643935548,0.9741262226864258,12.061159439823928,19.599439437829673,11.85695995904012,45.172771200334495,23.91811939886405,53.606663509914796,27.61461553403504,3,27.27272727272727,,
20250516_144000,aca,133,,,,,,,,,,,2,1,13.4,20.9,39,600,60,80,"(6.0, 6.0)",0.71,3.0,0.26666666666666666,False,133,0.01,"{'type': 'hourly', 'hourly_rates': {0: 1.59, 1: 4.38, 2: 2.38, 3: 1.15, 4: 0.84, 5: 0.76, 6: 1.0, 7: 2.25, 8: 2.86, 9: 1.94, 10: 1.23, 11: 0.85, 12: 0.55, 13: 0.37, 14: 0.21, 15: 0.13, 16: 0.08, 17: 0.05, 18: 0.04, 19: 0.04, 20: 0.12, 21: 0.24, 22: 0.41, 23: 0.53}}",False,15,0,0,5,4.0,13,,,9,9,7.415244453034063,-7.415244453034063,1,7.415244453034063,7.415244453034063,909.074000079295,0,0.450951657565079,0.450951657565079,0.450951657565079,0.9,1.125,21.6,27.0,88.88888888888889,11.11111111111111,7.415244453034063,101.00822223103279,2,4.5,3,6,1,0,0,0,0,0,0,0,10.26976715094803,18.31894389419574,4.678951732146008,15.376349929308216,14.948718883094038,28.415244453034063,7.6485345722589795,4,44.44444444444444,,
20250516_144000,aca,134,,,,,,,,,,,2,1,13.4,20.9,39,600,60,80,"(6.0, 6.0)",0.71,3.0,0.26666666666666666,False,134,0.01,"{'type': 'hourly', 'hourly_rates': {0: 1.59, 1: 4.38, 2: 2.38, 3: 1.15, 4: 0.84, 5: 0.76, 6: 1.0, 7: 2.25, 8: 2.86, 9: 1.94, 10: 1.23, 11: 0.85, 12: 0.55, 13: 0.37, 14: 0.21, 15: 0.13, 16: 0.08, 17: 0.05, 18: 0.04, 19: 0.04, 20: 0.12, 21: 0.24, 22: 0.41, 23: 0.53}}",False,15,0,0,5,4.0,13,,,10,8,118.43059390812823,-118.43059390812823,6,39.51541617147066,19.73843231802137,1276.2524787350153,0,0.4126594249879684,0.4126594249879684,0.4126594249879684,0.8,1.0,19.200000000000003,24.0,25.0,75.0,19.73843231802137,159.5315598418769,2,4.0,2,6,1,4,37.5,2.25,100.0,20.714219468930793,1.300195154446476,19.414024314484315,15.382288582404072,19.85159101905981,6.465415557037106,32.346632031853574,21.847704139441177,42.67545564387089,30.015743166861526,3,37.5,,
20250516_144001,aca,135,,,,,,,,,,,2,1,13.4,20.9,39,600,60,80,"(6.0, 6.0)",0.71,3.0,0.26666666666666666,False,135,0.01,"{'type': 'hourly', 'hourly_rates': {0: 1.59, 1: 4.38, 2: 2.38, 3: 1.15, 4: 0.84, 5: 0.76, 6: 1.0, 7: 2.25, 8: 2.86, 9: 1.94, 10: 1.23, 11: 0.85, 12: 0.55, 13: 0.37, 14: 0.21, 15: 0.13, 16: 0.08, 17: 0.05, 18: 0.04, 19: 0.04, 20: 0.12, 21: 0.24, 22: 0.41, 23: 0.53}}",False,15,0,0,5,4.0,13,,,8,8,29.57359824985889,-29.57359824985889,3,15.86152282087727,9.857866083286297,728.9882905674111,0,0.5179271639847749,0.5179271639847749,0.5179271639847749,0.8,1.0,19.200000000000003,24.0,62.5,37.5,9.857866083286297,91.12353632092639,2,4.0,3,5,1,0,0,0,0,0,0,0,11.950432706256292,18.950710955882883,9.17364448144761,28.391580932647898,21.124077187703904,43.861522820877255,8.724834565140739,2,25.0,,
20250516_144001,aca,136,,,,,,,,,,,2,1,13.4,20.9,39,600,60,80,"(6.0, 6.0)",0.71,3.0,0.26666666666666666,False,136,0.01,"{'type': 'hourly', 'hourly_rates': {0: 1.59, 1: 4.38, 2: 2.38, 3: 1.15, 4: 0.84, 5: 0.76, 6: 1.0, 7: 2.25, 8: 2.86, 9: 1.94, 10: 1.23, 11: 0.85, 12: 0.55, 13: 0.37, 14: 0.21, 15: 0.13, 16: 0.08, 17: 0.05, 18: 0.04, 19: 0.04, 20: 0.12, 21: 0.24, 22: 0.41, 23: 0.53}}",False,15,0,0,5,4.0,13,,,13,9,309.9993341096007,-309.9993341096007,9,68.49150681712082,34.444370456622295,1142.6630851960072,0,0.1944741540217805,0.1944741540217805,0.1944741540217805,0.9,1.125,21.6,27.0,0.0,100.0,34.444370456622295,126.96256502177857,2,4.5,4,5,1,4,22.22222222222222,2.5,100.0,45.27665084578103,7.1901221787456056,38.086528667035424,12.186574880481318,15.893028832536942,18.762438477450516,65.39412476862447,30.94901335793184,80.49150681712082,17.688915573534956,2,22.22222222222222,,
20250516_144001,aca,137,,,,,,,,,,,2,1,13.4,20.9,39,600,60,80,"(6.0, 6.0)",0.71,3.0,0.26666666666666666,False,137,0.01,"{'type': 'hourly', 'hourly_rates': {0: 1.59, 1: 4.38, 2: 2.38, 3: 1.15, 4: 0.84, 5: 0.76, 6: 1.0, 7: 2.25, 8: 2.86, 9: 1.94, 10: 1.23, 11: 0.85, 12: 0.55, 13: 0.37, 14: 0.21, 15: 0.13, 16: 0.08, 17: 0.05, 18: 0.04, 19: 0.04, 20: 0.12, 21: 0.24, 22: 0.41, 23: 0.53}}",False,15,0,0,5,4.0,13,,,12,12,45.363155826054054,-45.363155826054054,4,25.164559315903915,11.340788956513514,1127.4246559837695,0,0.2335571741772056,0.2335571741772056,0.2335571741772056,1.2,1.5,28.799999999999997,36.0,66.66666666666666,33.33333333333333,11.340788956513514,93.95205466531412,2,6.0,5,7,1,0,0,0,0,0,0,0,16.96581856258329,24.20371145832968,7.249662900694601,42.02753573086054,24.215481463277893,53.16455931590392,79.16477730861288,8,66.66666666666666,,
20250516_144002,aca,138,,,,,,,,,,,2,1,13.4,20.9,39,600,60,80,"(6.0, 6.0)",0.71,3.0,0.26666666666666666,False,138,0.01,"{'type': 'hourly', 'hourly_rates': {0: 1.59, 1: 4.38, 2: 2.38, 3: 1.15, 4: 0.84, 5: 0.76, 6: 1.0, 7: 2.25, 8: 2.86, 9: 1.94, 10: 1.23, 11: 0.85, 12: 0.55, 13: 0.37, 14: 0.21, 15: 0.13, 16: 0.08, 17: 0.05, 18: 0.04, 19: 0.04, 20: 0.12, 21: 0.24, 22: 0.41, 23: 0.53}}",False,15,0,0,5,4.0,13,,,6,6,99.34029978748833,-99.34029978748833,2,54.08806978609502,49.67014989374417,806.986150775097,0,0.5629018305152852,0.5629018305152852,0.5629018305152852,0.6,0.75,14.399999999999999,18.0,66.66666666666666,33.33333333333333,49.67014989374417,134.4976917958495,2,3.0,2,4,1,1,33.33333333333333,2.0,100.0,27.04403489304751,11.313057500348329,15.730977392699181,12.208484713264715,18.0194892321295,22.675157648169304,61.11370259442924,34.88364236143402,69.25223000139331,15.078319621374142,2,33.33333333333333,,
20250516_144002,aca,139,,,,,,,,,,,2,1,13.4,20.9,39,600,60,80,"(6.0, 6.0)",0.71,3.0,0.26666666666666666,False,139,0.01,"{'type': 'hourly', 'hourly_rates': {0: 1.59, 1: 4.38, 2: 2.38, 3: 1.15, 4: 0.84, 5: 0.76, 6: 1.0, 7: 2.25, 8: 2.86, 9: 1.94, 10: 1.23, 11: 0.85, 12: 0.55, 13: 0.37, 14: 0.21, 15: 0.13, 16: 0.08, 17: 0.05, 18: 0.04, 19: 0.04, 20: 0.12, 21: 0.24, 22: 0.41, 23: 0.53}}",False,15,0,0,5,4.0,13,,,12,10,121.35601461757551,-121.35601461757551,7,50.43551333147184,17.336573516796502,1385.484196307862,0,0.5256724656577704,0.5256724656577704,0.5256724656577704,1.0,1.25,24.0,30.0,30.0,70.0,17.336573516796502,138.5484196307862,2,5.0,5,5,1,2,20.0,2.0,100.0,10.399991395603081,12.290369147882085,-1.8903777522790044,12.999211772105577,22.217831691052993,15.879335193763893,45.60359178195901,28.878546965869468,59.43551333147184,23.853572512476724,3,30.0,,
20250516_144002,aca,140,,,,,,,,,,,2,1,13.4,20.9,39,600,60,80,"(6.0, 6.0)",0.71,3.0,0.26666666666666666,False,140,0.01,"{'type': 'hourly', 'hourly_rates': {0: 1.59, 1: 4.38, 2: 2.38, 3: 1.15, 4: 0.84, 5: 0.76, 6: 1.0, 7: 2.25, 8: 2.86, 9: 1.94, 10: 1.23, 11: 0.85, 12: 0.55, 13: 0.37, 14: 0.21, 15: 0.13, 16: 0.08, 17: 0.05, 18: 0.04, 19: 0.04, 20: 0.12, 21: 0.24, 22: 0.41, 23: 0.53}}",False,15,0,0,5,4.0,13,,,8,8,10.451204291551875,-10.451204291551875,2,7.2449096122730055,5.225602145775937,870.4440731149439,0,0.4601238711867283,0.4601238711867283,0.4601238711867283,0.8,1.0,19.200000000000003,24.0,75.0,25.0,5.225602145775937,108.80550913936798,2,4.0,4,4,1,0,0,0,0,0,0,0,13.256312792706098,22.275239618839464,7.412400241521216,16.08356039657184,20.668713034227313,29.20629467927887,10.80276413992425,1,12.5,,
20250516_144002,aca,141,,,,,,,,,,,2,1,13.4,20.9,39,600,60,80,"(6.0, 6.0)",0.71,3.0,0.26666666666666666,False,141,0.01,"{'type': 'hourly', 'hourly_rates': {0: 1.59, 1: 4.38, 2: 2.38, 3: 1.15, 4: 0.84, 5: 0.76, 6: 1.0, 7: 2.25, 8: 2.86, 9: 1.94, 10: 1.23, 11: 0.85, 12: 0.55, 13: 0.37, 14: 0.21, 15: 0.13, 16: 0.08, 17: 0.05, 18: 0.04, 19: 0.04, 20: 0.12, 21: 0.24, 22: 0.41, 23: 0.53}}",False,15,0,0,5,4.0,13,,,15,14,76.10530125979413,-76.10530125979413,6,25.76554790753471,12.684216876632355,1158.5876298140072,0,0.20546440634808197,0.20546440634808197,0.20546440634808197,1.4,1.75,33.599999999999994,42.0,57.14285714285714,42.857142857142854,12.684216876632355,82.75625927242909,2,7.0,6,8,1,1,7.142857142857142,2.0,100.0,8.497668596893078,4.5827692315463935,3.9148993653466846,13.442917343817586,20.99156765486623,9.43172350925194,32.95161270774872,22.87464085306953,48.13701891521788,13.57979962375472,5,35.714285714285715,,
20250516_144003,rl_aca,42,,,,,,,,,,,2,1,13.4,20.9,39,600,60,80,"(6.0, 6.0)",0.71,3.0,0.26666666666666666,False,42,0.01,"{'type': 'hourly', 'hourly_rates': {0: 1.59, 1: 4.38, 2: 2.38, 3: 1.15, 4: 0.84, 5: 0.76, 6: 1.0, 7: 2.25, 8: 2.86, 9: 1.94, 10: 1.23, 11: 0.85, 12: 0.55, 13: 0.37, 14: 0.21, 15: 0.13, 16: 0.08, 17: 0.05, 18: 0.04, 19: 0.04, 20: 0.12, 21: 0.24, 22: 0.41, 23: 0.53}}",False,15,3,10,3,2.0,13,,,11,9,38.351166317434405,-38.351166317434405,3,27.169870858475406,12.783722105811469,1028.1184585489564,6,0.5008837348031273,0.5008837348031273,0.5008837348031273,0.9,1.125,21.6,27.0,66.66666666666666,33.33333333333333,12.783722105811469,114.23538428321737,2,4.5,4,5,0,1,0.0,2.0,100.0,0,0,0,13.7412498054521,21.33402659090094,3.6919069269454514,20.735986870528507,17.433156732397553,31.6486587641443,22.02261901941412,6,66.66666666666666,,
20250516_144003,rl_aca,43,,,,,,,,,,,2,1,13.4,20.9,39,600,60,80,"(6.0, 6.0)",0.71,3.0,0.26666666666666666,False,43,0.01,"{'type': 'hourly', 'hourly_rates': {0: 1.59, 1: 4.38, 2: 2.38, 3: 1.15, 4: 0.84, 5: 0.76, 6: 1.0, 7: 2.25, 8: 2.86, 9: 1.94, 10: 1.23, 11: 0.85, 12: 0.55, 13: 0.37, 14: 0.21, 15: 0.13, 16: 0.08, 17: 0.05, 18: 0.04, 19: 0.04, 20: 0.12, 21: 0.24, 22: 0.41, 23: 0.53}}",False,15,3,10,3,2.0,13,,,8,8,10.152806915903547,-10.152806915903547,1,10.152806915903547,10.152806915903547,815.1172066994176,0,0.4110497130418194,0.4110497130418194,0.4110497130418194,0.8,1.0,19.200000000000003,24.0,87.5,12.5,10.152806915903547,101.8896508374272,2,4.0,4,4,1,0,0,0,0,0,0,0,14.582244712669356,24.154144049648437,3.673486570609028,25.930579552337516,18.255731283278383,35.15280691590355,27.190683413096906,6,75.0,,
20250516_144004,rl_aca,44,,,,,,,,,,,2,1,13.4,20.9,39,600,60,80,"(6.0, 6.0)",0.71,3.0,0.26666666666666666,False,44,0.01,"{'type': 'hourly', 'hourly_rates': {0: 1.59, 1: 4.38, 2: 2.38, 3: 1.15, 4: 0.84, 5: 0.76, 6: 1.0, 7: 2.25, 8: 2.86, 9: 1.94, 10: 1.23, 11: 0.85, 12: 0.55, 13: 0.37, 14: 0.21, 15: 0.13, 16: 0.08, 17: 0.05, 18: 0.04, 19: 0.04, 20: 0.12, 21: 0.24, 22: 0.41, 23: 0.53}}",False,15,3,10,3,2.0,13,,,13,11,353.25675419159717,-353.25675419159717,8,129.91279286245188,44.157094273949646,1263.3446275851215,0,0.2204909652887892,0.2204909652887892,0.2204909652887892,1.1,1.375,26.400000000000002,33.0,27.27272727272727,72.72727272727273,44.157094273949646,114.84951159864741,2,5.5,4,7,1,2,18.181818181818183,2.0,100.0,53.55985661058311,18.518189239192534,35.041667371390574,12.973315669058525,23.13672698726552,27.32914780510586,150.64205389967591,40.30246347416439,158.91279286245188,33.924541747794166,5,45.45454545454545,,
20250516_144006,rl_aca,45,,,,,,,,,,,2,1,13.4,20.9,39,600,60,80,"(6.0, 6.0)",0.71,3.0,0.26666666666666666,False,45,0.01,"{'type': 'hourly', 'hourly_rates': {0: 1.59, 1: 4.38, 2: 2.38, 3: 1.15, 4: 0.84, 5: 0.76, 6: 1.0, 7: 2.25, 8: 2.86, 9: 1.94, 10: 1.23, 11: 0.85, 12: 0.55, 13: 0.37, 14: 0.21, 15: 0.13, 16: 0.08, 17: 0.05, 18: 0.04, 19: 0.04, 20: 0.12, 21: 0.24, 22: 0.41, 23: 0.53}}",False,15,3,10,3,2.0,13,,,19,12,943.7660668643762,-943.7660668643762,12,428.95271363874787,78.64717223869802,1487.3456697681488,7,0.2881775616732641,0.2881775616732641,0.2881775616732641,1.2,1.5,28.799999999999997,36.0,0.0,100.0,78.64717223869802,123.94547248067907,2,6.0,4,8,0,4,33.33333333333333,2.25,100.0,84.1944528393296,7.103013522913429,77.09143931641617,12.222699720646828,19.501732950890016,35.00015884209284,286.49939237968727,47.22285856273967,299.4929701777486,0.0,0,0.0,,
20250516_144006,rl_aca,46,,,,,,,,,,,2,1,13.4,20.9,39,600,60,80,"(6.0, 6.0)",0.71,3.0,0.26666666666666666,False,46,0.01,"{'type': 'hourly', 'hourly_rates': {0: 1.59, 1: 4.38, 2: 2.38, 3: 1.15, 4: 0.84, 5: 0.76, 6: 1.0, 7: 2.25, 8: 2.86, 9: 1.94, 10: 1.23, 11: 0.85, 12: 0.55, 13: 0.37, 14: 0.21, 15: 0.13, 16: 0.08, 17: 0.05, 18: 0.04, 19: 0.04, 20: 0.12, 21: 0.24, 22: 0.41, 23: 0.53}}",False,15,3,10,3,2.0,13,,,12,9,153.47301536008956,-153.4730153600896,7,72,21.924716480012794,1226.904404613869,1,0.4041692311714133,0.4041692311714133,0.4041692311714133,0.9,1.125,21.6,27.0,22.22222222222222,77.77777777777779,21.924716480012794,136.3227116237632,2,4.5,4,5,0,3,22.22222222222222,2.3333333333333335,100.0,20.549898547903616,1.2993075480580873,19.250590999845528,13.402615647166524,21.61474449333633,6.40742155644758,21.705847990761185,19.8100372036141,36.062271836999514,34.101476614367314,3,33.33333333333333,,
20250516_144011,rl_aca,47,,,,,,,,,,,2,1,13.4,20.9,39,600,60,80,"(6.0, 6.0)",0.71,3.0,0.26666666666666666,False,47,0.01,"{'type': 'hourly', 'hourly_rates': {0: 1.59, 1: 4.38, 2: 2.38, 3: 1.15, 4: 0.84, 5: 0.76, 6: 1.0, 7: 2.25, 8: 2.86, 9: 1.94, 10: 1.23, 11: 0.85, 12: 0.55, 13: 0.37, 14: 0.21, 15: 0.13, 16: 0.08, 17: 0.05, 18: 0.04, 19: 0.04, 20: 0.12, 21: 0.24, 22: 0.41, 23: 0.53}}",False,15,3,10,3,2.0,13,,,10,4,0,0,0,0,0,289.5416309979833,6,0.776316643395128,0.776316643395128,0.776316643395128,0.4,0.5,9.600000000000001,12.0,100.0,0.0,0,72.38540774949583,2,2.0,1,3,1,0,0,0,0,0,0,0,14.632355260706735,18.49006086316018,0.32905226068373494,0.4881889694741943,14.96140752139047,18.86910029621299,21.171979926739255,3,75.0,,
20250516_144018,rl_aca,48,,,,,,,,,,,2,1,13.4,20.9,39,600,60,80,"(6.0, 6.0)",0.71,3.0,0.26666666666666666,False,48,0.01,"{'type': 'hourly', 'hourly_rates': {0: 1.59, 1: 4.38, 2: 2.38, 3: 1.15, 4: 0.84, 5: 0.76, 6: 1.0, 7: 2.25, 8: 2.86, 9: 1.94, 10: 1.23, 11: 0.85, 12: 0.55, 13: 0.37, 14: 0.21, 15: 0.13, 16: 0.08, 17: 0.05, 18: 0.04, 19: 0.04, 20: 0.12, 21: 0.24, 22: 0.41, 23: 0.53}}",False,15,3,10,3,2.0,13,,,13,0,0,0,0,0,0,0,13,1.0,1.0,1.0,0.0,0.0,0.0,0.0,0,0,0,0,0,0,0,0,,0,0,0,0,0,0,0,0,0.0,0,0.0,0,0.0,0.0,0,0,,
20250516_144018,rl_aca,49,,,,,,,,,,,2,1,13.4,20.9,39,600,60,80,"(6.0, 6.0)",0.71,3.0,0.26666666666666666,False,49,0.01,"{'type': 'hourly', 'hourly_rates': {0: 1.59, 1: 4.38, 2: 2.38, 3: 1.15, 4: 0.84, 5: 0.76, 6: 1.0, 7: 2.25, 8: 2.86, 9: 1.94, 10: 1.23, 11: 0.85, 12: 0.55, 13: 0.37, 14: 0.21, 15: 0.13, 16: 0.08, 17: 0.05, 18: 0.04, 19: 0.04, 20: 0.12, 21: 0.24, 22: 0.41, 23: 0.53}}",False,15,3,10,3,2.0,13,,,12,10,140.7984176034599,-140.7984176034599,7,38.14810284880929,20.11405965763713,1959.070724243754,0,0.48621091220973406,0.48621091220973406,0.48621091220973406,1.0,1.25,24.0,30.0,30.0,70.0,20.11405965763713,195.9070724243754,2,5.0,4,6,0,2,20.0,2.0,100.0,32.851028143267314,2.7813034510757397,30.069724692191574,10.411106713597226,20.03507424706629,9.380902926270963,36.48118658657717,19.79200963986819,43.92019819339461,20.50870868722606,2,20.0,,
20250516_144021,rl_aca,50,,,,,,,,,,,2,1,13.4,20.9,39,600,60,80,"(6.0, 6.0)",0.71,3.0,0.26666666666666666,False,50,0.01,"{'type': 'hourly', 'hourly_rates': {0: 1.59, 1: 4.38, 2: 2.38, 3: 1.15, 4: 0.84, 5: 0.76, 6: 1.0, 7: 2.25, 8: 2.86, 9: 1.94, 10: 1.23, 11: 0.85, 12: 0.55, 13: 0.37, 14: 0.21, 15: 0.13, 16: 0.08, 17: 0.05, 18: 0.04, 19: 0.04, 20: 0.12, 21: 0.24, 22: 0.41, 23: 0.53}}",False,15,3,10,3,2.0,13,,,5,0,0,0,0,0,0,0,5,1.0,1.0,1.0,0.0,0.0,0.0,0.0,0,0,0,0,0,0,0,0,,0,0,0,0,0,0,0,0,0.0,0,0.0,0,0.0,0.0,0,0,,
20250516_144021,rl_aca,51,,,,,,,,,,,2,1,13.4,20.9,39,600,60,80,"(6.0, 6.0)",0.71,3.0,0.26666666666666666,False,51,0.01,"{'type': 'hourly', 'hourly_rates': {0: 1.59, 1: 4.38, 2: 2.38, 3: 1.15, 4: 0.84, 5: 0.76, 6: 1.0, 7: 2.25, 8: 2.86, 9: 1.94, 10: 1.23, 11: 0.85, 12: 0.55, 13: 0.37, 14: 0.21, 15: 0.13, 16: 0.08, 17: 0.05, 18: 0.04, 19: 0.04, 20: 0.12, 21: 0.24, 22: 0.41, 23: 0.53}}",False,15,3,10,3,2.0,13,,,9,9,7.300174669047067,-7.300174669047067,3,3.3244726609183886,2.4333915563490223,1156.017875340162,5,0.5075586930289365,0.5075586930289365,0.5075586930289365,0.9,1.125,21.6,27.0,66.66666666666666,33.33333333333333,2.4333915563490223,128.44643059335132,2,4.5,3,6,1,0,0,0,0,0,0,0,12.76868486451527,22.93815343623038,4.0966786260656285,9.38164482677621,16.865363490580897,23.565152759552063,13.89908602536974,3,33.33333333333333,,
20250516_144021,rl_aca,52,,,,,,,,,,,2,1,13.4,20.9,39,600,60,80,"(6.0, 6.0)",0.71,3.0,0.26666666666666666,False,52,0.01,"{'type': 'hourly', 'hourly_rates': {0: 1.59, 1: 4.38, 2: 2.38, 3: 1.15, 4: 0.84, 5: 0.76, 6: 1.0, 7: 2.25, 8: 2.86, 9: 1.94, 10: 1.23, 11: 0.85, 12: 0.55, 13: 0.37, 14: 0.21, 15: 0.13, 16: 0.08, 17: 0.05, 18: 0.04, 19: 0.04, 20: 0.12, 21: 0.24, 22: 0.41, 23: 0.53}}",False,15,3,10,3,2.0,13,,,7,7,14.843273630953604,-14.843273630953604,2,13,7.421636815476802,1353.6011802514233,0,0.5090450525723594,0.5090450525723594,0.5090450525723594,0.7,0.875,16.799999999999997,21.0,71.42857142857143,28.57142857142857,7.421636815476802,193.37159717877475,2,3.5,3,4,1,0,0,0,0,0,0,0,13.202065786747507,20.633399046563,3.8719712507776753,11.309845693058193,17.074037037525184,24,15.68507291141296,4,57.14285714285714,,
20250516_144022,rl_aca,53,,,,,,,,,,,2,1,13.4,20.9,39,600,60,80,"(6.0, 6.0)",0.71,3.0,0.26666666666666666,False,53,0.01,"{'type': 'hourly', 'hourly_rates': {0: 1.59, 1: 4.38, 2: 2.38, 3: 1.15, 4: 0.84, 5: 0.76, 6: 1.0, 7: 2.25, 8: 2.86, 9: 1.94, 10: 1.23, 11: 0.85, 12: 0.55, 13: 0.37, 14: 0.21, 15: 0.13, 16: 0.08, 17: 0.05, 18: 0.04, 19: 0.04, 20: 0.12, 21: 0.24, 22: 0.41, 23: 0.53}}",False,15,3,10,3,2.0,13,,,14,10,568.0228446534865,-568.0228446534865,8,143.38379275716787,71.00285558168581,1307.2300747964377,2,0.3604104876521665,0.3604104876521665,0.3604104876521665,1.0,1.25,24.0,30.0,20.0,80.0,71.00285558168581,130.72300747964377,2,5.0,3,7,0,4,30.0,2.5,100.0,60.155809562114236,11.418267211135957,48.73754235097828,12.121346816163708,22.320657499971716,26.47510808054753,118.79926282301875,38.596454896711236,130.68577302252777,2.0738080087815263,2,20.0,,
20250516_144023,rl_aca,54,,,,,,,,,,,2,1,13.4,20.9,39,600,60,80,"(6.0, 6.0)",0.71,3.0,0.26666666666666666,False,54,0.01,"{'type': 'hourly', 'hourly_rates': {0: 1.59, 1: 4.38, 2: 2.38, 3: 1.15, 4: 0.84, 5: 0.76, 6: 1.0, 7: 2.25, 8: 2.86, 9: 1.94, 10: 1.23, 11: 0.85, 12: 0.55, 13: 0.37, 14: 0.21, 15: 0.13, 16: 0.08, 17: 0.05, 18: 0.04, 19: 0.04, 20: 0.12, 21: 0.24, 22: 0.41, 23: 0.53}}",False,15,3,10,3,2.0,13,,,9,5,57.26666467948428,-57.26666467948428,3,26.891584249823836,19.08888822649476,912.6100554518094,2,0.7649490774109694,0.7649490774109694,0.7649490774109694,0.5,0.625,12.0,15.0,40.0,60.0,19.08888822649476,182.5220110903619,2,2.5,2,3,0,1,20.0,2.0,100.0,26.891584249823836,2.6196903963738123,24.271893853450024,12.338814374535053,16.45476851228443,7.112205092725651,18.24072872964257,19.451019467260704,28.891584249823893,1.3666888336578324,1,20.0,,
20250516_144024,rl_aca,55,,,,,,,,,,,2,1,13.4,20.9,39,600,60,80,"(6.0, 6.0)",0.71,3.0,0.26666666666666666,False,55,0.01,"{'type': 'hourly', 'hourly_rates': {0: 1.59, 1: 4.38, 2: 2.38, 3: 1.15, 4: 0.84, 5: 0.76, 6: 1.0, 7: 2.25, 8: 2.86, 9: 1.94, 10: 1.23, 11: 0.85, 12: 0.55, 13: 0.37, 14: 0.21, 15: 0.13, 16: 0.08, 17: 0.05, 18: 0.04, 19: 0.04, 20: 0.12, 21: 0.24, 22: 0.41, 23: 0.53}}",False,15,3,10,3,2.0,13,,,11,10,58.907072880757234,-58.907072880757234,5,30.08255624622994,11.781414576151446,1348.464278110812,6,0.24810226776321723,0.24810226776321723,0.24810226776321723,1.0,1.25,24.0,30.0,50.0,50.0,11.781414576151446,134.8464278110812,2,5.0,5,5,1,0,0,0,0,0,0,0,12.911929144407717,21.88595859026904,11.481100616266133,46.65329630180409,24.393029760673848,59.08255624622994,33.14002057981914,5,50.0,,
20250516_144027,rl_aca,56,,,,,,,,,,,2,1,13.4,20.9,39,600,60,80,"(6.0, 6.0)",0.71,3.0,0.26666666666666666,False,56,0.01,"{'type': 'hourly', 'hourly_rates': {0: 1.59, 1: 4.38, 2: 2.38, 3: 1.15, 4: 0.84, 5: 0.76, 6: 1.0, 7: 2.25, 8: 2.86, 9: 1.94, 10: 1.23, 11: 0.85, 12: 0.55, 13: 0.37, 14: 0.21, 15: 0.13, 16: 0.08, 17: 0.05, 18: 0.04, 19: 0.04, 20: 0.12, 21: 0.24, 22: 0.41, 23: 0.53}}",False,15,3,10,3,2.0,13,,,10,5,49.999236046597275,-49.999236046597275,3,26.599323352093677,16.666412015532426,616.5714678703989,5,0.6197387184372091,0.6197387184372091,0.6197387184372091,0.5,0.625,12.0,15.0,40.0,60.0,16.666412015532426,123.31429357407978,2,2.5,2,3,1,2,20.0,2.0,100.0,26.599323352093677,4.78268104368852,21.816642308405157,18.344710954159336,24.415847214282195,6.56441951035716,19.714876960471884,24.909130464516497,44.13072417475408,9.136636921503907,2,40.0,,
20250516_144030,rl_aca,57,,,,,,,,,,,2,1,13.4,20.9,39,600,60,80,"(6.0, 6.0)",0.71,3.0,0.26666666666666666,False,57,0.01,"{'type': 'hourly', 'hourly_rates': {0: 1.59, 1: 4.38, 2: 2.38, 3: 1.15, 4: 0.84, 5: 0.76, 6: 1.0, 7: 2.25, 8: 2.86, 9: 1.94, 10: 1.23, 11: 0.85, 12: 0.55, 13: 0.37, 14: 0.21, 15: 0.13, 16: 0.08, 17: 0.05, 18: 0.04, 19: 0.04, 20: 0.12, 21: 0.24, 22: 0.41, 23: 0.53}}",False,15,3,10,3,2.0,13,,,12,7,1.67715678175216,-1.67715678175216,2,1.6037433067472193,0.83857839087608,724.0482552366924,5,0.7000863949248157,0.7000863949248157,0.7000863949248157,0.7,0.875,16.799999999999997,21.0,71.42857142857143,28.57142857142857,0.83857839087608,103.4354650338132,2,3.5,2,5,0,0,0,0,0,0,0,0,12.70630980150028,18.227635137720426,2.8288575897854975,8.619896367254029,15.535167391285778,19.07341347500494,22.570247575306013,4,57.14285714285714,,
20250516_144035,rl_aca,58,,,,,,,,,,,2,1,13.4,20.9,39,600,60,80,"(6.0, 6.0)",0.71,3.0,0.26666666666666666,False,58,0.01,"{'type': 'hourly', 'hourly_rates': {0: 1.59, 1: 4.38, 2: 2.38, 3: 1.15, 4: 0.84, 5: 0.76, 6: 1.0, 7: 2.25, 8: 2.86, 9: 1.94, 10: 1.23, 11: 0.85, 12: 0.55, 13: 0.37, 14: 0.21, 15: 0.13, 16: 0.08, 17: 0.05, 18: 0.04, 19: 0.04, 20: 0.12, 21: 0.24, 22: 0.41, 23: 0.53}}",False,15,3,10,3,2.0,13,,,15,1,18.04355863499758,-18.04355863499758,2,16.04355863499758,9.02177931749879,155.51567890031316,15,0.8220754974280692,0.8220754974280692,0.8220754974280692,0.1,0.125,2.4000000000000004,3.0,-100.0,200.0,9.02177931749879,155.51567890031316,1,1.0,1,1,1,1,100.0,2.0,100.0,0,0,0,5.570250880031588,5.570250880031588,18.47330775496599,18.47330775496599,24.043558634997577,24.043558634997577,0.0,0,0.0,,
20250516_144036,rl_aca,59,,,,,,,,,,,2,1,13.4,20.9,39,600,60,80,"(6.0, 6.0)",0.71,3.0,0.26666666666666666,False,59,0.01,"{'type': 'hourly', 'hourly_rates': {0: 1.59, 1: 4.38, 2: 2.38, 3: 1.15, 4: 0.84, 5: 0.76, 6: 1.0, 7: 2.25, 8: 2.86, 9: 1.94, 10: 1.23, 11: 0.85, 12: 0.55, 13: 0.37, 14: 0.21, 15: 0.13, 16: 0.08, 17: 0.05, 18: 0.04, 19: 0.04, 20: 0.12, 21: 0.24, 22: 0.41, 23: 0.53}}",False,15,3,10,3,2.0,13,,,17,13,490.2863450249817,-490.28634502498176,11,125.2830902834435,44.571485911361975,1567.1656984283252,12,0.24962051168577595,0.24962051168577595,0.24962051168577595,1.3,1.625,31.200000000000003,39.0,15.384615384615385,84.61538461538461,44.571485911361975,120.55120757140963,2,6.5,6,7,0,5,23.076923076923077,2.6,100.0,62.76257631705176,9.900580823623581,52.86199549342818,13.785560090254622,23.746734681210484,22.56420200210192,140.72196901135294,36.34976209235654,153.2830902834435,8.337434046777233,1,7.6923076923076925,,
20250516_144036,rl_aca,60,,,,,,,,,,,2,1,13.4,20.9,39,600,60,80,"(6.0, 6.0)",0.71,3.0,0.26666666666666666,False,60,0.01,"{'type': 'hourly', 'hourly_rates': {0: 1.59, 1: 4.38, 2: 2.38, 3: 1.15, 4: 0.84, 5: 0.76, 6: 1.0, 7: 2.25, 8: 2.86, 9: 1.94, 10: 1.23, 11: 0.85, 12: 0.55, 13: 0.37, 14: 0.21, 15: 0.13, 16: 0.08, 17: 0.05, 18: 0.04, 19: 0.04, 20: 0.12, 21: 0.24, 22: 0.41, 23: 0.53}}",False,15,3,10,3,2.0,13,,,7,5,194.885642771561,-194.885642771561,4,113.3064372972195,48.72141069289025,599.0284606066328,3,0.6247449540644461,0.6247449540644461,0.6247449540644461,0.5,0.625,12.0,15.0,20.0,80.0,48.72141069289025,119.80569212132657,2,2.5,2,3,0,2,40.0,2.0,100.0,12.289602737170753,0.0,12.289602737170753,12.588694637310919,18.85002114693401,6.498575320919594,12.61919291906949,19.087269958230515,28.41644647462948,7.616825723476438,1,20.0,,
20250516_144037,rl_aca,61,,,,,,,,,,,2,1,13.4,20.9,39,600,60,80,"(6.0, 6.0)",0.71,3.0,0.26666666666666666,False,61,0.01,"{'type': 'hourly', 'hourly_rates': {0: 1.59, 1: 4.38, 2: 2.38, 3: 1.15, 4: 0.84, 5: 0.76, 6: 1.0, 7: 2.25, 8: 2.86, 9: 1.94, 10: 1.23, 11: 0.85, 12: 0.55, 13: 0.37, 14: 0.21, 15: 0.13, 16: 0.08, 17: 0.05, 18: 0.04, 19: 0.04, 20: 0.12, 21: 0.24, 22: 0.41, 23: 0.53}}",False,15,3,10,3,2.0,13,,,12,11,325.64972741924197,-325.64972741924197,10,146.8664496381646,32.564972741924194,1134.7151860445874,11,0.3385643954734267,0.3385643954734267,0.3385643954734267,1.1,1.375,26.400000000000002,33.0,9.090909090909092,90.9090909090909,32.564972741924194,103.1559260040534,2,5.5,5,6,1,1,9.090909090909092,2.0,100.0,23.474371593206712,28.683135834879874,-5.208764241673162,11.016205166512158,16.099491008277738,37.19941633497913,153.02679459384782,48.21562150149128,162.8664496381646,0.0,0,0.0,,
20250516_144042,rl_aca,62,,,,,,,,,,,2,1,13.4,20.9,39,600,60,80,"(6.0, 6.0)",0.71,3.0,0.26666666666666666,False,62,0.01,"{'type': 'hourly', 'hourly_rates': {0: 1.59, 1: 4.38, 2: 2.38, 3: 1.15, 4: 0.84, 5: 0.76, 6: 1.0, 7: 2.25, 8: 2.86, 9: 1.94, 10: 1.23, 11: 0.85, 12: 0.55, 13: 0.37, 14: 0.21, 15: 0.13, 16: 0.08, 17: 0.05, 18: 0.04, 19: 0.04, 20: 0.12, 21: 0.24, 22: 0.41, 23: 0.53}}",False,15,3,10,3,2.0,13,,,11,0,0,0,0,0,0,0,11,1.0,1.0,1.0,0.0,0.0,0.0,0.0,0,0,0,0,0,0,0,0,,0,0,0,0,0,0,0,0,0.0,0,0.0,0,0.0,0.0,0,0,,
20250516_144042,rl_aca,63,,,,,,,,,,,2,1,13.4,20.9,39,600,60,80,"(6.0, 6.0)",0.71,3.0,0.26666666666666666,False,63,0.01,"{'type': 'hourly', 'hourly_rates': {0: 1.59, 1: 4.38, 2: 2.38, 3: 1.15, 4: 0.84, 5: 0.76, 6: 1.0, 7: 2.25, 8: 2.86, 9: 1.94, 10: 1.23, 11: 0.85, 12: 0.55, 13: 0.37, 14: 0.21, 15: 0.13, 16: 0.08, 17: 0.05, 18: 0.04, 19: 0.04, 20: 0.12, 21: 0.24, 22: 0.41, 23: 0.53}}",False,15,3,10,3,2.0,13,,,12,10,203.20239843314707,-203.20239843314707,6,87.92206777906402,33.86706640552451,1053.0773112934182,4,0.25571803753121997,0.25571803753121997,0.25571803753121997,1.0,1.25,24.0,30.0,40.0,60.0,33.86706640552451,105.30773112934182,2,5.0,3,7,0,3,40.0,2.0,100.0,20.11172765263295,1.49007945426073,18.62164819837222,13.985171805175693,18.535051709784028,10.464215607627349,34.20527874274504,24.44938741280304,52.1817336951633,29.170174260330015,5,50.0,,
20250516_144042,rl_aca,64,,,,,,,,,,,2,1,13.4,20.9,39,600,60,80,"(6.0, 6.0)",0.71,3.0,0.26666666666666666,False,64,0.01,"{'type': 'hourly', 'hourly_rates': {0: 1.59, 1: 4.38, 2: 2.38, 3: 1.15, 4: 0.84, 5: 0.76, 6: 1.0, 7: 2.25, 8: 2.86, 9: 1.94, 10: 1.23, 11: 0.85, 12: 0.55, 13: 0.37, 14: 0.21, 15: 0.13, 16: 0.08, 17: 0.05, 18: 0.04, 19: 0.04, 20: 0.12, 21: 0.24, 22: 0.41, 23: 0.53}}",False,15,3,10,3,2.0,13,,,16,7,1317.065023602072,-1317.0650236020715,16,233.292705875731,82.3165639751295,2587.176120106154,5,0.24485537036346994,0.24485537036346994,0.24485537036346994,0.7,0.875,16.799999999999997,21.0,-128.57142857142858,228.57142857142856,82.3165639751295,369.59658858659344,2,3.5,3,4,1,6,71.42857142857143,2.6666666666666665,100.0,66.33714783093467,165.10046893994894,-98.76332110901427,10.852927409039719,16.149694819200874,80.84516931018473,247.5650126957709,91.69809671922447,255.292705875731,0.0,0,0.0,,
20250516_144043,rl_aca,65,,,,,,,,,,,2,1,13.4,20.9,39,600,60,80,"(6.0, 6.0)",0.71,3.0,0.26666666666666666,False,65,0.01,"{'type': 'hourly', 'hourly_rates': {0: 1.59, 1: 4.38, 2: 2.38, 3: 1.15, 4: 0.84, 5: 0.76, 6: 1.0, 7: 2.25, 8: 2.86, 9: 1.94, 10: 1.23, 11: 0.85, 12: 0.55, 13: 0.37, 14: 0.21, 15: 0.13, 16: 0.08, 17: 0.05, 18: 0.04, 19: 0.04, 20: 0.12, 21: 0.24, 22: 0.41, 23: 0.53}}",False,15,3,10,3,2.0,13,,,17,12,194.0948232178239,-194.0948232178239,8,59.51790556684591,24.261852902227986,1460.3583832799302,2,0.39479297616724185,0.39479297616724185,0.39479297616724185,1.2,1.5,28.799999999999997,36.0,33.33333333333333,66.66666666666666,24.261852902227986,121.69653193999419,2,6.0,3,9,1,4,16.666666666666664,2.25,100.0,14.30033156991787,4.480379759692179,9.81995181022569,11.590874047498822,20.768608807165094,11.928078205367834,46.68450248952354,23.518952252866658,58.77804188453814,16.585107132641667,2,16.666666666666664,,
20250516_144047,rl_aca,66,,,,,,,,,,,2,1,13.4,20.9,39,600,60,80,"(6.0, 6.0)",0.71,3.0,0.26666666666666666,False,66,0.01,"{'type': 'hourly', 'hourly_rates': {0: 1.59, 1: 4.38, 2: 2.38, 3: 1.15, 4: 0.84, 5: 0.76, 6: 1.0, 7: 2.25, 8: 2.86, 9: 1.94, 10: 1.23, 11: 0.85, 12: 0.55, 13: 0.37, 14: 0.21, 15: 0.13, 16: 0.08, 17: 0.05, 18: 0.04, 19: 0.04, 20: 0.12, 21: 0.24, 22: 0.41, 23: 0.53}}",False,15,3,10,3,2.0,13,,,16,4,50.964663585438586,-50.964663585438586,2,49.44416499365218,25.482331792719293,324.26515888639324,13,0.5483478420391094,0.5483478420391094,0.5483478420391094,0.4,0.5,9.600000000000001,12.0,50.0,50.0,25.482331792719293,81.06628972159831,2,2.0,2,2,1,0,0,0,0,0,0,0,13.140678114051209,20.32389527797381,18.452625263887874,68.84174770674947,31.593303377939083,77.44416499365218,25.785786570374093,2,50.0,,
20250516_144053,rl_aca,67,,,,,,,,,,,2,1,13.4,20.9,39,600,60,80,"(6.0, 6.0)",0.71,3.0,0.26666666666666666,False,67,0.01,"{'type': 'hourly', 'hourly_rates': {0: 1.59, 1: 4.38, 2: 2.38, 3: 1.15, 4: 0.84, 5: 0.76, 6: 1.0, 7: 2.25, 8: 2.86, 9: 1.94, 10: 1.23, 11: 0.85, 12: 0.55, 13: 0.37, 14: 0.21, 15: 0.13, 16: 0.08, 17: 0.05, 18: 0.04, 19: 0.04, 20: 0.12, 21: 0.24, 22: 0.41, 23: 0.53}}",False,15,3,10,3,2.0,13,,,10,0,0,0,0,0,0,0,10,1.0,1.0,1.0,0.0,0.0,0.0,0.0,0,0,0,0,0,0,0,0,,0,0,0,0,0,0,0,0,0.0,0,0.0,0,0.0,0.0,0,0,,
20250516_144054,rl_aca,68,,,,,,,,,,,2,1,13.4,20.9,39,600,60,80,"(6.0, 6.0)",0.71,3.0,0.26666666666666666,False,68,0.01,"{'type': 'hourly', 'hourly_rates': {0: 1.59, 1: 4.38, 2: 2.38, 3: 1.15, 4: 0.84, 5: 0.76, 6: 1.0, 7: 2.25, 8: 2.86, 9: 1.94, 10: 1.23, 11: 0.85, 12: 0.55, 13: 0.37, 14: 0.21, 15: 0.13, 16: 0.08, 17: 0.05, 18: 0.04, 19: 0.04, 20: 0.12, 21: 0.24, 22: 0.41, 23: 0.53}}",False,15,3,10,3,2.0,13,,,12,8,339.0342141886355,-339.0342141886355,11,77.01017593465627,30.821292198966862,2218.5710424519048,5,0.279052388982179,0.279052388982179,0.279052388982179,0.8,1.0,19.200000000000003,24.0,-37.5,137.5,30.821292198966862,277.3213803064881,2,4.0,4,4,1,4,50.0,2.25,100.0,18.97904230013542,30.169494863067296,-11.190452562931878,14.750500497520976,23.555211437256304,19.23622591573666,76.74054788284607,33.986726413257635,91.01017593465627,2.7547183119187224,2,25.0,,
20250516_144054,rl_aca,69,,,,,,,,,,,2,1,13.4,20.9,39,600,60,80,"(6.0, 6.0)",0.71,3.0,0.26666666666666666,False,69,0.01,"{'type': 'hourly', 'hourly_rates': {0: 1.59, 1: 4.38, 2: 2.38, 3: 1.15, 4: 0.84, 5: 0.76, 6: 1.0, 7: 2.25, 8: 2.86, 9: 1.94, 10: 1.23, 11: 0.85, 12: 0.55, 13: 0.37, 14: 0.21, 15: 0.13, 16: 0.08, 17: 0.05, 18: 0.04, 19: 0.04, 20: 0.12, 21: 0.24, 22: 0.41, 23: 0.53}}",False,15,3,10,3,2.0,13,,,13,10,188.07867658756325,-188.07867658756325,6,45.86152271118965,31.34644609792721,1402.4920452450406,1,0.33859299900434997,0.33859299900434997,0.33859299900434997,1.0,1.25,24.0,30.0,40.0,60.0,31.34644609792721,140.24920452450405,2,5.0,3,7,1,2,20.0,2.5,100.0,35.006364442038986,2.784512861271711,32.22185158076728,13.46039636022336,21.412870900379062,7.884536272900287,24.199967437114353,21.344932633123648,43.27610289017369,24.739760367670247,4,40.0,,
20250516_144058,rl_aca,70,,,,,,,,,,,2,1,13.4,20.9,39,600,60,80,"(6.0, 6.0)",0.71,3.0,0.26666666666666666,False,70,0.01,"{'type': 'hourly', 'hourly_rates': {0: 1.59, 1: 4.38, 2: 2.38, 3: 1.15, 4: 0.84, 5: 0.76, 6: 1.0, 7: 2.25, 8: 2.86, 9: 1.94, 10: 1.23, 11: 0.85, 12: 0.55, 13: 0.37, 14: 0.21, 15: 0.13, 16: 0.08, 17: 0.05, 18: 0.04, 19: 0.04, 20: 0.12, 21: 0.24, 22: 0.41, 23: 0.53}}",False,15,3,10,3,2.0,13,,,16,8,105.59518322241499,-105.59518322241499,6,39.35405674537057,17.59919720373583,647.8555574251546,16,0.30961199163568953,0.30961199163568953,0.30961199163568953,0.8,1.0,19.200000000000003,24.0,25.0,75.0,17.59919720373583,80.98194467814433,2,4.0,3,5,0,0,0,0,0,0,0,0,12.659878985453215,18.32225240464109,22.455800217150717,45.567298432088236,35.11567920260393,56.35405674537057,11.083243349479641,1,12.5,,
20250516_144059,rl_aca,71,,,,,,,,,,,2,1,13.4,20.9,39,600,60,80,"(6.0, 6.0)",0.71,3.0,0.26666666666666666,False,71,0.01,"{'type': 'hourly', 'hourly_rates': {0: 1.59, 1: 4.38, 2: 2.38, 3: 1.15, 4: 0.84, 5: 0.76, 6: 1.0, 7: 2.25, 8: 2.86, 9: 1.94, 10: 1.23, 11: 0.85, 12: 0.55, 13: 0.37, 14: 0.21, 15: 0.13, 16: 0.08, 17: 0.05, 18: 0.04, 19: 0.04, 20: 0.12, 21: 0.24, 22: 0.41, 23: 0.53}}",False,15,3,10,3,2.0,13,,,16,10,539.6687744723454,-539.6687744723454,10,149.94612121034382,53.96687744723454,2093.008606555321,15,0.24128551777386312,0.24128551777386312,0.24128551777386312,1.0,1.25,24.0,30.0,0.0,100.0,53.96687744723454,209.3008606555321,2,5.0,5,5,0,6,40.0,2.3333333333333335,100.0,29.62408014085574,14.682610318242736,14.941469822613003,11.790578670494408,15.687625546318728,18.714045780984886,64.0131751502393,30.504624451479295,79.70080069655803,0.0,0,0.0,,
20250516_144100,rl_aca,72,,,,,,,,,,,2,1,13.4,20.9,39,600,60,80,"(6.0, 6.0)",0.71,3.0,0.26666666666666666,False,72,0.01,"{'type': 'hourly', 'hourly_rates': {0: 1.59, 1: 4.38, 2: 2.38, 3: 1.15, 4: 0.84, 5: 0.76, 6: 1.0, 7: 2.25, 8: 2.86, 9: 1.94, 10: 1.23, 11: 0.85, 12: 0.55, 13: 0.37, 14: 0.21, 15: 0.13, 16: 0.08, 17: 0.05, 18: 0.04, 19: 0.04, 20: 0.12, 21: 0.24, 22: 0.41, 23: 0.53}}",False,15,3,10,3,2.0,13,,,11,10,132.99016257695877,-132.99016257695877,6,38.35997828563853,22.165027096159793,1256.699212831693,6,0.327458070664723,0.327458070664723,0.327458070664723,1.0,1.25,24.0,30.0,40.0,60.0,22.165027096159793,125.66992128316932,2,5.0,4,6,1,1,10.0,2.0,100.0,0,0,0,13.426803863873394,20.962578643474387,14.43732585605043,41.730225783682954,27.864129719923824,60.35997828563853,16.99511164572985,1,10.0,,
20250516_144100,rl_aca,73,,,,,,,,,,,2,1,13.4,20.9,39,600,60,80,"(6.0, 6.0)",0.71,3.0,0.26666666666666666,False,73,0.01,"{'type': 'hourly', 'hourly_rates': {0: 1.59, 1: 4.38, 2: 2.38, 3: 1.15, 4: 0.84, 5: 0.76, 6: 1.0, 7: 2.25, 8: 2.86, 9: 1.94, 10: 1.23, 11: 0.85, 12: 0.55, 13: 0.37, 14: 0.21, 15: 0.13, 16: 0.08, 17: 0.05, 18: 0.04, 19: 0.04, 20: 0.12, 21: 0.24, 22: 0.41, 23: 0.53}}",False,15,3,10,3,2.0,13,,,15,12,271.5692417575495,-271.5692417575495,9,56.300222807736304,30.174360195283278,1151.2840802418932,0,0.20614610673012876,0.20614610673012876,0.20614610673012876,1.2,1.5,28.799999999999997,36.0,25.0,75.0,30.174360195283278,95.94034002015776,2,6.0,5,7,1,3,25.0,2.0,100.0,5.959545563452494,13.75030186659105,-7.790756303138556,14.52032272289742,24.987670002712193,13.935118664623104,66.99732839126875,28.455441387520526,82.3002228077363,44.0620165101372,6,50.0,,
20250516_144104,rl_aca,74,,,,,,,,,,,2,1,13.4,20.9,39,600,60,80,"(6.0, 6.0)",0.71,3.0,0.26666666666666666,False,74,0.01,"{'type': 'hourly', 'hourly_rates': {0: 1.59, 1: 4.38, 2: 2.38, 3: 1.15, 4: 0.84, 5: 0.76, 6: 1.0, 7: 2.25, 8: 2.86, 9: 1.94, 10: 1.23, 11: 0.85, 12: 0.55, 13: 0.37, 14: 0.21, 15: 0.13, 16: 0.08, 17: 0.05, 18: 0.04, 19: 0.04, 20: 0.12, 21: 0.24, 22: 0.41, 23: 0.53}}",False,15,3,10,3,2.0,13,,,15,7,78.90345249993482,-78.90345249993482,7,21.45522561515091,11.271921785704974,1055.8971832783614,6,0.5747050039582361,0.5747050039582361,0.5747050039582361,0.7,0.875,16.799999999999997,21.0,0.0,100.0,11.271921785704974,150.84245475405163,2,3.5,3,4,1,2,28.57142857142857,2.0,100.0,15.228519405646594,2.278897771363603,12.949621634282991,16.59288009167545,22.871027864788857,3.941401696942137,16.980642981310183,20.534281788617587,25.45522561515091,32.07654458243988,4,57.14285714285714,,
20250516_144105,rl_aca,75,,,,,,,,,,,2,1,13.4,20.9,39,600,60,80,"(6.0, 6.0)",0.71,3.0,0.26666666666666666,False,75,0.01,"{'type': 'hourly', 'hourly_rates': {0: 1.59, 1: 4.38, 2: 2.38, 3: 1.15, 4: 0.84, 5: 0.76, 6: 1.0, 7: 2.25, 8: 2.86, 9: 1.94, 10: 1.23, 11: 0.85, 12: 0.55, 13: 0.37, 14: 0.21, 15: 0.13, 16: 0.08, 17: 0.05, 18: 0.04, 19: 0.04, 20: 0.12, 21: 0.24, 22: 0.41, 23: 0.53}}",False,15,3,10,3,2.0,13,,,12,9,242.9548914887149,-242.9548914887149,7,68.93642097223966,34.70784164124499,1563.8403400233701,5,0.5888007196267573,0.5888007196267573,0.5888007196267573,0.9,1.125,21.6,27.0,22.22222222222222,77.77777777777779,34.70784164124499,173.76003778037446,2,4.5,3,6,1,3,22.22222222222222,2.3333333333333335,100.0,43.14851391678164,1.9436122062365453,41.204901710545094,13.569605508332849,18.87484274895189,10.948825922531855,31.03544587705352,24.518431430864705,47.71211044067206,11.594663482392159,4,44.44444444444444,,
20250516_144108,rl_aca,76,,,,,,,,,,,2,1,13.4,20.9,39,600,60,80,"(6.0, 6.0)",0.71,3.0,0.26666666666666666,False,76,0.01,"{'type': 'hourly', 'hourly_rates': {0: 1.59, 1: 4.38, 2: 2.38, 3: 1.15, 4: 0.84, 5: 0.76, 6: 1.0, 7: 2.25, 8: 2.86, 9: 1.94, 10: 1.23, 11: 0.85, 12: 0.55, 13: 0.37, 14: 0.21, 15: 0.13, 16: 0.08, 17: 0.05, 18: 0.04, 19: 0.04, 20: 0.12, 21: 0.24, 22: 0.41, 23: 0.53}}",False,15,3,10,3,2.0,13,,,6,0,0,0,0,0,0,0,6,1.0,1.0,1.0,0.0,0.0,0.0,0.0,0,0,0,0,0,0,0,0,,0,0,0,0,0,0,0,0,0.0,0,0.0,0,0.0,0.0,0,0,,
20250516_144108,rl_aca,77,,,,,,,,,,,2,1,13.4,20.9,39,600,60,80,"(6.0, 6.0)",0.71,3.0,0.26666666666666666,False,77,0.01,"{'type': 'hourly', 'hourly_rates': {0: 1.59, 1: 4.38, 2: 2.38, 3: 1.15, 4: 0.84, 5: 0.76, 6: 1.0, 7: 2.25, 8: 2.86, 9: 1.94, 10: 1.23, 11: 0.85, 12: 0.55, 13: 0.37, 14: 0.21, 15: 0.13, 16: 0.08, 17: 0.05, 18: 0.04, 19: 0.04, 20: 0.12, 21: 0.24, 22: 0.41, 23: 0.53}}",False,15,3,10,3,2.0,13,,,20,16,171.16954767241268,-171.16954767241268,11,32.88513002630191,15.560867970219334,1908.580708057148,0,0.14516317974421591,0.14516317974421591,0.14516317974421591,1.6,2.0,38.400000000000006,48.0,31.25,68.75,15.560867970219334,119.28629425357175,2,8.0,7,9,0,3,6.25,2.3333333333333335,100.0,22.514803744082514,6.006319225551734,16.50848451853078,11.88873885699131,16.87762823465448,14.07566836854516,46.83440225912682,25.96440722553647,58.88513002630191,23.46421975472458,4,25.0,,
20250516_144113,rl_aca,78,,,,,,,,,,,2,1,13.4,20.9,39,600,60,80,"(6.0, 6.0)",0.71,3.0,0.26666666666666666,False,78,0.01,"{'type': 'hourly', 'hourly_rates': {0: 1.59, 1: 4.38, 2: 2.38, 3: 1.15, 4: 0.84, 5: 0.76, 6: 1.0, 7: 2.25, 8: 2.86, 9: 1.94, 10: 1.23, 11: 0.85, 12: 0.55, 13: 0.37, 14: 0.21, 15: 0.13, 16: 0.08, 17: 0.05, 18: 0.04, 19: 0.04, 20: 0.12, 21: 0.24, 22: 0.41, 23: 0.53}}",False,15,3,10,3,2.0,13,,,7,0,0,0,0,0,0,0,7,1.0,1.0,1.0,0.0,0.0,0.0,0.0,0,0,0,0,0,0,0,0,,0,0,0,0,0,0,0,0,0.0,0,0.0,0,0.0,0.0,0,0,,
20250516_144117,rl_aca,79,,,,,,,,,,,2,1,13.4,20.9,39,600,60,80,"(6.0, 6.0)",0.71,3.0,0.26666666666666666,False,79,0.01,"{'type': 'hourly', 'hourly_rates': {0: 1.59, 1: 4.38, 2: 2.38, 3: 1.15, 4: 0.84, 5: 0.76, 6: 1.0, 7: 2.25, 8: 2.86, 9: 1.94, 10: 1.23, 11: 0.85, 12: 0.55, 13: 0.37, 14: 0.21, 15: 0.13, 16: 0.08, 17: 0.05, 18: 0.04, 19: 0.04, 20: 0.12, 21: 0.24, 22: 0.41, 23: 0.53}}",False,15,3,10,3,2.0,13,,,17,4,171.61132430068693,-171.61132430068693,4,57.373613059993346,42.90283107517173,348.7561147234526,17,0.6148337630460307,0.6148337630460307,0.6148337630460307,0.4,0.5,9.600000000000001,12.0,0.0,100.0,42.90283107517173,87.18902868086315,2,2.0,1,3,1,0,0,0,0,0,0,0,11.892324347432771,15.868351445675408,54.51050672773897,65.86695592631332,66.40283107517173,81.37361305999335,0.0,0,0.0,,
20250516_144118,rl_aca,80,,,,,,,,,,,2,1,13.4,20.9,39,600,60,80,"(6.0, 6.0)",0.71,3.0,0.26666666666666666,False,80,0.01,"{'type': 'hourly', 'hourly_rates': {0: 1.59, 1: 4.38, 2: 2.38, 3: 1.15, 4: 0.84, 5: 0.76, 6: 1.0, 7: 2.25, 8: 2.86, 9: 1.94, 10: 1.23, 11: 0.85, 12: 0.55, 13: 0.37, 14: 0.21, 15: 0.13, 16: 0.08, 17: 0.05, 18: 0.04, 19: 0.04, 20: 0.12, 21: 0.24, 22: 0.41, 23: 0.53}}",False,15,3,10,3,2.0,13,,,16,10,275.9547633790402,-275.9547633790402,8,83.50676142350511,34.49434542238002,1541.2918310405162,0,0.30372082735817446,0.30372082735817446,0.30372082735817446,1.0,1.25,24.0,30.0,20.0,80.0,34.49434542238002,154.1291831040516,2,5.0,2,8,0,5,20.0,2.2,100.0,46.55143188124039,2.8335469735913037,43.717884907649086,14.858100873733736,28.84741953073518,8.65547431086937,48.62368333090677,23.513575184603106,56.740584177684724,54.403302768590706,5,50.0,,
20250516_144118,rl_aca,81,,,,,,,,,,,2,1,13.4,20.9,39,600,60,80,"(6.0, 6.0)",0.71,3.0,0.26666666666666666,False,81,0.01,"{'type': 'hourly', 'hourly_rates': {0: 1.59, 1: 4.38, 2: 2.38, 3: 1.15, 4: 0.84, 5: 0.76, 6: 1.0, 7: 2.25, 8: 2.86, 9: 1.94, 10: 1.23, 11: 0.85, 12: 0.55, 13: 0.37, 14: 0.21, 15: 0.13, 16: 0.08, 17: 0.05, 18: 0.04, 19: 0.04, 20: 0.12, 21: 0.24, 22: 0.41, 23: 0.53}}",False,15,3,10,3,2.0,13,,,8,8,21.807086792412974,-21.807086792412974,3,13.602219417748529,7.269028930804325,937.0168270864202,2,0.5180048840269055,0.5180048840269055,0.5180048840269055,0.8,1.0,19.200000000000003,24.0,62.5,37.5,7.269028930804325,117.12710338580253,2,4.0,4,4,1,0,0,0,0,0,0,0,13.184690569275062,22.674632683380082,4.7118184199565745,17.451642983586737,17.896508989231638,30.60221941774853,22.093147815325242,4,50.0,,
20250516_144119,rl_aca,82,,,,,,,,,,,2,1,13.4,20.9,39,600,60,80,"(6.0, 6.0)",0.71,3.0,0.26666666666666666,False,82,0.01,"{'type': 'hourly', 'hourly_rates': {0: 1.59, 1: 4.38, 2: 2.38, 3: 1.15, 4: 0.84, 5: 0.76, 6: 1.0, 7: 2.25, 8: 2.86, 9: 1.94, 10: 1.23, 11: 0.85, 12: 0.55, 13: 0.37, 14: 0.21, 15: 0.13, 16: 0.08, 17: 0.05, 18: 0.04, 19: 0.04, 20: 0.12, 21: 0.24, 22: 0.41, 23: 0.53}}",False,15,3,10,3,2.0,13,,,12,10,153.3274270357935,-153.3274270357935,6,59,25.55457117263225,1752.0600959993726,1,0.6139449106698046,0.6139449106698046,0.6139449106698046,1.0,1.25,24.0,30.0,40.0,60.0,25.55457117263225,175.20600959993726,2,5.0,4,6,0,3,40.0,2.0,100.0,11.757996841986099,7.882573277974852,3.875423564011247,12.377530988109962,18.207457470191514,10.929674115353185,47.24180509529083,23.307205103463147,59.75052822211558,2.3158082961111575,2,20.0,,
20250516_144119,rl_aca,83,,,,,,,,,,,2,1,13.4,20.9,39,600,60,80,"(6.0, 6.0)",0.71,3.0,0.26666666666666666,False,83,0.01,"{'type': 'hourly', 'hourly_rates': {0: 1.59, 1: 4.38, 2: 2.38, 3: 1.15, 4: 0.84, 5: 0.76, 6: 1.0, 7: 2.25, 8: 2.86, 9: 1.94, 10: 1.23, 11: 0.85, 12: 0.55, 13: 0.37, 14: 0.21, 15: 0.13, 16: 0.08, 17: 0.05, 18: 0.04, 19: 0.04, 20: 0.12, 21: 0.24, 22: 0.41, 23: 0.53}}",False,15,3,10,3,2.0,13,,,14,9,434.05357421007125,-434.05357421007125,10,93.67846178231804,43.405357421007125,1143.9842283013156,10,0.33178522826497786,0.33178522826497786,0.33178522826497786,0.9,1.125,21.6,27.0,-11.11111111111111,111.11111111111111,43.405357421007125,127.10935870014617,2,4.5,4,5,0,5,44.44444444444444,2.2,100.0,46.205020569758126,1.6825057552155869,44.52251481454254,12.927697594094127,20.411036619882765,19.544710618088132,64.34335693344292,32.47240821218226,72.75712432528053,15.289151701158989,4,44.44444444444444,,
20250516_144120,rl_aca,84,,,,,,,,,,,2,1,13.4,20.9,39,600,60,80,"(6.0, 6.0)",0.71,3.0,0.26666666666666666,False,84,0.01,"{'type': 'hourly', 'hourly_rates': {0: 1.59, 1: 4.38, 2: 2.38, 3: 1.15, 4: 0.84, 5: 0.76, 6: 1.0, 7: 2.25, 8: 2.86, 9: 1.94, 10: 1.23, 11: 0.85, 12: 0.55, 13: 0.37, 14: 0.21, 15: 0.13, 16: 0.08, 17: 0.05, 18: 0.04, 19: 0.04, 20: 0.12, 21: 0.24, 22: 0.41, 23: 0.53}}",False,15,3,10,3,2.0,13,,,12,10,249.3044036090855,-249.3044036090855,8,62.06396137230843,31.16305045113569,2455.5150732834873,0,0.17147082004577932,0.17147082004577932,0.17147082004577932,1.0,1.25,24.0,30.0,20.0,80.0,31.16305045113569,245.55150732834872,2,5.0,5,5,0,2,10.0,2.5,100.0,46.58467326678628,14.945046278787922,31.639626987998362,12.685402291110025,24.784322038411844,17.84743216981358,63.2796393338966,30.532834460923606,88.06396137230844,6.7435963407085495,1,10.0,,
20250516_144120,rl_aca,85,,,,,,,,,,,2,1,13.4,20.9,39,600,60,80,"(6.0, 6.0)",0.71,3.0,0.26666666666666666,False,85,0.01,"{'type': 'hourly', 'hourly_rates': {0: 1.59, 1: 4.38, 2: 2.38, 3: 1.15, 4: 0.84, 5: 0.76, 6: 1.0, 7: 2.25, 8: 2.86, 9: 1.94, 10: 1.23, 11: 0.85, 12: 0.55, 13: 0.37, 14: 0.21, 15: 0.13, 16: 0.08, 17: 0.05, 18: 0.04, 19: 0.04, 20: 0.12, 21: 0.24, 22: 0.41, 23: 0.53}}",False,15,3,10,3,2.0,13,,,14,11,195.84638398711036,-195.84638398711036,7,69.56146677414591,27.97805485530148,1092.0812083075039,2,0.38169723592504495,0.38169723592504495,0.38169723592504495,1.1,1.375,26.400000000000002,33.0,36.36363636363637,63.63636363636363,27.97805485530148,99.28010984613671,2,5.5,4,7,0,3,27.27272727272727,2.0,100.0,15.047105629648314,9.499866937536526,5.547238692111788,12.272178991533899,26.74700497826278,16.441890534663575,53.3108683619136,28.714069526197473,67,12.401598292960443,3,27.27272727272727,,
20250516_144120,rl_aca,86,,,,,,,,,,,2,1,13.4,20.9,39,600,60,80,"(6.0, 6.0)",0.71,3.0,0.26666666666666666,False,86,0.01,"{'type': 'hourly', 'hourly_rates': {0: 1.59, 1: 4.38, 2: 2.38, 3: 1.15, 4: 0.84, 5: 0.76, 6: 1.0, 7: 2.25, 8: 2.86, 9: 1.94, 10: 1.23, 11: 0.85, 12: 0.55, 13: 0.37, 14: 0.21, 15: 0.13, 16: 0.08, 17: 0.05, 18: 0.04, 19: 0.04, 20: 0.12, 21: 0.24, 22: 0.41, 23: 0.53}}",False,15,3,10,3,2.0,13,,,16,13,272.53114141530887,-272.53114141530887,12,53.478083660188275,22.710928451275738,2607.9330511369308,3,0.19313693061127332,0.19313693061127332,0.19313693061127332,1.3,1.625,31.200000000000003,39.0,7.6923076923076925,92.3076923076923,22.710928451275738,200.61023470284084,2,6.5,6,7,1,4,38.46153846153847,2.0,100.0,24.362251870144952,5.330536904909536,19.031714965235416,15.364769263744364,28.642333482210887,10.945446537804127,53.30865487451862,26.31021580154849,69.47808366018828,8.551194658972221,3,23.076923076923077,,
20250516_144121,rl_aca,87,,,,,,,,,,,2,1,13.4,20.9,39,600,60,80,"(6.0, 6.0)",0.71,3.0,0.26666666666666666,False,87,0.01,"{'type': 'hourly', 'hourly_rates': {0: 1.59, 1: 4.38, 2: 2.38, 3: 1.15, 4: 0.84, 5: 0.76, 6: 1.0, 7: 2.25, 8: 2.86, 9: 1.94, 10: 1.23, 11: 0.85, 12: 0.55, 13: 0.37, 14: 0.21, 15: 0.13, 16: 0.08, 17: 0.05, 18: 0.04, 19: 0.04, 20: 0.12, 21: 0.24, 22: 0.41, 23: 0.53}}",False,15,3,10,3,2.0,13,,,12,10,182.84598746481862,-182.84598746481862,9,58.61316249152924,20.316220829424292,1185.9595333195352,2,0.33995693915396014,0.33995693915396014,0.33995693915396014,1.0,1.25,24.0,30.0,10.0,90.0,20.316220829424292,118.59595333195352,2,5.0,4,6,1,2,20.0,2.0,100.0,21.282929437677467,14.846113652152132,6.436815785525335,11.849474415693567,22.42655886899233,20.919589758102312,71.64550333333258,32.76906417379588,79.61316249152921,10.736419454696062,1,10.0,,
20250516_144123,rl_aca,88,,,,,,,,,,,2,1,13.4,20.9,39,600,60,80,"(6.0, 6.0)",0.71,3.0,0.26666666666666666,False,88,0.01,"{'type': 'hourly', 'hourly_rates': {0: 1.59, 1: 4.38, 2: 2.38, 3: 1.15, 4: 0.84, 5: 0.76, 6: 1.0, 7: 2.25, 8: 2.86, 9: 1.94, 10: 1.23, 11: 0.85, 12: 0.55, 13: 0.37, 14: 0.21, 15: 0.13, 16: 0.08, 17: 0.05, 18: 0.04, 19: 0.04, 20: 0.12, 21: 0.24, 22: 0.41, 23: 0.53}}",False,15,3,10,3,2.0,13,,,17,11,524.8165666918466,-524.8165666918466,8,242,65.60207083648082,971.5651264032058,11,0.573759696514892,0.573759696514892,0.573759696514892,1.1,1.375,26.400000000000002,33.0,27.27272727272727,72.72727272727273,65.60207083648082,88.32410240029144,2,5.5,5,6,1,5,18.181818181818183,2.6,100.0,76.41094939309671,3.49012810705656,72.92082128604015,16.824911805433338,26.622298815566978,17.13770561343353,94.00223113290133,33.96261741886686,112.2495627780983,23.780268674739233,5,45.45454545454545,,
20250516_144123,rl_aca,89,,,,,,,,,,,2,1,13.4,20.9,39,600,60,80,"(6.0, 6.0)",0.71,3.0,0.26666666666666666,False,89,0.01,"{'type': 'hourly', 'hourly_rates': {0: 1.59, 1: 4.38, 2: 2.38, 3: 1.15, 4: 0.84, 5: 0.76, 6: 1.0, 7: 2.25, 8: 2.86, 9: 1.94, 10: 1.23, 11: 0.85, 12: 0.55, 13: 0.37, 14: 0.21, 15: 0.13, 16: 0.08, 17: 0.05, 18: 0.04, 19: 0.04, 20: 0.12, 21: 0.24, 22: 0.41, 23: 0.53}}",False,15,3,10,3,2.0,13,,,16,13,260.8022823421057,-260.8022823421057,12,46.91464235780654,21.733523528508808,1839.3362189248187,1,0.16164218107824352,0.16164218107824352,0.16164218107824352,1.3,1.625,31.200000000000003,39.0,7.6923076923076925,92.3076923076923,21.733523528508808,141.48740145575528,2,6.5,6,7,1,5,30.76923076923077,2.2,100.0,23.821860439513888,10.074426579845397,13.74743385966849,10.696767920676574,16.49693164120481,18.467076949326994,53.706512033547334,29.16384487000357,61.91464235780655,3.9756429804859863,1,7.6923076923076925,,
20250516_144124,rl_aca,90,,,,,,,,,,,2,1,13.4,20.9,39,600,60,80,"(6.0, 6.0)",0.71,3.0,0.26666666666666666,False,90,0.01,"{'type': 'hourly', 'hourly_rates': {0: 1.59, 1: 4.38, 2: 2.38, 3: 1.15, 4: 0.84, 5: 0.76, 6: 1.0, 7: 2.25, 8: 2.86, 9: 1.94, 10: 1.23, 11: 0.85, 12: 0.55, 13: 0.37, 14: 0.21, 15: 0.13, 16: 0.08, 17: 0.05, 18: 0.04, 19: 0.04, 20: 0.12, 21: 0.24, 22: 0.41, 23: 0.53}}",False,15,3,10,3,2.0,13,,,9,9,10.383928508072927,-10.383928508072927,2,7.140258879622877,5.1919642540364634,695.2689740670976,0,0.5512726009440473,0.5512726009440473,0.5512726009440473,0.9,1.125,21.6,27.0,77.77777777777779,22.22222222222222,5.1919642540364634,77.2521082296775,2,4.5,4,5,1,0,0,0,0,0,0,0,13.103199843072916,18.984525671770598,4.608879004190557,18.56689464123866,17.712078847263474,26.24366962845005,38.40138351645031,5,55.55555555555556,,
20250516_144124,rl_aca,91,,,,,,,,,,,2,1,13.4,20.9,39,600,60,80,"(6.0, 6.0)",0.71,3.0,0.26666666666666666,False,91,0.01,"{'type': 'hourly', 'hourly_rates': {0: 1.59, 1: 4.38, 2: 2.38, 3: 1.15, 4: 0.84, 5: 0.76, 6: 1.0, 7: 2.25, 8: 2.86, 9: 1.94, 10: 1.23, 11: 0.85, 12: 0.55, 13: 0.37, 14: 0.21, 15: 0.13, 16: 0.08, 17: 0.05, 18: 0.04, 19: 0.04, 20: 0.12, 21: 0.24, 22: 0.41, 23: 0.53}}",False,15,3,10,3,2.0,13,,,18,13,523.705502420052,-523.7055024200519,12,110.24149787665829,43.642125201671,1715.8512336927752,11,0.32948110389078167,0.32948110389078167,0.32948110389078167,1.3,1.625,31.200000000000003,39.0,7.6923076923076925,92.3076923076923,43.642125201671,131.98855643790577,2,6.5,5,8,0,5,23.076923076923077,2.4,100.0,26.187691987580973,9.70154357825838,16.486148409322592,12.502473773483139,16.89706057903709,14.712717089413946,93.24903602521539,27.215190862897085,101.41350020433165,3.9094329204907012,2,15.384615384615385,,
20250516_144124,rl_aca,92,,,,,,,,,,,2,1,13.4,20.9,39,600,60,80,"(6.0, 6.0)",0.71,3.0,0.26666666666666666,False,92,0.01,"{'type': 'hourly', 'hourly_rates': {0: 1.59, 1: 4.38, 2: 2.38, 3: 1.15, 4: 0.84, 5: 0.76, 6: 1.0, 7: 2.25, 8: 2.86, 9: 1.94, 10: 1.23, 11: 0.85, 12: 0.55, 13: 0.37, 14: 0.21, 15: 0.13, 16: 0.08, 17: 0.05, 18: 0.04, 19: 0.04, 20: 0.12, 21: 0.24, 22: 0.41, 23: 0.53}}",False,15,3,10,3,2.0,13,,,7,7,0,0,0,0,0,543.2533374393527,0,0.5828020495495809,0.5828020495495809,0.5828020495495809,0.7,0.875,16.799999999999997,21.0,100.0,0.0,0,77.60761963419324,2,3.5,1,6,0,0,0,0,0,0,0,0,12.601533454709573,16.946040851224666,1.065684413032154,4.473548159243592,13.667217867741728,17.153985955860605,31.013757268018512,6,85.71428571428571,,
20250516_144125,rl_aca,93,,,,,,,,,,,2,1,13.4,20.9,39,600,60,80,"(6.0, 6.0)",0.71,3.0,0.26666666666666666,False,93,0.01,"{'type': 'hourly', 'hourly_rates': {0: 1.59, 1: 4.38, 2: 2.38, 3: 1.15, 4: 0.84, 5: 0.76, 6: 1.0, 7: 2.25, 8: 2.86, 9: 1.94, 10: 1.23, 11: 0.85, 12: 0.55, 13: 0.37, 14: 0.21, 15: 0.13, 16: 0.08, 17: 0.05, 18: 0.04, 19: 0.04, 20: 0.12, 21: 0.24, 22: 0.41, 23: 0.53}}",False,15,3,10,3,2.0,13,,,11,11,75.52962953441875,-75.52962953441875,6,33.845964168998194,12.588271589069791,1038.1629262411257,0,0.5319631299184108,0.5319631299184108,0.5319631299184108,1.1,1.375,26.400000000000002,33.0,45.45454545454545,54.54545454545454,12.588271589069791,94.37844784010234,2,5.5,3,8,0,0,0,0,0,0,0,0,15.037924075652654,23.577504543115595,13.26475937210009,39.06902939985872,28.302683447752745,50.845964168998194,63.34639745573035,5,45.45454545454545,,
20250516_144125,rl_aca,94,,,,,,,,,,,2,1,13.4,20.9,39,600,60,80,"(6.0, 6.0)",0.71,3.0,0.26666666666666666,False,94,0.01,"{'type': 'hourly', 'hourly_rates': {0: 1.59, 1: 4.38, 2: 2.38, 3: 1.15, 4: 0.84, 5: 0.76, 6: 1.0, 7: 2.25, 8: 2.86, 9: 1.94, 10: 1.23, 11: 0.85, 12: 0.55, 13: 0.37, 14: 0.21, 15: 0.13, 16: 0.08, 17: 0.05, 18: 0.04, 19: 0.04, 20: 0.12, 21: 0.24, 22: 0.41, 23: 0.53}}",False,15,3,10,3,2.0,13,,,13,12,45.28144596067065,-45.28144596067065,5,27.81996414429534,9.05628919213413,916.5962499127472,0,0.30619560185577643,0.30619560185577643,0.30619560185577643,1.2,1.5,28.799999999999997,36.0,58.333333333333336,41.66666666666667,9.05628919213413,76.38302082606226,2,6.0,5,7,1,1,8.333333333333332,2.0,100.0,8.854392648798921,3.278478590729298,5.575914058069623,13.908378205980652,20.971985216361325,6.65104102931036,33.62981419227333,20.55941923529101,48.81996414429534,40.3849047761983,6,50.0,,
20250516_144125,rl_aca,95,,,,,,,,,,,2,1,13.4,20.9,39,600,60,80,"(6.0, 6.0)",0.71,3.0,0.26666666666666666,False,95,0.01,"{'type': 'hourly', 'hourly_rates': {0: 1.59, 1: 4.38, 2: 2.38, 3: 1.15, 4: 0.84, 5: 0.76, 6: 1.0, 7: 2.25, 8: 2.86, 9: 1.94, 10: 1.23, 11: 0.85, 12: 0.55, 13: 0.37, 14: 0.21, 15: 0.13, 16: 0.08, 17: 0.05, 18: 0.04, 19: 0.04, 20: 0.12, 21: 0.24, 22: 0.41, 23: 0.53}}",False,15,3,10,3,2.0,13,,,5,5,42.913508547656704,-42.913508547656704,3,25.81428964223005,14.3045028492189,1319.279389747013,0,0.40401445862035684,0.40401445862035684,0.40401445862035684,0.5,0.625,12.0,15.0,40.0,60.0,14.3045028492189,263.8558779494026,2,2.5,2,3,0,0,0,0,0,0,0,0,18.171466690063948,35.40625359156735,5.964704735916129,13.70254072488899,24.136171425980077,35.81428964223005,27.454858326776275,2,40.0,,
20250516_144129,rl_aca,96,,,,,,,,,,,2,1,13.4,20.9,39,600,60,80,"(6.0, 6.0)",0.71,3.0,0.26666666666666666,False,96,0.01,"{'type': 'hourly', 'hourly_rates': {0: 1.59, 1: 4.38, 2: 2.38, 3: 1.15, 4: 0.84, 5: 0.76, 6: 1.0, 7: 2.25, 8: 2.86, 9: 1.94, 10: 1.23, 11: 0.85, 12: 0.55, 13: 0.37, 14: 0.21, 15: 0.13, 16: 0.08, 17: 0.05, 18: 0.04, 19: 0.04, 20: 0.12, 21: 0.24, 22: 0.41, 23: 0.53}}",False,15,3,10,3,2.0,13,,,9,2,0,0,0,0,0,298.7242117968237,7,0.7554177229886384,0.7554177229886384,0.7554177229886384,0.2,0.25,4.800000000000001,6.0,100.0,0.0,0,149.36210589841184,2,1.0,1,1,1,1,0.0,2.0,100.0,0,0,0,12.929456867573254,13.19570665142701,2.648208362371289,4.492123376169587,15.577665229944543,17.155330459889086,5.19570665142701,1,50.0,,
20250516_144130,rl_aca,97,,,,,,,,,,,2,1,13.4,20.9,39,600,60,80,"(6.0, 6.0)",0.71,3.0,0.26666666666666666,False,97,0.01,"{'type': 'hourly', 'hourly_rates': {0: 1.59, 1: 4.38, 2: 2.38, 3: 1.15, 4: 0.84, 5: 0.76, 6: 1.0, 7: 2.25, 8: 2.86, 9: 1.94, 10: 1.23, 11: 0.85, 12: 0.55, 13: 0.37, 14: 0.21, 15: 0.13, 16: 0.08, 17: 0.05, 18: 0.04, 19: 0.04, 20: 0.12, 21: 0.24, 22: 0.41, 23: 0.53}}",False,15,3,10,3,2.0,13,,,10,10,13.879652831125213,-13.879652831125213,3,9.129963035220726,4.626550943708405,1153.7231579020095,0,0.450966542374536,0.450966542374536,0.450966542374536,1.0,1.25,24.0,30.0,70.0,30.0,4.626550943708405,115.37231579020094,2,5.0,4,6,0,0,0,0,0,0,0,0,10.440164833162537,14.673834316687419,5.950196592647962,19.542975132719647,16.3903614258105,28.129963035220722,1.5822373437129897,3,30.0,,
20250516_144130,rl_aca,98,,,,,,,,,,,2,1,13.4,20.9,39,600,60,80,"(6.0, 6.0)",0.71,3.0,0.26666666666666666,False,98,0.01,"{'type': 'hourly', 'hourly_rates': {0: 1.59, 1: 4.38, 2: 2.38, 3: 1.15, 4: 0.84, 5: 0.76, 6: 1.0, 7: 2.25, 8: 2.86, 9: 1.94, 10: 1.23, 11: 0.85, 12: 0.55, 13: 0.37, 14: 0.21, 15: 0.13, 16: 0.08, 17: 0.05, 18: 0.04, 19: 0.04, 20: 0.12, 21: 0.24, 22: 0.41, 23: 0.53}}",False,15,3,10,3,2.0,13,,,11,10,121.07413171156699,-121.07413171156699,4,61.79806640739491,30.268532927891748,1134.5813193498511,0,0.34385522821309894,0.34385522821309894,0.34385522821309894,1.0,1.25,24.0,30.0,60.0,40.0,30.268532927891748,113.45813193498512,2,5.0,4,6,0,1,10.0,2.0,100.0,61.79806640739491,1.8782596032770142,59.9198068041179,15.27159075713198,27.260902420123273,8.776143404625202,59.78087478534907,24.047734161757184,66.79806640739491,36.96870564071398,7,70.0,,
20250516_144131,rl_aca,99,,,,,,,,,,,2,1,13.4,20.9,39,600,60,80,"(6.0, 6.0)",0.71,3.0,0.26666666666666666,False,99,0.01,"{'type': 'hourly', 'hourly_rates': {0: 1.59, 1: 4.38, 2: 2.38, 3: 1.15, 4: 0.84, 5: 0.76, 6: 1.0, 7: 2.25, 8: 2.86, 9: 1.94, 10: 1.23, 11: 0.85, 12: 0.55, 13: 0.37, 14: 0.21, 15: 0.13, 16: 0.08, 17: 0.05, 18: 0.04, 19: 0.04, 20: 0.12, 21: 0.24, 22: 0.41, 23: 0.53}}",False,15,3,10,3,2.0,13,,,17,11,982.156396769149,-982.1563967691488,12,208.3923802980315,81.84636639742908,1590.6636575195964,10,0.3718181262084206,0.3718181262084206,0.3718181262084206,1.1,1.375,26.400000000000002,33.0,-9.090909090909092,109.09090909090908,81.84636639742908,144.60578704723605,2,5.5,3,8,1,6,45.45454545454545,2.3333333333333335,100.0,42.21872209503794,3.303721342698028,38.915000752339914,13.137675246963418,18.817149222890976,20.983676638088472,86.56293317778653,34.121351885051894,95.79760948828431,18.87247568433581,4,36.36363636363637,,
20250516_144132,rl_aca,100,,,,,,,,,,,2,1,13.4,20.9,39,600,60,80,"(6.0, 6.0)",0.71,3.0,0.26666666666666666,False,100,0.01,"{'type': 'hourly', 'hourly_rates': {0: 1.59, 1: 4.38, 2: 2.38, 3: 1.15, 4: 0.84, 5: 0.76, 6: 1.0, 7: 2.25, 8: 2.86, 9: 1.94, 10: 1.23, 11: 0.85, 12: 0.55, 13: 0.37, 14: 0.21, 15: 0.13, 16: 0.08, 17: 0.05, 18: 0.04, 19: 0.04, 20: 0.12, 21: 0.24, 22: 0.41, 23: 0.53}}",False,15,3,10,3,2.0,13,,,10,9,186.22002407956475,-186.22002407956475,6,73.13242601283324,31.036670679927457,1030.501557817343,0,0.39853732010394055,0.39853732010394055,0.39853732010394055,0.9,1.125,21.6,27.0,33.33333333333333,66.66666666666666,31.036670679927457,114.50017309081588,2,4.5,2,7,0,2,33.33333333333333,2.0,100.0,48.00586468893573,0.8221095845832215,47.18375510435251,15.11747432620885,21.584532440664077,17.86824911870387,82.2017769281614,32.985723444912715,97.13242601283324,20.94698177079792,3,33.33333333333333,,
20250516_144132,rl_aca,101,,,,,,,,,,,2,1,13.4,20.9,39,600,60,80,"(6.0, 6.0)",0.71,3.0,0.26666666666666666,False,101,0.01,"{'type': 'hourly', 'hourly_rates': {0: 1.59, 1: 4.38, 2: 2.38, 3: 1.15, 4: 0.84, 5: 0.76, 6: 1.0, 7: 2.25, 8: 2.86, 9: 1.94, 10: 1.23, 11: 0.85, 12: 0.55, 13: 0.37, 14: 0.21, 15: 0.13, 16: 0.08, 17: 0.05, 18: 0.04, 19: 0.04, 20: 0.12, 21: 0.24, 22: 0.41, 23: 0.53}}",False,15,3,10,3,2.0,13,,,14,11,241.6754886030941,-241.6754886030941,9,51.36336004696619,26.852832067010453,1099.349017554846,0,0.24860883454043586,0.24860883454043586,0.24860883454043586,1.1,1.375,26.400000000000002,33.0,18.181818181818183,81.81818181818183,26.852832067010453,99.94081977771326,2,5.5,5,6,0,3,18.181818181818183,2.3333333333333335,100.0,22.395030661770562,12.646138961475351,9.74889170029521,16.265246704034396,29.22045397916105,13.91895863109924,51.75966997028786,30.184205335133637,69.19809132942052,37.71647032113465,3,27.27272727272727,,
20250516_144133,rl_aca,102,,,,,,,,,,,2,1,13.4,20.9,39,600,60,80,"(6.0, 6.0)",0.71,3.0,0.26666666666666666,False,102,0.01,"{'type': 'hourly', 'hourly_rates': {0: 1.59, 1: 4.38, 2: 2.38, 3: 1.15, 4: 0.84, 5: 0.76, 6: 1.0, 7: 2.25, 8: 2.86, 9: 1.94, 10: 1.23, 11: 0.85, 12: 0.55, 13: 0.37, 14: 0.21, 15: 0.13, 16: 0.08, 17: 0.05, 18: 0.04, 19: 0.04, 20: 0.12, 21: 0.24, 22: 0.41, 23: 0.53}}",False,15,3,10,3,2.0,13,,,11,11,14.069236009513588,-14.069236009513588,2,11.68579638031622,7.034618004756794,700.3148653037468,7,0.45514006258947337,0.45514006258947337,0.45514006258947337,1.1,1.375,26.400000000000002,33.0,81.81818181818183,18.181818181818183,7.034618004756794,63.66498775488608,2,5.5,5,6,0,0,0,0,0,0,0,0,13.202504827624939,21.896425756715576,5.933926812005896,28.165233891780844,19.136431639630835,36.68579638031622,19.091940312103976,5,45.45454545454545,,
20250516_144133,rl_aca,103,,,,,,,,,,,2,1,13.4,20.9,39,600,60,80,"(6.0, 6.0)",0.71,3.0,0.26666666666666666,False,103,0.01,"{'type': 'hourly', 'hourly_rates': {0: 1.59, 1: 4.38, 2: 2.38, 3: 1.15, 4: 0.84, 5: 0.76, 6: 1.0, 7: 2.25, 8: 2.86, 9: 1.94, 10: 1.23, 11: 0.85, 12: 0.55, 13: 0.37, 14: 0.21, 15: 0.13, 16: 0.08, 17: 0.05, 18: 0.04, 19: 0.04, 20: 0.12, 21: 0.24, 22: 0.41, 23: 0.53}}",False,15,3,10,3,2.0,13,,,15,12,366.54727438271533,-366.54727438271533,11,104.67315907620213,33.32247948933776,1896.435974668014,8,0.360546350922273,0.360546350922273,0.360546350922273,1.2,1.5,28.799999999999997,36.0,8.333333333333332,91.66666666666666,33.32247948933776,158.0363312223345,2,6.0,6,6,0,3,16.666666666666664,2.3333333333333335,100.0,40.66753693310939,17.66720302512247,23.00033390798692,13.978890470232123,20.94206648314332,24.2081160268467,106.87909039707972,38.18700649707882,116.67315907620213,19.630778614279848,3,25.0,,
20250516_144135,rl_aca,104,,,,,,,,,,,2,1,13.4,20.9,39,600,60,80,"(6.0, 6.0)",0.71,3.0,0.26666666666666666,False,104,0.01,"{'type': 'hourly', 'hourly_rates': {0: 1.59, 1: 4.38, 2: 2.38, 3: 1.15, 4: 0.84, 5: 0.76, 6: 1.0, 7: 2.25, 8: 2.86, 9: 1.94, 10: 1.23, 11: 0.85, 12: 0.55, 13: 0.37, 14: 0.21, 15: 0.13, 16: 0.08, 17: 0.05, 18: 0.04, 19: 0.04, 20: 0.12, 21: 0.24, 22: 0.41, 23: 0.53}}",False,15,3,10,3,2.0,13,,,11,4,122.19374253779213,-122.19374253779213,5,47.1636157432495,24.438748507558426,658.0941002245542,11,0.5166655056123661,0.5166655056123661,0.5166655056123661,0.4,0.5,9.600000000000001,12.0,-25.0,125.0,24.438748507558426,164.52352505613854,2,2.0,1,3,1,1,25.0,2.0,100.0,15.31500609916813,34.04360721787503,-18.728601118706898,10.21074956477435,11.989949283823819,36.65070737342395,60.563019067692544,46.8614569381983,71.1636157432495,0.0,0,0.0,,
20250516_144135,rl_aca,105,,,,,,,,,,,2,1,13.4,20.9,39,600,60,80,"(6.0, 6.0)",0.71,3.0,0.26666666666666666,False,105,0.01,"{'type': 'hourly', 'hourly_rates': {0: 1.59, 1: 4.38, 2: 2.38, 3: 1.15, 4: 0.84, 5: 0.76, 6: 1.0, 7: 2.25, 8: 2.86, 9: 1.94, 10: 1.23, 11: 0.85, 12: 0.55, 13: 0.37, 14: 0.21, 15: 0.13, 16: 0.08, 17: 0.05, 18: 0.04, 19: 0.04, 20: 0.12, 21: 0.24, 22: 0.41, 23: 0.53}}",False,15,3,10,3,2.0,13,,,13,9,408.3566983622261,-408.35669836222615,11,120,37.12333621474783,1697.7182995785515,4,0.224461417777447,0.224461417777447,0.224461417777447,0.9,1.125,21.6,27.0,-22.22222222222222,122.22222222222223,37.12333621474783,188.63536661983906,2,4.5,4,5,0,6,55.55555555555556,2.1666666666666665,100.0,27.554286667239676,16.260576463250086,11.29371020398959,17.338540319278884,28.20323383160907,17.18080484326195,34.573883684294856,34.51934516254083,57.55507606949067,1.345967410081812,1,11.11111111111111,,
20250516_144136,rl_aca,106,,,,,,,,,,,2,1,13.4,20.9,39,600,60,80,"(6.0, 6.0)",0.71,3.0,0.26666666666666666,False,106,0.01,"{'type': 'hourly', 'hourly_rates': {0: 1.59, 1: 4.38, 2: 2.38, 3: 1.15, 4: 0.84, 5: 0.76, 6: 1.0, 7: 2.25, 8: 2.86, 9: 1.94, 10: 1.23, 11: 0.85, 12: 0.55, 13: 0.37, 14: 0.21, 15: 0.13, 16: 0.08, 17: 0.05, 18: 0.04, 19: 0.04, 20: 0.12, 21: 0.24, 22: 0.41, 23: 0.53}}",False,15,3,10,3,2.0,13,,,7,5,157.37736897558796,-157.37736897558796,7,47.140017081776506,22.48248128222685,1248.6969329992971,7,0.3988272139093502,0.3988272139093502,0.3988272139093502,0.5,0.625,12.0,15.0,-40.0,140.0,22.48248128222685,249.73938659985942,2,2.5,2,3,1,2,20.0,2.5,100.0,30.043664008711005,23.365575918692446,6.678088090018559,13.981743565550397,25.224245305533206,23.51944997114576,50.85019825151207,37.50119353669616,65.1400170817765,0.0,0,0.0,,
20250516_144144,rl_aca,107,,,,,,,,,,,2,1,13.4,20.9,39,600,60,80,"(6.0, 6.0)",0.71,3.0,0.26666666666666666,False,107,0.01,"{'type': 'hourly', 'hourly_rates': {0: 1.59, 1: 4.38, 2: 2.38, 3: 1.15, 4: 0.84, 5: 0.76, 6: 1.0, 7: 2.25, 8: 2.86, 9: 1.94, 10: 1.23, 11: 0.85, 12: 0.55, 13: 0.37, 14: 0.21, 15: 0.13, 16: 0.08, 17: 0.05, 18: 0.04, 19: 0.04, 20: 0.12, 21: 0.24, 22: 0.41, 23: 0.53}}",False,15,3,10,3,2.0,13,,,20,0,0,0,0,0,0,0,20,1.0,1.0,1.0,0.0,0.0,0.0,0.0,0,0,0,0,0,0,0,0,,0,0,0,0,0,0,0,0,0.0,0,0.0,0,0.0,0.0,0,0,,
20250516_144147,rl_aca,108,,,,,,,,,,,2,1,13.4,20.9,39,600,60,80,"(6.0, 6.0)",0.71,3.0,0.26666666666666666,False,108,0.01,"{'type': 'hourly', 'hourly_rates': {0: 1.59, 1: 4.38, 2: 2.38, 3: 1.15, 4: 0.84, 5: 0.76, 6: 1.0, 7: 2.25, 8: 2.86, 9: 1.94, 10: 1.23, 11: 0.85, 12: 0.55, 13: 0.37, 14: 0.21, 15: 0.13, 16: 0.08, 17: 0.05, 18: 0.04, 19: 0.04, 20: 0.12, 21: 0.24, 22: 0.41, 23: 0.53}}",False,15,3,10,3,2.0,13,,,16,13,1740.7718017530979,-1740.7718017530979,8,400.14625557091216,217.59647521913723,1451.9793688032214,10,0.3611256594484147,0.3611256594484147,0.3611256594484147,1.3,1.625,31.200000000000003,39.0,38.46153846153847,61.53846153846154,217.59647521913723,111.69072067717087,2,6.5,6,7,0,3,30.76923076923077,2.3333333333333335,100.0,191.09630195410128,29.463207422130964,161.6330945319703,12.736187811668986,19.71561660776007,82.38020070734514,404.72638632232935,95.11638851901411,418.14625557091216,20.868945800963687,4,30.76923076923077,,
20250516_144147,rl_aca,109,,,,,,,,,,,2,1,13.4,20.9,39,600,60,80,"(6.0, 6.0)",0.71,3.0,0.26666666666666666,False,109,0.01,"{'type': 'hourly', 'hourly_rates': {0: 1.59, 1: 4.38, 2: 2.38, 3: 1.15, 4: 0.84, 5: 0.76, 6: 1.0, 7: 2.25, 8: 2.86, 9: 1.94, 10: 1.23, 11: 0.85, 12: 0.55, 13: 0.37, 14: 0.21, 15: 0.13, 16: 0.08, 17: 0.05, 18: 0.04, 19: 0.04, 20: 0.12, 21: 0.24, 22: 0.41, 23: 0.53}}",False,15,3,10,3,2.0,13,,,14,12,394.5011054462211,-394.50110544622106,11,113.18243937109656,35.86373685874737,1208.8407306340414,2,0.22371650537317744,0.22371650537317744,0.22371650537317744,1.2,1.5,28.799999999999997,36.0,8.333333333333332,91.66666666666666,35.86373685874737,100.73672755283678,2,6.0,4,8,1,3,25.0,2.3333333333333335,100.0,56.87811386247703,12.332299777246972,44.545814085230056,15.01770477262695,27.208388821019106,28.24469611467526,123.91431013071193,43.26240088730221,138.18243937109656,19.012533466777445,4,33.33333333333333,,
20250516_144148,rl_aca,110,,,,,,,,,,,2,1,13.4,20.9,39,600,60,80,"(6.0, 6.0)",0.71,3.0,0.26666666666666666,False,110,0.01,"{'type': 'hourly', 'hourly_rates': {0: 1.59, 1: 4.38, 2: 2.38, 3: 1.15, 4: 0.84, 5: 0.76, 6: 1.0, 7: 2.25, 8: 2.86, 9: 1.94, 10: 1.23, 11: 0.85, 12: 0.55, 13: 0.37, 14: 0.21, 15: 0.13, 16: 0.08, 17: 0.05, 18: 0.04, 19: 0.04, 20: 0.12, 21: 0.24, 22: 0.41, 23: 0.53}}",False,15,3,10,3,2.0,13,,,13,10,390.1676966257275,-390.1676966257275,8,168.63145677392185,48.77096207821594,1450.0790544744846,0,0.27866900846899617,0.27866900846899617,0.27866900846899617,1.0,1.25,24.0,30.0,20.0,80.0,48.77096207821594,145.00790544744845,2,5.0,4,6,1,4,40.0,2.25,100.0,26.921888918631282,28.10524279565364,-1.183353877022359,11.927624789755987,21.246483473143826,27.634456733296343,178.72794264736268,39.56208152305233,190.63145677392185,16.50397771834561,4,40.0,,
20250516_144154,rl_aca,111,,,,,,,,,,,2,1,13.4,20.9,39,600,60,80,"(6.0, 6.0)",0.71,3.0,0.26666666666666666,False,111,0.01,"{'type': 'hourly', 'hourly_rates': {0: 1.59, 1: 4.38, 2: 2.38, 3: 1.15, 4: 0.84, 5: 0.76, 6: 1.0, 7: 2.25, 8: 2.86, 9: 1.94, 10: 1.23, 11: 0.85, 12: 0.55, 13: 0.37, 14: 0.21, 15: 0.13, 16: 0.08, 17: 0.05, 18: 0.04, 19: 0.04, 20: 0.12, 21: 0.24, 22: 0.41, 23: 0.53}}",False,15,3,10,3,2.0,13,,,17,1,53,-53,1,53,53.0,30.043414278820784,17,0.9382895939397616,0.9382895939397616,0.9382895939397616,0.1,0.125,2.4000000000000004,3.0,0.0,100.0,53.0,30.043414278820784,1,1.0,1,1,1,0,0,0,0,0,0,0,8.437213506016613,8.437213506016613,75.56278649398338,75.56278649398338,84.0,84,0.0,0,0.0,,
20250516_144155,rl_aca,112,,,,,,,,,,,2,1,13.4,20.9,39,600,60,80,"(6.0, 6.0)",0.71,3.0,0.26666666666666666,False,112,0.01,"{'type': 'hourly', 'hourly_rates': {0: 1.59, 1: 4.38, 2: 2.38, 3: 1.15, 4: 0.84, 5: 0.76, 6: 1.0, 7: 2.25, 8: 2.86, 9: 1.94, 10: 1.23, 11: 0.85, 12: 0.55, 13: 0.37, 14: 0.21, 15: 0.13, 16: 0.08, 17: 0.05, 18: 0.04, 19: 0.04, 20: 0.12, 21: 0.24, 22: 0.41, 23: 0.53}}",False,15,3,10,3,2.0,13,,,10,10,51.17845677752679,-51.17845677752679,2,28.040557344057063,25.589228388763395,768.2154930380281,9,0.41709242590516044,0.41709242590516044,0.41709242590516044,1.0,1.25,24.0,30.0,80.0,20.0,25.589228388763395,76.82154930380281,2,5.0,1,9,0,0,0,0,0,0,0,0,13.300223535305719,20.70358644633348,9.86222486807235,42.39978332836648,23.162448403378068,53.13789943346973,26.954127393693135,6,60.0,,
20250516_144155,rl_aca,113,,,,,,,,,,,2,1,13.4,20.9,39,600,60,80,"(6.0, 6.0)",0.71,3.0,0.26666666666666666,False,113,0.01,"{'type': 'hourly', 'hourly_rates': {0: 1.59, 1: 4.38, 2: 2.38, 3: 1.15, 4: 0.84, 5: 0.76, 6: 1.0, 7: 2.25, 8: 2.86, 9: 1.94, 10: 1.23, 11: 0.85, 12: 0.55, 13: 0.37, 14: 0.21, 15: 0.13, 16: 0.08, 17: 0.05, 18: 0.04, 19: 0.04, 20: 0.12, 21: 0.24, 22: 0.41, 23: 0.53}}",False,15,3,10,3,2.0,13,,,15,15,22.873503417618878,-22.873503417618878,3,15.285745918455007,7.624501139206292,1530.1266536364856,0,0.20651965551282686,0.20651965551282686,0.20651965551282686,1.5,1.875,36.0,45.0,80.0,20.0,7.624501139206292,102.00844357576571,2,7.5,4,11,0,0,0,0,0,0,0,0,12.209072384571337,18.725192413418597,5.64608485569596,23.15671262387866,17.8551572402673,32.28574591845501,32.702563208214826,6,40.0,,
20250516_144155,rl_aca,114,,,,,,,,,,,2,1,13.4,20.9,39,600,60,80,"(6.0, 6.0)",0.71,3.0,0.26666666666666666,False,114,0.01,"{'type': 'hourly', 'hourly_rates': {0: 1.59, 1: 4.38, 2: 2.38, 3: 1.15, 4: 0.84, 5: 0.76, 6: 1.0, 7: 2.25, 8: 2.86, 9: 1.94, 10: 1.23, 11: 0.85, 12: 0.55, 13: 0.37, 14: 0.21, 15: 0.13, 16: 0.08, 17: 0.05, 18: 0.04, 19: 0.04, 20: 0.12, 21: 0.24, 22: 0.41, 23: 0.53}}",False,15,3,10,3,2.0,13,,,14,11,206.9157584762134,-206.9157584762134,7,57.06649976933062,29.559394068030485,1118.0131651793283,9,0.21708461411696026,0.21708461411696026,0.21708461411696026,1.1,1.375,26.400000000000002,33.0,36.36363636363637,63.63636363636363,29.559394068030485,101.63756047084803,2,5.5,3,8,1,3,18.181818181818183,2.3333333333333335,100.0,32.29647329017013,5.145335133675799,27.151138156494326,11.71047014324443,16.808173119106183,12.795087226414607,58.76087267995234,24.505557369659037,69.90619029811025,9.015637133835043,4,36.36363636363637,,
20250516_144156,rl_aca,115,,,,,,,,,,,2,1,13.4,20.9,39,600,60,80,"(6.0, 6.0)",0.71,3.0,0.26666666666666666,False,115,0.01,"{'type': 'hourly', 'hourly_rates': {0: 1.59, 1: 4.38, 2: 2.38, 3: 1.15, 4: 0.84, 5: 0.76, 6: 1.0, 7: 2.25, 8: 2.86, 9: 1.94, 10: 1.23, 11: 0.85, 12: 0.55, 13: 0.37, 14: 0.21, 15: 0.13, 16: 0.08, 17: 0.05, 18: 0.04, 19: 0.04, 20: 0.12, 21: 0.24, 22: 0.41, 23: 0.53}}",False,15,3,10,3,2.0,13,,,14,13,302.4762634942838,-302.4762634942838,9,73.36671904670902,33.60847372158709,2742.481720397239,0,0.12978702067391698,0.12978702067391698,0.12978702067391698,1.3,1.625,31.200000000000003,39.0,30.76923076923077,69.23076923076923,33.60847372158709,210.96013233824914,2,6.5,5,8,1,1,7.6923076923076925,2.0,100.0,58.71613289656767,16.440105181174,42.27602771539367,15.023745484858647,23.57166594270337,19.742161412455587,78.45126933090373,34.76590689731423,92.36671904670902,13.573375727072307,3,23.076923076923077,,
20250516_144156,rl_aca,116,,,,,,,,,,,2,1,13.4,20.9,39,600,60,80,"(6.0, 6.0)",0.71,3.0,0.26666666666666666,False,116,0.01,"{'type': 'hourly', 'hourly_rates': {0: 1.59, 1: 4.38, 2: 2.38, 3: 1.15, 4: 0.84, 5: 0.76, 6: 1.0, 7: 2.25, 8: 2.86, 9: 1.94, 10: 1.23, 11: 0.85, 12: 0.55, 13: 0.37, 14: 0.21, 15: 0.13, 16: 0.08, 17: 0.05, 18: 0.04, 19: 0.04, 20: 0.12, 21: 0.24, 22: 0.41, 23: 0.53}}",False,15,3,10,3,2.0,13,,,7,7,11.512163012333914,-11.512163012333914,1,11.512163012333914,11.512163012333914,596.6954593854769,0,0.49495247177752655,0.49495247177752655,0.49495247177752655,0.7,0.875,16.799999999999997,21.0,85.71428571428571,14.285714285714285,11.512163012333914,85.24220848363954,2,3.5,3,4,1,0,0,0,0,0,0,0,12.282472714863095,20.892847491726258,4.25865692799096,24.400145477482262,16.541129642854056,32.512163012333914,23.482878887533506,5,71.42857142857143,,
20250516_144156,rl_aca,117,,,,,,,,,,,2,1,13.4,20.9,39,600,60,80,"(6.0, 6.0)",0.71,3.0,0.26666666666666666,False,117,0.01,"{'type': 'hourly', 'hourly_rates': {0: 1.59, 1: 4.38, 2: 2.38, 3: 1.15, 4: 0.84, 5: 0.76, 6: 1.0, 7: 2.25, 8: 2.86, 9: 1.94, 10: 1.23, 11: 0.85, 12: 0.55, 13: 0.37, 14: 0.21, 15: 0.13, 16: 0.08, 17: 0.05, 18: 0.04, 19: 0.04, 20: 0.12, 21: 0.24, 22: 0.41, 23: 0.53}}",False,15,3,10,3,2.0,13,,,8,8,18.12622117362133,-18.12622117362133,1,18.12622117362133,18.12622117362133,597.7334202666933,0,0.6847022594149369,0.6847022594149369,0.6847022594149369,0.8,1.0,19.200000000000003,24.0,87.5,12.5,18.12622117362133,74.71667753333666,2,4.0,3,5,0,0,0,0,0,0,0,0,11.61673133648915,15.0790188864529,4.4425900570815635,30.097328254047966,16.059321393570713,43.12622117362133,38.210488472022035,5,62.5,,
20250516_144157,rl_aca,118,,,,,,,,,,,2,1,13.4,20.9,39,600,60,80,"(6.0, 6.0)",0.71,3.0,0.26666666666666666,False,118,0.01,"{'type': 'hourly', 'hourly_rates': {0: 1.59, 1: 4.38, 2: 2.38, 3: 1.15, 4: 0.84, 5: 0.76, 6: 1.0, 7: 2.25, 8: 2.86, 9: 1.94, 10: 1.23, 11: 0.85, 12: 0.55, 13: 0.37, 14: 0.21, 15: 0.13, 16: 0.08, 17: 0.05, 18: 0.04, 19: 0.04, 20: 0.12, 21: 0.24, 22: 0.41, 23: 0.53}}",False,15,3,10,3,2.0,13,,,5,4,16.428875604978913,-16.428875604978913,2,9.428875604978913,8.214437802489456,1124.0885889357298,3,0.6012259788110139,0.6012259788110139,0.6012259788110139,0.4,0.5,9.600000000000001,12.0,50.0,50.0,8.214437802489456,281.02214723393246,2,2.0,2,2,0,0,0,0,0,0,0,0,12.980779929454844,15.973442565207648,5.300482215068374,7.865062197186262,18.281262144523218,22.428875604978913,0.7177416737824274,1,25.0,,
20250516_144158,rl_aca,119,,,,,,,,,,,2,1,13.4,20.9,39,600,60,80,"(6.0, 6.0)",0.71,3.0,0.26666666666666666,False,119,0.01,"{'type': 'hourly', 'hourly_rates': {0: 1.59, 1: 4.38, 2: 2.38, 3: 1.15, 4: 0.84, 5: 0.76, 6: 1.0, 7: 2.25, 8: 2.86, 9: 1.94, 10: 1.23, 11: 0.85, 12: 0.55, 13: 0.37, 14: 0.21, 15: 0.13, 16: 0.08, 17: 0.05, 18: 0.04, 19: 0.04, 20: 0.12, 21: 0.24, 22: 0.41, 23: 0.53}}",False,15,3,10,3,2.0,13,,,21,10,990.0988278204682,-990.0988278204683,17,207.817955356132,58.24110751885107,2342.9621726760097,3,0.36783079055282913,0.36783079055282913,0.36783079055282913,1.0,1.25,24.0,30.0,-70.0,170.0,58.24110751885107,234.29621726760098,2,5.0,4,6,0,8,50.0,2.5,100.0,54.05551382950556,9.718703145917312,44.33681068358825,14.365880481636845,19.17694749634569,23.072740649524302,76.23291926892495,37.43862113116115,93.4024681133182,5.812067146500183,2,20.0,,
20250516_144158,rl_aca,120,,,,,,,,,,,2,1,13.4,20.9,39,600,60,80,"(6.0, 6.0)",0.71,3.0,0.26666666666666666,False,120,0.01,"{'type': 'hourly', 'hourly_rates': {0: 1.59, 1: 4.38, 2: 2.38, 3: 1.15, 4: 0.84, 5: 0.76, 6: 1.0, 7: 2.25, 8: 2.86, 9: 1.94, 10: 1.23, 11: 0.85, 12: 0.55, 13: 0.37, 14: 0.21, 15: 0.13, 16: 0.08, 17: 0.05, 18: 0.04, 19: 0.04, 20: 0.12, 21: 0.24, 22: 0.41, 23: 0.53}}",False,15,3,10,3,2.0,13,,,5,5,0.37377349815784555,-0.37377349815784555,1,0.37377349815784555,0.37377349815784555,371.8622881360518,0,0.5781446905512833,0.5781446905512833,0.5781446905512833,0.5,0.625,12.0,15.0,80.0,20.0,0.37377349815784555,74.37245762721037,2,2.5,2,3,1,0,0,0,0,0,0,0,15.051194204520556,24.254074649272127,0.7235551564223272,1.4476498617559699,15.774749360942883,24.37377349815784,19.773233005167874,3,60.0,,
20250516_144158,rl_aca,121,,,,,,,,,,,2,1,13.4,20.9,39,600,60,80,"(6.0, 6.0)",0.71,3.0,0.26666666666666666,False,121,0.01,"{'type': 'hourly', 'hourly_rates': {0: 1.59, 1: 4.38, 2: 2.38, 3: 1.15, 4: 0.84, 5: 0.76, 6: 1.0, 7: 2.25, 8: 2.86, 9: 1.94, 10: 1.23, 11: 0.85, 12: 0.55, 13: 0.37, 14: 0.21, 15: 0.13, 16: 0.08, 17: 0.05, 18: 0.04, 19: 0.04, 20: 0.12, 21: 0.24, 22: 0.41, 23: 0.53}}",False,15,3,10,3,2.0,13,,,7,7,19.044978149738434,-19.044978149738434,2,10.707709952603274,9.522489074869217,745.0535855513958,0,0.514720460653438,0.514720460653438,0.514720460653438,0.7,0.875,16.799999999999997,21.0,71.42857142857143,28.57142857142857,9.522489074869217,106.43622650734225,2,3.5,2,5,1,0,0,0,0,0,0,0,14.195984924713047,22.162912389315636,5.2563033888928405,24.062945051867757,19.452288313605887,35.707709952603274,17.044369132538627,5,71.42857142857143,,
20250516_144159,rl_aca,122,,,,,,,,,,,2,1,13.4,20.9,39,600,60,80,"(6.0, 6.0)",0.71,3.0,0.26666666666666666,False,122,0.01,"{'type': 'hourly', 'hourly_rates': {0: 1.59, 1: 4.38, 2: 2.38, 3: 1.15, 4: 0.84, 5: 0.76, 6: 1.0, 7: 2.25, 8: 2.86, 9: 1.94, 10: 1.23, 11: 0.85, 12: 0.55, 13: 0.37, 14: 0.21, 15: 0.13, 16: 0.08, 17: 0.05, 18: 0.04, 19: 0.04, 20: 0.12, 21: 0.24, 22: 0.41, 23: 0.53}}",False,15,3,10,3,2.0,13,,,11,9,58.265576276583715,-58.265576276583715,4,27.476409484124872,14.566394069145929,786.3800315754669,7,0.41213267419371047,0.41213267419371047,0.41213267419371047,0.9,1.125,21.6,27.0,55.55555555555556,44.44444444444444,14.566394069145929,87.37555906394077,2,4.5,4,5,1,2,11.11111111111111,2.5,100.0,23.846591068185774,3.434551185515609,20.412039882670165,12.865655896014196,18.78414337150511,7.4648436663681945,40.548730906084785,20.330499562382393,54.47640948412487,12.974934313319604,3,33.33333333333333,,
20250516_144159,rl_aca,123,,,,,,,,,,,2,1,13.4,20.9,39,600,60,80,"(6.0, 6.0)",0.71,3.0,0.26666666666666666,False,123,0.01,"{'type': 'hourly', 'hourly_rates': {0: 1.59, 1: 4.38, 2: 2.38, 3: 1.15, 4: 0.84, 5: 0.76, 6: 1.0, 7: 2.25, 8: 2.86, 9: 1.94, 10: 1.23, 11: 0.85, 12: 0.55, 13: 0.37, 14: 0.21, 15: 0.13, 16: 0.08, 17: 0.05, 18: 0.04, 19: 0.04, 20: 0.12, 21: 0.24, 22: 0.41, 23: 0.53}}",False,15,3,10,3,2.0,13,,,15,13,238.07524787497422,-238.07524787497422,9,78.14783757729617,26.45280531944158,886.7590217882608,7,0.22153319091850368,0.22153319091850368,0.22153319091850368,1.3,1.625,31.200000000000003,39.0,30.76923076923077,69.23076923076923,26.45280531944158,68.21223244525083,2,6.5,5,8,1,4,30.76923076923077,2.25,100.0,17.576228777201266,5.037785815169858,12.538442962031407,12.397898099696139,20.787706249204945,14.635159418518423,47.71394800086145,27.033057518214562,65.63877689534829,26.577371178814495,4,30.76923076923077,,
20250516_144159,rl_aca,124,,,,,,,,,,,2,1,13.4,20.9,39,600,60,80,"(6.0, 6.0)",0.71,3.0,0.26666666666666666,False,124,0.01,"{'type': 'hourly', 'hourly_rates': {0: 1.59, 1: 4.38, 2: 2.38, 3: 1.15, 4: 0.84, 5: 0.76, 6: 1.0, 7: 2.25, 8: 2.86, 9: 1.94, 10: 1.23, 11: 0.85, 12: 0.55, 13: 0.37, 14: 0.21, 15: 0.13, 16: 0.08, 17: 0.05, 18: 0.04, 19: 0.04, 20: 0.12, 21: 0.24, 22: 0.41, 23: 0.53}}",False,15,3,10,3,2.0,13,,,10,8,182.35578142736472,-182.35578142736472,7,43.40012392648441,26.05082591819496,1326.4349022737556,3,0.2649935273778077,0.2649935273778077,0.2649935273778077,0.8,1.0,19.200000000000003,24.0,12.5,87.5,26.05082591819496,165.80436278421945,2,4.0,2,6,0,3,37.5,2.0,100.0,29.265673263211227,4.6889617598977935,24.576711503313433,13.090369802878802,21.686407883118775,16.374735019439623,45.83831041481375,29.465104822318423,58.40012392648441,11.77108981311767,3,37.5,,
20250516_144200,rl_aca,125,,,,,,,,,,,2,1,13.4,20.9,39,600,60,80,"(6.0, 6.0)",0.71,3.0,0.26666666666666666,False,125,0.01,"{'type': 'hourly', 'hourly_rates': {0: 1.59, 1: 4.38, 2: 2.38, 3: 1.15, 4: 0.84, 5: 0.76, 6: 1.0, 7: 2.25, 8: 2.86, 9: 1.94, 10: 1.23, 11: 0.85, 12: 0.55, 13: 0.37, 14: 0.21, 15: 0.13, 16: 0.08, 17: 0.05, 18: 0.04, 19: 0.04, 20: 0.12, 21: 0.24, 22: 0.41, 23: 0.53}}",False,15,3,10,3,2.0,13,,,18,12,551.6368436390618,-551.6368436390618,13,83.59520939213354,42.43360335685091,2855.6578254826477,0,0.18857100843591168,0.18857100843591168,0.18857100843591168,1.2,1.5,28.799999999999997,36.0,-8.333333333333332,108.33333333333333,42.43360335685091,237.9714854568873,2,6.0,5,7,0,5,33.33333333333333,2.4,100.0,49.20422892789237,13.894128933666014,35.31009999422636,12.975222187265212,29.775700731568634,22.24734483004289,55.32434877615094,35.2225670173081,66.28421678702489,8.303780658334006,2,16.666666666666664,,
20250516_144200,rl_aca,126,,,,,,,,,,,2,1,13.4,20.9,39,600,60,80,"(6.0, 6.0)",0.71,3.0,0.26666666666666666,False,126,0.01,"{'type': 'hourly', 'hourly_rates': {0: 1.59, 1: 4.38, 2: 2.38, 3: 1.15, 4: 0.84, 5: 0.76, 6: 1.0, 7: 2.25, 8: 2.86, 9: 1.94, 10: 1.23, 11: 0.85, 12: 0.55, 13: 0.37, 14: 0.21, 15: 0.13, 16: 0.08, 17: 0.05, 18: 0.04, 19: 0.04, 20: 0.12, 21: 0.24, 22: 0.41, 23: 0.53}}",False,15,3,10,3,2.0,13,,,8,8,14.575998708676366,-14.575998708676366,2,12.15661663422685,7.287999354338183,670.1775388483459,4,0.5334257415163438,0.5334257415163438,0.5334257415163438,0.8,1.0,19.200000000000003,24.0,75.0,25.0,7.287999354338183,83.77219235604323,2,4.0,2,6,1,1,25.0,2.0,100.0,1.2096910372247578,2.0261027723711416,-0.8164117351463838,15.360760139730559,20.578738499202444,4.029974968241907,20.420959667248724,19.390735107972464,37.15661663422685,8.832328536377595,4,50.0,,
20250516_144208,rl_aca,127,,,,,,,,,,,2,1,13.4,20.9,39,600,60,80,"(6.0, 6.0)",0.71,3.0,0.26666666666666666,False,127,0.01,"{'type': 'hourly', 'hourly_rates': {0: 1.59, 1: 4.38, 2: 2.38, 3: 1.15, 4: 0.84, 5: 0.76, 6: 1.0, 7: 2.25, 8: 2.86, 9: 1.94, 10: 1.23, 11: 0.85, 12: 0.55, 13: 0.37, 14: 0.21, 15: 0.13, 16: 0.08, 17: 0.05, 18: 0.04, 19: 0.04, 20: 0.12, 21: 0.24, 22: 0.41, 23: 0.53}}",False,15,3,10,3,2.0,13,,,14,0,0,0,0,0,0,0,14,1.0,1.0,1.0,0.0,0.0,0.0,0.0,0,0,0,0,0,0,0,0,,0,0,0,0,0,0,0,0,0.0,0,0.0,0,0.0,0.0,0,0,,
20250516_144208,rl_aca,128,,,,,,,,,,,2,1,13.4,20.9,39,600,60,80,"(6.0, 6.0)",0.71,3.0,0.26666666666666666,False,128,0.01,"{'type': 'hourly', 'hourly_rates': {0: 1.59, 1: 4.38, 2: 2.38, 3: 1.15, 4: 0.84, 5: 0.76, 6: 1.0, 7: 2.25, 8: 2.86, 9: 1.94, 10: 1.23, 11: 0.85, 12: 0.55, 13: 0.37, 14: 0.21, 15: 0.13, 16: 0.08, 17: 0.05, 18: 0.04, 19: 0.04, 20: 0.12, 21: 0.24, 22: 0.41, 23: 0.53}}",False,15,3,10,3,2.0,13,,,11,9,54.28768004089974,-54.28768004089974,4,22.86247995907052,13.571920010224934,960.0542384655749,0,0.18073963966468207,0.18073963966468207,0.18073963966468207,0.9,1.125,21.6,27.0,55.55555555555556,44.44444444444444,13.571920010224934,106.67269316284165,2,4.5,3,6,1,2,22.22222222222222,2.0,100.0,6.434600836729793,3.4646942568528547,2.969906579876938,14.169750328734189,19.720267073290415,6.865901597388407,28.00310111189566,21.035651926122593,43.86247995907052,32.29074429855267,6,66.66666666666666,,
20250516_144210,rl_aca,129,,,,,,,,,,,2,1,13.4,20.9,39,600,60,80,"(6.0, 6.0)",0.71,3.0,0.26666666666666666,False,129,0.01,"{'type': 'hourly', 'hourly_rates': {0: 1.59, 1: 4.38, 2: 2.38, 3: 1.15, 4: 0.84, 5: 0.76, 6: 1.0, 7: 2.25, 8: 2.86, 9: 1.94, 10: 1.23, 11: 0.85, 12: 0.55, 13: 0.37, 14: 0.21, 15: 0.13, 16: 0.08, 17: 0.05, 18: 0.04, 19: 0.04, 20: 0.12, 21: 0.24, 22: 0.41, 23: 0.53}}",False,15,3,10,3,2.0,13,,,21,8,1762.40136999174,-1762.4013699917398,17,299.18501469505026,103.67066882304353,1933.2565567876493,16,0.37834592865525046,0.37834592865525046,0.37834592865525046,0.8,1.0,19.200000000000003,24.0,-112.5,212.5,103.67066882304353,241.65706959845616,2,4.0,4,4,0,7,75.0,2.4285714285714284,100.0,65.3073687853589,36.60187877707952,28.705490008279384,13.94989090022479,20.590579418171245,46.68110538306426,162.20574964643055,60.63099628328905,178.04620620221323,0.0,0,0.0,,
20250516_144211,rl_aca,130,,,,,,,,,,,2,1,13.4,20.9,39,600,60,80,"(6.0, 6.0)",0.71,3.0,0.26666666666666666,False,130,0.01,"{'type': 'hourly', 'hourly_rates': {0: 1.59, 1: 4.38, 2: 2.38, 3: 1.15, 4: 0.84, 5: 0.76, 6: 1.0, 7: 2.25, 8: 2.86, 9: 1.94, 10: 1.23, 11: 0.85, 12: 0.55, 13: 0.37, 14: 0.21, 15: 0.13, 16: 0.08, 17: 0.05, 18: 0.04, 19: 0.04, 20: 0.12, 21: 0.24, 22: 0.41, 23: 0.53}}",False,15,3,10,3,2.0,13,,,10,10,75.25317587416083,-75.25317587416083,4,26.234759324737688,18.813293968540208,1582.3242427739508,0,0.4064536935868216,0.4064536935868216,0.4064536935868216,1.0,1.25,24.0,30.0,60.0,40.0,18.813293968540208,158.23242427739507,2,5.0,4,6,1,0,0,0,0,0,0,0,12.403646603874947,18.005053404527246,12.179864643892202,35.483086848194034,24.58351124776715,44.23475932473769,14.463116605575985,4,40.0,,
20250516_144212,rl_aca,131,,,,,,,,,,,2,1,13.4,20.9,39,600,60,80,"(6.0, 6.0)",0.71,3.0,0.26666666666666666,False,131,0.01,"{'type': 'hourly', 'hourly_rates': {0: 1.59, 1: 4.38, 2: 2.38, 3: 1.15, 4: 0.84, 5: 0.76, 6: 1.0, 7: 2.25, 8: 2.86, 9: 1.94, 10: 1.23, 11: 0.85, 12: 0.55, 13: 0.37, 14: 0.21, 15: 0.13, 16: 0.08, 17: 0.05, 18: 0.04, 19: 0.04, 20: 0.12, 21: 0.24, 22: 0.41, 23: 0.53}}",False,15,3,10,3,2.0,13,,,10,7,125.82773320730541,-125.82773320730541,4,95,31.456933301826353,816.4596744495047,7,0.5071011308643647,0.5071011308643647,0.5071011308643647,0.7,0.875,16.799999999999997,21.0,42.857142857142854,57.14285714285714,31.456933301826353,116.63709634992925,2,3.5,3,4,1,1,14.285714285714285,2.0,100.0,4.104950670404918,20.287130422816748,-16.18217975241183,13.048668370881321,24.956741635610058,20.316408644448703,100.99474172778272,33.36507701533002,116,13.44832871044889,3,42.857142857142854,,
20250516_144220,rl_aca,132,,,,,,,,,,,2,1,13.4,20.9,39,600,60,80,"(6.0, 6.0)",0.71,3.0,0.26666666666666666,False,132,0.01,"{'type': 'hourly', 'hourly_rates': {0: 1.59, 1: 4.38, 2: 2.38, 3: 1.15, 4: 0.84, 5: 0.76, 6: 1.0, 7: 2.25, 8: 2.86, 9: 1.94, 10: 1.23, 11: 0.85, 12: 0.55, 13: 0.37, 14: 0.21, 15: 0.13, 16: 0.08, 17: 0.05, 18: 0.04, 19: 0.04, 20: 0.12, 21: 0.24, 22: 0.41, 23: 0.53}}",False,15,3,10,3,2.0,13,,,14,0,0,0,0,0,0,0,14,1.0,1.0,1.0,0.0,0.0,0.0,0.0,0,0,0,0,0,0,0,0,,0,0,0,0,0,0,0,0,0.0,0,0.0,0,0.0,0.0,0,0,,
20250516_144220,rl_aca,133,,,,,,,,,,,2,1,13.4,20.9,39,600,60,80,"(6.0, 6.0)",0.71,3.0,0.26666666666666666,False,133,0.01,"{'type': 'hourly', 'hourly_rates': {0: 1.59, 1: 4.38, 2: 2.38, 3: 1.15, 4: 0.84, 5: 0.76, 6: 1.0, 7: 2.25, 8: 2.86, 9: 1.94, 10: 1.23, 11: 0.85, 12: 0.55, 13: 0.37, 14: 0.21, 15: 0.13, 16: 0.08, 17: 0.05, 18: 0.04, 19: 0.04, 20: 0.12, 21: 0.24, 22: 0.41, 23: 0.53}}",False,15,3,10,3,2.0,13,,,9,9,0,0,0,0,0,657.3976420311236,0,0.4809172223460896,0.4809172223460896,0.4809172223460896,0.9,1.125,21.6,27.0,100.0,0.0,0,73.04418244790263,2,4.5,3,6,0,0,0,0,0,0,0,0,10.26976715094803,18.31894389419574,3.79006284325712,10.376349929308216,14.05982999420515,22.27999815588979,17.242461181146197,4,44.44444444444444,,
20250516_144220,rl_aca,134,,,,,,,,,,,2,1,13.4,20.9,39,600,60,80,"(6.0, 6.0)",0.71,3.0,0.26666666666666666,False,134,0.01,"{'type': 'hourly', 'hourly_rates': {0: 1.59, 1: 4.38, 2: 2.38, 3: 1.15, 4: 0.84, 5: 0.76, 6: 1.0, 7: 2.25, 8: 2.86, 9: 1.94, 10: 1.23, 11: 0.85, 12: 0.55, 13: 0.37, 14: 0.21, 15: 0.13, 16: 0.08, 17: 0.05, 18: 0.04, 19: 0.04, 20: 0.12, 21: 0.24, 22: 0.41, 23: 0.53}}",False,15,3,10,3,2.0,13,,,10,9,64.92071440740204,-64.92071440740204,6,28.67545564387089,10.820119067900341,1076.5389823138012,6,0.4611934586915656,0.4611934586915656,0.4611934586915656,0.9,1.125,21.6,27.0,33.33333333333333,66.66666666666666,10.820119067900341,119.61544247931124,2,4.5,4,5,1,2,22.22222222222222,2.5,100.0,25.095435907670776,0.5400288429590319,24.555407064711744,15.449669054727776,19.85159101905981,9.06354785119285,45.346632031853574,24.51321690592063,55.67545564387089,19.323863901861856,4,44.44444444444444,,
20250516_144221,rl_aca,135,,,,,,,,,,,2,1,13.4,20.9,39,600,60,80,"(6.0, 6.0)",0.71,3.0,0.26666666666666666,False,135,0.01,"{'type': 'hourly', 'hourly_rates': {0: 1.59, 1: 4.38, 2: 2.38, 3: 1.15, 4: 0.84, 5: 0.76, 6: 1.0, 7: 2.25, 8: 2.86, 9: 1.94, 10: 1.23, 11: 0.85, 12: 0.55, 13: 0.37, 14: 0.21, 15: 0.13, 16: 0.08, 17: 0.05, 18: 0.04, 19: 0.04, 20: 0.12, 21: 0.24, 22: 0.41, 23: 0.53}}",False,15,3,10,3,2.0,13,,,8,8,27.57359824985889,-27.57359824985889,3,14.86152282087727,9.19119941661963,703.1004938852309,3,0.5237686536304202,0.5237686536304202,0.5237686536304202,0.8,1.0,19.200000000000003,24.0,62.5,37.5,9.19119941661963,87.88756173565386,2,4.0,3,5,0,0,0,0,0,0,0,0,11.950432706256292,18.950710955882883,9.04864448144761,28.391580932647898,20.999077187703904,43.861522820877255,15.769429839001717,3,37.5,,
20250516_144221,rl_aca,136,,,,,,,,,,,2,1,13.4,20.9,39,600,60,80,"(6.0, 6.0)",0.71,3.0,0.26666666666666666,False,136,0.01,"{'type': 'hourly', 'hourly_rates': {0: 1.59, 1: 4.38, 2: 2.38, 3: 1.15, 4: 0.84, 5: 0.76, 6: 1.0, 7: 2.25, 8: 2.86, 9: 1.94, 10: 1.23, 11: 0.85, 12: 0.55, 13: 0.37, 14: 0.21, 15: 0.13, 16: 0.08, 17: 0.05, 18: 0.04, 19: 0.04, 20: 0.12, 21: 0.24, 22: 0.41, 23: 0.53}}",False,15,3,10,3,2.0,13,,,13,9,291.9409374339525,-291.9409374339525,10,66.06179487444123,29.19409374339525,1589.112586907493,0,0.14445096123993256,0.14445096123993256,0.14445096123993256,0.9,1.125,21.6,27.0,-11.11111111111111,111.11111111111111,29.19409374339525,176.5680652119437,2,4.5,4,5,1,4,33.33333333333333,2.25,100.0,40.403323675145366,9.269298206949504,31.134025468195862,12.186574880481318,15.893028832536942,20.651327366339405,58.67090001992527,32.83790224682073,72.06179487444123,3.7374900653498457,1,11.11111111111111,,
20250516_144221,rl_aca,137,,,,,,,,,,,2,1,13.4,20.9,39,600,60,80,"(6.0, 6.0)",0.71,3.0,0.26666666666666666,False,137,0.01,"{'type': 'hourly', 'hourly_rates': {0: 1.59, 1: 4.38, 2: 2.38, 3: 1.15, 4: 0.84, 5: 0.76, 6: 1.0, 7: 2.25, 8: 2.86, 9: 1.94, 10: 1.23, 11: 0.85, 12: 0.55, 13: 0.37, 14: 0.21, 15: 0.13, 16: 0.08, 17: 0.05, 18: 0.04, 19: 0.04, 20: 0.12, 21: 0.24, 22: 0.41, 23: 0.53}}",False,15,3,10,3,2.0,13,,,12,10,145.36423818320907,-145.36423818320907,4,125.16455931590392,36.34105954580227,931.4439086944055,2,0.3519233539206032,0.3519233539206032,0.3519233539206032,1.0,1.25,24.0,30.0,60.0,40.0,36.34105954580227,93.14439086944056,2,5.0,4,6,0,1,10.0,2.0,100.0,13.842421633118676,0.7063619149096085,13.136059718209067,17.775762359073532,24.20371145832968,1.8674273911353911,8.509759595551373,19.643189750208922,25.18265549842613,85.16477730861288,8,80.0,,
20250516_144225,rl_aca,138,,,,,,,,,,,2,1,13.4,20.9,39,600,60,80,"(6.0, 6.0)",0.71,3.0,0.26666666666666666,False,138,0.01,"{'type': 'hourly', 'hourly_rates': {0: 1.59, 1: 4.38, 2: 2.38, 3: 1.15, 4: 0.84, 5: 0.76, 6: 1.0, 7: 2.25, 8: 2.86, 9: 1.94, 10: 1.23, 11: 0.85, 12: 0.55, 13: 0.37, 14: 0.21, 15: 0.13, 16: 0.08, 17: 0.05, 18: 0.04, 19: 0.04, 20: 0.12, 21: 0.24, 22: 0.41, 23: 0.53}}",False,15,3,10,3,2.0,13,,,6,0,0,0,0,0,0,0,6,1.0,1.0,1.0,0.0,0.0,0.0,0.0,0,0,0,0,0,0,0,0,,0,0,0,0,0,0,0,0,0.0,0,0.0,0,0.0,0.0,0,0,,
20250516_144225,rl_aca,139,,,,,,,,,,,2,1,13.4,20.9,39,600,60,80,"(6.0, 6.0)",0.71,3.0,0.26666666666666666,False,139,0.01,"{'type': 'hourly', 'hourly_rates': {0: 1.59, 1: 4.38, 2: 2.38, 3: 1.15, 4: 0.84, 5: 0.76, 6: 1.0, 7: 2.25, 8: 2.86, 9: 1.94, 10: 1.23, 11: 0.85, 12: 0.55, 13: 0.37, 14: 0.21, 15: 0.13, 16: 0.08, 17: 0.05, 18: 0.04, 19: 0.04, 20: 0.12, 21: 0.24, 22: 0.41, 23: 0.53}}",False,15,3,10,3,2.0,13,,,12,10,304.7909255460937,-304.7909255460937,8,65.1415730275699,38.098865693261715,1574.3674624953135,1,0.6445944672707083,0.6445944672707083,0.6445944672707083,1.0,1.25,24.0,30.0,20.0,80.0,38.098865693261715,157.43674624953135,2,5.0,4,6,1,2,20.0,2.0,100.0,44.89999139560308,18.596610456870707,26.303380938732374,12.999211772105577,22.217831691052993,24.179335193763894,60.70621536864843,37.17854696586947,76.54893764962054,16.390260325733095,2,20.0,,
20250516_144225,rl_aca,140,,,,,,,,,,,2,1,13.4,20.9,39,600,60,80,"(6.0, 6.0)",0.71,3.0,0.26666666666666666,False,140,0.01,"{'type': 'hourly', 'hourly_rates': {0: 1.59, 1: 4.38, 2: 2.38, 3: 1.15, 4: 0.84, 5: 0.76, 6: 1.0, 7: 2.25, 8: 2.86, 9: 1.94, 10: 1.23, 11: 0.85, 12: 0.55, 13: 0.37, 14: 0.21, 15: 0.13, 16: 0.08, 17: 0.05, 18: 0.04, 19: 0.04, 20: 0.12, 21: 0.24, 22: 0.41, 23: 0.53}}",False,15,3,10,3,2.0,13,,,8,8,55.50680297020204,-55.50680297020204,2,50.30050829092317,27.75340148510102,816.8386221939583,1,0.444411211449029,0.444411211449029,0.444411211449029,0.8,1.0,19.200000000000003,24.0,75.0,25.0,27.75340148510102,102.10482777424478,2,4.0,4,4,1,0,0,0,0,0,0,0,13.256312792706098,22.275239618839464,11.162400241521217,55.047659374166,24.418713034227316,69.30050829092318,14.7210231777253,3,37.5,,
20250516_144226,rl_aca,141,,,,,,,,,,,2,1,13.4,20.9,39,600,60,80,"(6.0, 6.0)",0.71,3.0,0.26666666666666666,False,141,0.01,"{'type': 'hourly', 'hourly_rates': {0: 1.59, 1: 4.38, 2: 2.38, 3: 1.15, 4: 0.84, 5: 0.76, 6: 1.0, 7: 2.25, 8: 2.86, 9: 1.94, 10: 1.23, 11: 0.85, 12: 0.55, 13: 0.37, 14: 0.21, 15: 0.13, 16: 0.08, 17: 0.05, 18: 0.04, 19: 0.04, 20: 0.12, 21: 0.24, 22: 0.41, 23: 0.53}}",False,15,3,10,3,2.0,13,,,15,14,122.06951583762755,-122.06951583762755,6,67.13701891521788,20.344919306271258,1167.885757181529,3,0.19200897236894757,0.19200897236894757,0.19200897236894757,1.4,1.75,33.599999999999994,42.0,57.14285714285714,42.857142857142854,20.344919306271258,83.42041122725207,2,7.0,6,8,0,1,14.285714285714285,2.0,100.0,10.637055937212708,8.399616996933512,2.237438940279196,13.340623326677798,20.99156765486623,14.767309293910532,78.2334035719125,28.107932620588333,94.13701891521788,13.163954252345203,4,28.57142857142857,,
20250516_152800,aca,42,,,,,,,,,,,2,1,13.4,20.9,39,600,60,80,"(6.0, 6.0)",0.71,3.0,0.26666666666666666,False,42,0.01,"{'type': 'hourly', 'hourly_rates': {0: 1.59, 1: 4.38, 2: 2.38, 3: 1.15, 4: 0.84, 5: 0.76, 6: 1.0, 7: 2.25, 8: 2.86, 9: 1.94, 10: 1.23, 11: 0.85, 12: 0.55, 13: 0.37, 14: 0.21, 15: 0.13, 16: 0.08, 17: 0.05, 18: 0.04, 19: 0.04, 20: 0.12, 21: 0.24, 22: 0.41, 23: 0.53}}",False,15,0,0,5,4.0,13,,,11,11,39.642693041767785,-39.642693041767785,3,24.94018548847771,13.214231013922594,700.6507972446076,0,0.5125971922350657,0.5125971922350657,0.5125971922350657,1.1,1.375,26.400000000000002,33.0,72.72727272727273,27.27272727272727,13.214231013922594,63.69552702223705,2,5.5,5,6,1,0,0,0,0,0,0,0,12.86671866578355,21.33402659090094,8.406778328628365,39.56899433942601,21.273496994411918,49.94018548847771,30.70743463193318,7,63.63636363636363,,
20250516_152800,aca,43,,,,,,,,,,,2,1,13.4,20.9,39,600,60,80,"(6.0, 6.0)",0.71,3.0,0.26666666666666666,False,43,0.01,"{'type': 'hourly', 'hourly_rates': {0: 1.59, 1: 4.38, 2: 2.38, 3: 1.15, 4: 0.84, 5: 0.76, 6: 1.0, 7: 2.25, 8: 2.86, 9: 1.94, 10: 1.23, 11: 0.85, 12: 0.55, 13: 0.37, 14: 0.21, 15: 0.13, 16: 0.08, 17: 0.05, 18: 0.04, 19: 0.04, 20: 0.12, 21: 0.24, 22: 0.41, 23: 0.53}}",False,15,0,0,5,4.0,13,,,8,8,12.520618450436395,-12.520618450436395,2,10.152806915903547,6.260309225218197,687.7044236144242,0,0.4178327208858847,0.4178327208858847,0.4178327208858847,0.8,1.0,19.200000000000003,24.0,75.0,25.0,6.260309225218197,85.96305295180302,2,4.0,3,5,0,0,0,0,0,0,0,0,14.582244712669356,24.154144049648437,3.673486570609028,25.930579552337516,18.255731283278383,35.15280691590355,36.0770220098328,6,75.0,,
20250516_152801,aca,44,,,,,,,,,,,2,1,13.4,20.9,39,600,60,80,"(6.0, 6.0)",0.71,3.0,0.26666666666666666,False,44,0.01,"{'type': 'hourly', 'hourly_rates': {0: 1.59, 1: 4.38, 2: 2.38, 3: 1.15, 4: 0.84, 5: 0.76, 6: 1.0, 7: 2.25, 8: 2.86, 9: 1.94, 10: 1.23, 11: 0.85, 12: 0.55, 13: 0.37, 14: 0.21, 15: 0.13, 16: 0.08, 17: 0.05, 18: 0.04, 19: 0.04, 20: 0.12, 21: 0.24, 22: 0.41, 23: 0.53}}",False,15,0,0,5,4.0,13,,,13,10,293.87566183081327,-293.87566183081327,7,80.36085165802285,41.98223740440189,1073.44063882894,0,0.25332105916459996,0.25332105916459996,0.25332105916459996,1.0,1.25,24.0,30.0,30.0,70.0,41.98223740440189,107.344063882894,2,5.0,2,8,1,2,10.0,3.0,100.0,39.11672119838994,11.754456482209706,27.362264716180235,14.319931256557894,23.13672698726552,13.963229117539148,88.41430713371116,28.283160374097044,105.36085165802285,38.82699337798053,4,40.0,,
20250516_152801,aca,45,,,,,,,,,,,2,1,13.4,20.9,39,600,60,80,"(6.0, 6.0)",0.71,3.0,0.26666666666666666,False,45,0.01,"{'type': 'hourly', 'hourly_rates': {0: 1.59, 1: 4.38, 2: 2.38, 3: 1.15, 4: 0.84, 5: 0.76, 6: 1.0, 7: 2.25, 8: 2.86, 9: 1.94, 10: 1.23, 11: 0.85, 12: 0.55, 13: 0.37, 14: 0.21, 15: 0.13, 16: 0.08, 17: 0.05, 18: 0.04, 19: 0.04, 20: 0.12, 21: 0.24, 22: 0.41, 23: 0.53}}",False,15,0,0,5,4.0,13,,,19,13,281.69676509082774,-281.69676509082774,14,35.29458816355162,20.121197506487697,1887.5956515624173,0,0.14945315271560786,0.14945315271560786,0.14945315271560786,1.3,1.625,31.200000000000003,39.0,-7.6923076923076925,107.6923076923077,20.121197506487697,145.19966550480132,2,6.5,6,7,0,5,30.76923076923077,2.2,100.0,23.175474108835125,8.159753904088154,15.015720204746971,13.304724371807232,25.81215418832207,15.517825120538987,34.01936729389604,28.82254949234622,47.42015349479098,7.853214932887909,1,7.6923076923076925,,
20250516_152801,aca,46,,,,,,,,,,,2,1,13.4,20.9,39,600,60,80,"(6.0, 6.0)",0.71,3.0,0.26666666666666666,False,46,0.01,"{'type': 'hourly', 'hourly_rates': {0: 1.59, 1: 4.38, 2: 2.38, 3: 1.15, 4: 0.84, 5: 0.76, 6: 1.0, 7: 2.25, 8: 2.86, 9: 1.94, 10: 1.23, 11: 0.85, 12: 0.55, 13: 0.37, 14: 0.21, 15: 0.13, 16: 0.08, 17: 0.05, 18: 0.04, 19: 0.04, 20: 0.12, 21: 0.24, 22: 0.41, 23: 0.53}}",False,15,0,0,5,4.0,13,,,12,11,24.373218264282343,-24.373218264282343,4,20.647761740605887,6.093304566070586,1094.948636737366,0,0.30782295852970837,0.30782295852970837,0.30782295852970837,1.1,1.375,26.400000000000002,33.0,63.63636363636363,36.36363636363637,6.093304566070586,99.54078515794237,2,5.5,5,6,1,1,9.090909090909092,2.0,100.0,0.0,2.07429145770125,-2.07429145770125,14.322967391676395,21.61474449333633,6.216859569517497,30.402094903094167,20.539826961193896,51.64776174060589,35.30694131975625,5,45.45454545454545,,
20250516_152802,aca,47,,,,,,,,,,,2,1,13.4,20.9,39,600,60,80,"(6.0, 6.0)",0.71,3.0,0.26666666666666666,False,47,0.01,"{'type': 'hourly', 'hourly_rates': {0: 1.59, 1: 4.38, 2: 2.38, 3: 1.15, 4: 0.84, 5: 0.76, 6: 1.0, 7: 2.25, 8: 2.86, 9: 1.94, 10: 1.23, 11: 0.85, 12: 0.55, 13: 0.37, 14: 0.21, 15: 0.13, 16: 0.08, 17: 0.05, 18: 0.04, 19: 0.04, 20: 0.12, 21: 0.24, 22: 0.41, 23: 0.53}}",False,15,0,0,5,4.0,13,,,10,8,114.23092054101376,-114.23092054101376,7,32.86910029621299,16.318702934430537,867.091420255193,0,0.4029180560000885,0.4029180560000885,0.4029180560000885,0.8,1.0,19.200000000000003,24.0,12.5,87.5,16.318702934430537,108.38642753189913,2,4.0,4,4,1,2,12.5,2.5,100.0,31.371370806730226,5.374412742837042,25.996958063893185,13.44885909528555,19.664688961149693,13.129578681441801,41.37903943305281,26.578437776727352,59.86910029621299,22.535202327008342,4,50.0,,
20250516_152802,aca,48,,,,,,,,,,,2,1,13.4,20.9,39,600,60,80,"(6.0, 6.0)",0.71,3.0,0.26666666666666666,False,48,0.01,"{'type': 'hourly', 'hourly_rates': {0: 1.59, 1: 4.38, 2: 2.38, 3: 1.15, 4: 0.84, 5: 0.76, 6: 1.0, 7: 2.25, 8: 2.86, 9: 1.94, 10: 1.23, 11: 0.85, 12: 0.55, 13: 0.37, 14: 0.21, 15: 0.13, 16: 0.08, 17: 0.05, 18: 0.04, 19: 0.04, 20: 0.12, 21: 0.24, 22: 0.41, 23: 0.53}}",False,15,0,0,5,4.0,13,,,13,12,60.70724469556227,-60.70724469556227,6,19.095368828613005,10.117874115927044,1572.423753514789,0,0.18642300083022129,0.18642300083022129,0.18642300083022129,1.2,1.5,28.799999999999997,36.0,50.0,50.0,10.117874115927044,131.03531279289908,2,6.0,5,7,1,1,8.333333333333332,2.0,100.0,12.426109215231946,2.6532515137924833,9.772857701439463,14.44779020528375,26.355292018407994,5.059430869868975,21.428689795767667,19.507221075152724,37.71121380626907,22.27225746319789,4,33.33333333333333,,
20250516_152802,aca,49,,,,,,,,,,,2,1,13.4,20.9,39,600,60,80,"(6.0, 6.0)",0.71,3.0,0.26666666666666666,False,49,0.01,"{'type': 'hourly', 'hourly_rates': {0: 1.59, 1: 4.38, 2: 2.38, 3: 1.15, 4: 0.84, 5: 0.76, 6: 1.0, 7: 2.25, 8: 2.86, 9: 1.94, 10: 1.23, 11: 0.85, 12: 0.55, 13: 0.37, 14: 0.21, 15: 0.13, 16: 0.08, 17: 0.05, 18: 0.04, 19: 0.04, 20: 0.12, 21: 0.24, 22: 0.41, 23: 0.53}}",False,15,0,0,5,4.0,13,,,12,10,57.46024406647052,-57.46024406647052,5,27.55395343772534,11.492048813294105,1547.0052976254992,0,0.5484921062336238,0.5484921062336238,0.5484921062336238,1.0,1.25,24.0,30.0,50.0,50.0,11.492048813294105,154.70052976254993,2,5.0,4,6,1,2,20.0,2.0,100.0,9.531283120470476,4.033846718527592,5.497436401942885,11.235704686011113,20.03507424706629,8.33506088533937,27.589546236449905,19.570765571350485,39.55395343772534,17.731691465259928,2,20.0,,
20250516_152803,aca,50,,,,,,,,,,,2,1,13.4,20.9,39,600,60,80,"(6.0, 6.0)",0.71,3.0,0.26666666666666666,False,50,0.01,"{'type': 'hourly', 'hourly_rates': {0: 1.59, 1: 4.38, 2: 2.38, 3: 1.15, 4: 0.84, 5: 0.76, 6: 1.0, 7: 2.25, 8: 2.86, 9: 1.94, 10: 1.23, 11: 0.85, 12: 0.55, 13: 0.37, 14: 0.21, 15: 0.13, 16: 0.08, 17: 0.05, 18: 0.04, 19: 0.04, 20: 0.12, 21: 0.24, 22: 0.41, 23: 0.53}}",False,15,0,0,5,4.0,13,,,5,5,0.9984151655883693,-0.9984151655883693,1,0.9984151655883693,0.9984151655883693,533.379508980324,0,0.6782147618265476,0.6782147618265476,0.6782147618265476,0.5,0.625,12.0,15.0,80.0,20.0,0.9984151655883693,106.67590179606479,2,2.5,2,3,1,0,0,0,0,0,0,0,12.886658306960848,20.301619231550035,1.4827162679573145,3.078328266135543,14.369374574918163,20.99841516558837,11.5888485670854,3,60.0,,
20250516_152803,aca,51,,,,,,,,,,,2,1,13.4,20.9,39,600,60,80,"(6.0, 6.0)",0.71,3.0,0.26666666666666666,False,51,0.01,"{'type': 'hourly', 'hourly_rates': {0: 1.59, 1: 4.38, 2: 2.38, 3: 1.15, 4: 0.84, 5: 0.76, 6: 1.0, 7: 2.25, 8: 2.86, 9: 1.94, 10: 1.23, 11: 0.85, 12: 0.55, 13: 0.37, 14: 0.21, 15: 0.13, 16: 0.08, 17: 0.05, 18: 0.04, 19: 0.04, 20: 0.12, 21: 0.24, 22: 0.41, 23: 0.53}}",False,15,0,0,5,4.0,13,,,9,9,35.30017466904707,-35.30017466904707,3,18.32447266091839,11.766724889682356,1086.1994111666365,0,0.5082934073469108,0.5082934073469108,0.5082934073469108,0.9,1.125,21.6,27.0,66.66666666666666,33.33333333333333,11.766724889682356,120.68882346295962,2,4.5,4,5,0,0,0,0,0,0,0,0,12.76868486451527,22.93815343623038,7.763345292732295,28.38164482677621,20.532030157247565,38.41054924857656,22.527685273776513,4,44.44444444444444,,
20250516_152803,aca,52,,,,,,,,,,,2,1,13.4,20.9,39,600,60,80,"(6.0, 6.0)",0.71,3.0,0.26666666666666666,False,52,0.01,"{'type': 'hourly', 'hourly_rates': {0: 1.59, 1: 4.38, 2: 2.38, 3: 1.15, 4: 0.84, 5: 0.76, 6: 1.0, 7: 2.25, 8: 2.86, 9: 1.94, 10: 1.23, 11: 0.85, 12: 0.55, 13: 0.37, 14: 0.21, 15: 0.13, 16: 0.08, 17: 0.05, 18: 0.04, 19: 0.04, 20: 0.12, 21: 0.24, 22: 0.41, 23: 0.53}}",False,15,0,0,5,4.0,13,,,7,7,16.584093357783644,-16.584093357783644,3,13,5.528031119261215,1334.4290134914422,0,0.4950813316525161,0.4950813316525161,0.4950813316525161,0.7,0.875,16.799999999999997,21.0,57.14285714285714,42.857142857142854,5.528031119261215,190.63271621306316,2,3.5,3,4,1,1,28.57142857142857,2.0,100.0,6.649568848146302,0.6569911322982079,5.992577715848094,13.202065786747507,20.633399046563,4.871971250777675,17.309845693058193,18.074037037525184,25.299137696292597,22.848888504727455,4,57.14285714285714,,
20250516_152804,aca,53,,,,,,,,,,,2,1,13.4,20.9,39,600,60,80,"(6.0, 6.0)",0.71,3.0,0.26666666666666666,False,53,0.01,"{'type': 'hourly', 'hourly_rates': {0: 1.59, 1: 4.38, 2: 2.38, 3: 1.15, 4: 0.84, 5: 0.76, 6: 1.0, 7: 2.25, 8: 2.86, 9: 1.94, 10: 1.23, 11: 0.85, 12: 0.55, 13: 0.37, 14: 0.21, 15: 0.13, 16: 0.08, 17: 0.05, 18: 0.04, 19: 0.04, 20: 0.12, 21: 0.24, 22: 0.41, 23: 0.53}}",False,15,0,0,5,4.0,13,,,14,11,250.1495640153901,-250.1495640153901,9,63.24375273202422,27.794396001710012,1661.7176251385558,0,0.15036291970691185,0.15036291970691185,0.15036291970691185,1.1,1.375,26.400000000000002,33.0,18.181818181818183,81.81818181818183,27.794396001710012,151.06523864895962,2,5.5,3,8,0,4,36.36363636363637,2.25,100.0,25.39590263514426,1.5570832023614298,23.83881943278283,11.211015962993153,18.849314490912555,11.377584046250627,44.299876267702615,22.58860000924378,50.020735833380485,17.012946623594242,4,36.36363636363637,,
20250516_152804,aca,54,,,,,,,,,,,2,1,13.4,20.9,39,600,60,80,"(6.0, 6.0)",0.71,3.0,0.26666666666666666,False,54,0.01,"{'type': 'hourly', 'hourly_rates': {0: 1.59, 1: 4.38, 2: 2.38, 3: 1.15, 4: 0.84, 5: 0.76, 6: 1.0, 7: 2.25, 8: 2.86, 9: 1.94, 10: 1.23, 11: 0.85, 12: 0.55, 13: 0.37, 14: 0.21, 15: 0.13, 16: 0.08, 17: 0.05, 18: 0.04, 19: 0.04, 20: 0.12, 21: 0.24, 22: 0.41, 23: 0.53}}",False,15,0,0,5,4.0,13,,,9,7,113.2859995074347,-113.2859995074347,6,45.891584249823836,18.880999917905783,1372.7972193384433,0,0.5748370660328384,0.5748370660328384,0.5748370660328384,0.7,0.875,16.799999999999997,21.0,14.285714285714285,85.71428571428571,18.880999917905783,196.11388847692047,2,3.5,3,4,1,2,28.57142857142857,2.0,100.0,8.9790360359233,9.887268637152852,-0.9082326012295514,11.741663734013851,16.45476851228443,16.779026963205816,40.02399307321082,28.520690697219667,56.47876158549525,8.322250698928514,1,14.285714285714285,,
20250516_152804,aca,55,,,,,,,,,,,2,1,13.4,20.9,39,600,60,80,"(6.0, 6.0)",0.71,3.0,0.26666666666666666,False,55,0.01,"{'type': 'hourly', 'hourly_rates': {0: 1.59, 1: 4.38, 2: 2.38, 3: 1.15, 4: 0.84, 5: 0.76, 6: 1.0, 7: 2.25, 8: 2.86, 9: 1.94, 10: 1.23, 11: 0.85, 12: 0.55, 13: 0.37, 14: 0.21, 15: 0.13, 16: 0.08, 17: 0.05, 18: 0.04, 19: 0.04, 20: 0.12, 21: 0.24, 22: 0.41, 23: 0.53}}",False,15,0,0,5,4.0,13,,,11,11,187.81535845823234,-187.81535845823234,7,49.87418826053346,26.83076549403319,2087.145341356481,0,0.06978777633075103,0.06978777633075103,0.06978777633075103,1.1,1.375,26.400000000000002,33.0,36.36363636363637,63.63636363636363,26.83076549403319,189.7404855778619,2,5.5,5,6,1,1,18.181818181818183,2.0,100.0,0.0,20.868373162025815,-20.868373162025815,13.228654269974276,21.88595859026904,21.480844445232265,54.47828273489358,34.70949871520654,70.87418826053346,2.5211042269400536,1,9.090909090909092,,
20250516_152805,aca,56,,,,,,,,,,,2,1,13.4,20.9,39,600,60,80,"(6.0, 6.0)",0.71,3.0,0.26666666666666666,False,56,0.01,"{'type': 'hourly', 'hourly_rates': {0: 1.59, 1: 4.38, 2: 2.38, 3: 1.15, 4: 0.84, 5: 0.76, 6: 1.0, 7: 2.25, 8: 2.86, 9: 1.94, 10: 1.23, 11: 0.85, 12: 0.55, 13: 0.37, 14: 0.21, 15: 0.13, 16: 0.08, 17: 0.05, 18: 0.04, 19: 0.04, 20: 0.12, 21: 0.24, 22: 0.41, 23: 0.53}}",False,15,0,0,5,4.0,13,,,10,6,210.47738212136136,-210.47738212136136,7,90.13072417475408,30.068197445908766,825.9267941728765,0,0.4291657746716042,0.4291657746716042,0.4291657746716042,0.6,0.75,14.399999999999999,18.0,-16.666666666666664,116.66666666666667,30.068197445908766,137.65446569547942,2,3.0,2,4,0,4,50.0,2.25,100.0,29.04449747862098,0.0,29.04449747862098,15.534348630915703,17.904820851693955,8.663487979121829,26.640319038881017,24.19783661003753,43.7720915123968,15.136636921503907,2,33.33333333333333,,
20250516_152805,aca,57,,,,,,,,,,,2,1,13.4,20.9,39,600,60,80,"(6.0, 6.0)",0.71,3.0,0.26666666666666666,False,57,0.01,"{'type': 'hourly', 'hourly_rates': {0: 1.59, 1: 4.38, 2: 2.38, 3: 1.15, 4: 0.84, 5: 0.76, 6: 1.0, 7: 2.25, 8: 2.86, 9: 1.94, 10: 1.23, 11: 0.85, 12: 0.55, 13: 0.37, 14: 0.21, 15: 0.13, 16: 0.08, 17: 0.05, 18: 0.04, 19: 0.04, 20: 0.12, 21: 0.24, 22: 0.41, 23: 0.53}}",False,15,0,0,5,4.0,13,,,12,11,84.80173540567367,-84.80173540567367,4,55.74059191955524,21.200433851418417,1234.7837796960573,0,0.3885698160175649,0.3885698160175649,0.3885698160175649,1.1,1.375,26.400000000000002,33.0,63.63636363636363,36.36363636363637,21.200433851418417,112.25307088145975,2,5.5,5,6,1,1,9.090909090909092,2.0,100.0,9.60374330674722,7.138354322876938,2.465388983870281,12.379666160712713,18.227635137720426,10.475128185758452,64.85102060310032,22.854794346471166,76.74059191955524,41.600375130529955,6,54.54545454545454,,
20250516_152805,aca,58,,,,,,,,,,,2,1,13.4,20.9,39,600,60,80,"(6.0, 6.0)",0.71,3.0,0.26666666666666666,False,58,0.01,"{'type': 'hourly', 'hourly_rates': {0: 1.59, 1: 4.38, 2: 2.38, 3: 1.15, 4: 0.84, 5: 0.76, 6: 1.0, 7: 2.25, 8: 2.86, 9: 1.94, 10: 1.23, 11: 0.85, 12: 0.55, 13: 0.37, 14: 0.21, 15: 0.13, 16: 0.08, 17: 0.05, 18: 0.04, 19: 0.04, 20: 0.12, 21: 0.24, 22: 0.41, 23: 0.53}}",False,15,0,0,5,4.0,13,,,15,13,180.84537437294597,-180.84537437294597,6,54.409623076099024,30.14089572882433,1468.5884375643266,0,0.5559089306479402,0.5559089306479402,0.5559089306479402,1.3,1.625,31.200000000000003,39.0,53.84615384615385,46.15384615384615,30.14089572882433,112.96834135110204,2,6.5,6,7,0,3,30.76923076923077,2.0,100.0,20.91906793477449,3.142865334226662,17.776202600547826,10.14835990045416,14.602652880719859,11.409798994594901,35.85574572949935,21.558158895049058,49.409623076099024,7.629531651831705,3,23.076923076923077,,
20250516_152806,aca,59,,,,,,,,,,,2,1,13.4,20.9,39,600,60,80,"(6.0, 6.0)",0.71,3.0,0.26666666666666666,False,59,0.01,"{'type': 'hourly', 'hourly_rates': {0: 1.59, 1: 4.38, 2: 2.38, 3: 1.15, 4: 0.84, 5: 0.76, 6: 1.0, 7: 2.25, 8: 2.86, 9: 1.94, 10: 1.23, 11: 0.85, 12: 0.55, 13: 0.37, 14: 0.21, 15: 0.13, 16: 0.08, 17: 0.05, 18: 0.04, 19: 0.04, 20: 0.12, 21: 0.24, 22: 0.41, 23: 0.53}}",False,15,0,0,5,4.0,13,,,17,13,426.6316742158727,-426.6316742158727,10,74.8134168809784,42.66316742158727,1396.4718653631262,0,0.23432523452513296,0.23432523452513296,0.23432523452513296,1.3,1.625,31.200000000000003,39.0,23.076923076923077,76.92307692307693,42.66316742158727,107.42091272024048,2,6.5,5,8,1,5,30.76923076923077,2.2,100.0,33.56642400189436,10.503265119781892,23.063158882112468,12.402326484334349,18.2773929406236,18.651759893201604,63.590728005427536,31.054086377535953,76.9916655318886,17.189853634670854,4,30.76923076923077,,
20250516_152806,aca,60,,,,,,,,,,,2,1,13.4,20.9,39,600,60,80,"(6.0, 6.0)",0.71,3.0,0.26666666666666666,False,60,0.01,"{'type': 'hourly', 'hourly_rates': {0: 1.59, 1: 4.38, 2: 2.38, 3: 1.15, 4: 0.84, 5: 0.76, 6: 1.0, 7: 2.25, 8: 2.86, 9: 1.94, 10: 1.23, 11: 0.85, 12: 0.55, 13: 0.37, 14: 0.21, 15: 0.13, 16: 0.08, 17: 0.05, 18: 0.04, 19: 0.04, 20: 0.12, 21: 0.24, 22: 0.41, 23: 0.53}}",False,15,0,0,5,4.0,13,,,7,7,13.416446474629481,-13.416446474629481,1,13.416446474629481,13.416446474629481,643.5138299525388,0,0.4605292318759108,0.4605292318759108,0.4605292318759108,0.7,0.875,16.799999999999997,21.0,85.71428571428571,14.285714285714285,13.416446474629481,91.93054713607697,2,3.5,1,6,0,0,0,0,0,0,0,0,12.656601682931418,18.85002114693401,3.735225043978878,16.56642532769547,16.391826726910296,35.41644647462948,31.680516638995968,4,57.14285714285714,,
20250516_152806,aca,61,,,,,,,,,,,2,1,13.4,20.9,39,600,60,80,"(6.0, 6.0)",0.71,3.0,0.26666666666666666,False,61,0.01,"{'type': 'hourly', 'hourly_rates': {0: 1.59, 1: 4.38, 2: 2.38, 3: 1.15, 4: 0.84, 5: 0.76, 6: 1.0, 7: 2.25, 8: 2.86, 9: 1.94, 10: 1.23, 11: 0.85, 12: 0.55, 13: 0.37, 14: 0.21, 15: 0.13, 16: 0.08, 17: 0.05, 18: 0.04, 19: 0.04, 20: 0.12, 21: 0.24, 22: 0.41, 23: 0.53}}",False,15,0,0,5,4.0,13,,,12,12,27.479546118382473,-27.479546118382473,3,12.474371593206712,9.159848706127491,580.9571509348042,0,0.25385037915185954,0.25385037915185954,0.25385037915185954,1.2,1.5,28.799999999999997,36.0,75.0,25.0,9.159848706127491,48.41309591123368,2,6.0,5,7,1,1,16.666666666666664,2.0,100.0,7.5025872625878804,1.2474371593206712,6.255150103267209,11.599429616835602,18.014898570393513,7.293556549301115,32.16509664308958,18.89298616613672,37.47437159320671,36.30708539265783,4,33.33333333333333,,
20250516_152807,aca,62,,,,,,,,,,,2,1,13.4,20.9,39,600,60,80,"(6.0, 6.0)",0.71,3.0,0.26666666666666666,False,62,0.01,"{'type': 'hourly', 'hourly_rates': {0: 1.59, 1: 4.38, 2: 2.38, 3: 1.15, 4: 0.84, 5: 0.76, 6: 1.0, 7: 2.25, 8: 2.86, 9: 1.94, 10: 1.23, 11: 0.85, 12: 0.55, 13: 0.37, 14: 0.21, 15: 0.13, 16: 0.08, 17: 0.05, 18: 0.04, 19: 0.04, 20: 0.12, 21: 0.24, 22: 0.41, 23: 0.53}}",False,15,0,0,5,4.0,13,,,11,9,166.38749054348028,-166.38749054348028,9,49.02723442500576,18.487498949275587,1510.5273487270993,0,0.4535421533788605,0.4535421533788605,0.4535421533788605,0.9,1.125,21.6,27.0,0.0,100.0,18.487498949275587,167.8363720807888,2,4.5,4,5,1,3,44.44444444444444,2.0,100.0,16.34445628461579,6.42912600482652,9.915330279789272,11.904809338474788,21.41563357030668,14.758805228600892,37.23487616844497,26.66361456707568,47.44608400927322,16.47245990385741,2,22.22222222222222,,
20250516_152807,aca,63,,,,,,,,,,,2,1,13.4,20.9,39,600,60,80,"(6.0, 6.0)",0.71,3.0,0.26666666666666666,False,63,0.01,"{'type': 'hourly', 'hourly_rates': {0: 1.59, 1: 4.38, 2: 2.38, 3: 1.15, 4: 0.84, 5: 0.76, 6: 1.0, 7: 2.25, 8: 2.86, 9: 1.94, 10: 1.23, 11: 0.85, 12: 0.55, 13: 0.37, 14: 0.21, 15: 0.13, 16: 0.08, 17: 0.05, 18: 0.04, 19: 0.04, 20: 0.12, 21: 0.24, 22: 0.41, 23: 0.53}}",False,15,0,0,5,4.0,13,,,12,10,151.61383114179225,-151.61383114179225,6,50.92206777906402,25.268971856965376,1375.4992523293254,0,0.2237658336117207,0.2237658336117207,0.2237658336117207,1.0,1.25,24.0,30.0,40.0,60.0,25.268971856965376,137.54992523293254,2,5.0,2,8,0,4,40.0,2.25,100.0,23.93782165929096,0.0,23.93782165929096,14.182044309113843,18.535051709784028,10.362589762931448,41.20527874274504,24.54463407204529,59.1817336951633,15.235542467647804,4,40.0,,
20250516_152808,aca,64,,,,,,,,,,,2,1,13.4,20.9,39,600,60,80,"(6.0, 6.0)",0.71,3.0,0.26666666666666666,False,64,0.01,"{'type': 'hourly', 'hourly_rates': {0: 1.59, 1: 4.38, 2: 2.38, 3: 1.15, 4: 0.84, 5: 0.76, 6: 1.0, 7: 2.25, 8: 2.86, 9: 1.94, 10: 1.23, 11: 0.85, 12: 0.55, 13: 0.37, 14: 0.21, 15: 0.13, 16: 0.08, 17: 0.05, 18: 0.04, 19: 0.04, 20: 0.12, 21: 0.24, 22: 0.41, 23: 0.53}}",False,15,0,0,5,4.0,13,,,16,8,1204.131966300073,-1204.1319663000731,14,184.33037744154905,86.00942616429093,2557.8914730695706,0,0.036492232385138205,0.036492232385138205,0.036492232385138205,0.8,1.0,19.200000000000003,24.0,-75.0,175.0,86.00942616429093,319.7364341336963,2,4.0,2,6,0,8,62.5,2.625,100.0,75.42125265648136,3.047550771323818,72.37370188515754,10.027500801538592,18.468071783869842,38.12024581075855,115.23484995820621,48.14774661229714,122.89695182979574,9.468071783869842,1,12.5,,
20250516_152808,aca,65,,,,,,,,,,,2,1,13.4,20.9,39,600,60,80,"(6.0, 6.0)",0.71,3.0,0.26666666666666666,False,65,0.01,"{'type': 'hourly', 'hourly_rates': {0: 1.59, 1: 4.38, 2: 2.38, 3: 1.15, 4: 0.84, 5: 0.76, 6: 1.0, 7: 2.25, 8: 2.86, 9: 1.94, 10: 1.23, 11: 0.85, 12: 0.55, 13: 0.37, 14: 0.21, 15: 0.13, 16: 0.08, 17: 0.05, 18: 0.04, 19: 0.04, 20: 0.12, 21: 0.24, 22: 0.41, 23: 0.53}}",False,15,0,0,5,4.0,13,,,17,15,66.16689887227264,-66.16689887227264,6,21.969680515423505,11.027816478712106,1192.8760144057774,0,0.33955363631752594,0.33955363631752594,0.33955363631752594,1.5,1.875,36.0,45.0,60.0,40.0,11.027816478712106,79.52506762705183,2,7.5,6,9,0,2,13.333333333333334,2.0,100.0,10.984840257711753,2.4937828055623843,8.491057452149368,12.179395430526398,24.14162089048675,8.58281628886822,31.27752535240876,20.762211719394617,35.969680515423505,22.870231728649145,4,26.666666666666668,,
20250516_152808,aca,66,,,,,,,,,,,2,1,13.4,20.9,39,600,60,80,"(6.0, 6.0)",0.71,3.0,0.26666666666666666,False,66,0.01,"{'type': 'hourly', 'hourly_rates': {0: 1.59, 1: 4.38, 2: 2.38, 3: 1.15, 4: 0.84, 5: 0.76, 6: 1.0, 7: 2.25, 8: 2.86, 9: 1.94, 10: 1.23, 11: 0.85, 12: 0.55, 13: 0.37, 14: 0.21, 15: 0.13, 16: 0.08, 17: 0.05, 18: 0.04, 19: 0.04, 20: 0.12, 21: 0.24, 22: 0.41, 23: 0.53}}",False,15,0,0,5,4.0,13,,,16,14,128.08436259928544,-128.08436259928544,8,35.523310943937986,16.01054532491068,1173.0729338912108,0,0.3887537347605795,0.3887537347605795,0.3887537347605795,1.4,1.75,33.599999999999994,42.0,42.857142857142854,57.14285714285714,16.01054532491068,83.7909238493722,2,7.0,6,8,1,2,14.285714285714285,2.0,100.0,19.18297612593591,4.902578842767483,14.280397283168426,13.54275212697107,21.51278231748637,12.761987295829462,50.35858467218566,26.304739422800534,58.523310943937986,33.52212151614081,4,28.57142857142857,,
20250516_152809,aca,67,,,,,,,,,,,2,1,13.4,20.9,39,600,60,80,"(6.0, 6.0)",0.71,3.0,0.26666666666666666,False,67,0.01,"{'type': 'hourly', 'hourly_rates': {0: 1.59, 1: 4.38, 2: 2.38, 3: 1.15, 4: 0.84, 5: 0.76, 6: 1.0, 7: 2.25, 8: 2.86, 9: 1.94, 10: 1.23, 11: 0.85, 12: 0.55, 13: 0.37, 14: 0.21, 15: 0.13, 16: 0.08, 17: 0.05, 18: 0.04, 19: 0.04, 20: 0.12, 21: 0.24, 22: 0.41, 23: 0.53}}",False,15,0,0,5,4.0,13,,,10,9,63.26947459794464,-63.26947459794464,4,27.24773227978318,15.81736864948616,1063.0231660606198,0,0.2146431959442093,0.2146431959442093,0.2146431959442093,0.9,1.125,21.6,27.0,55.55555555555556,44.44444444444444,15.81736864948616,118.11368511784664,2,4.5,2,7,0,1,11.11111111111111,2.0,100.0,27.24773227978318,2.6121046750415076,24.63562760474167,10.421994748997706,18.62925187589079,10.315764214814173,26.394882072857683,20.73775896381188,38.16633403787897,11.166570383762153,2,22.22222222222222,,
20250516_152809,aca,68,,,,,,,,,,,2,1,13.4,20.9,39,600,60,80,"(6.0, 6.0)",0.71,3.0,0.26666666666666666,False,68,0.01,"{'type': 'hourly', 'hourly_rates': {0: 1.59, 1: 4.38, 2: 2.38, 3: 1.15, 4: 0.84, 5: 0.76, 6: 1.0, 7: 2.25, 8: 2.86, 9: 1.94, 10: 1.23, 11: 0.85, 12: 0.55, 13: 0.37, 14: 0.21, 15: 0.13, 16: 0.08, 17: 0.05, 18: 0.04, 19: 0.04, 20: 0.12, 21: 0.24, 22: 0.41, 23: 0.53}}",False,15,0,0,5,4.0,13,,,12,10,192.43621692500824,-192.43621692500824,7,79.01017593465627,27.490888132144033,1665.2755421595095,0,0.1753666999883562,0.1753666999883562,0.1753666999883562,1.0,1.25,24.0,30.0,30.0,70.0,27.490888132144033,166.52755421595094,2,5.0,4,6,1,4,50.0,2.0,100.0,31.62586228969486,0.0,31.62586228969486,13.733650751984976,23.555211437256304,16.669046384550203,91.74054788284607,30.402697136535174,106.01017593465627,10.345401161053722,3,30.0,,
20250516_152809,aca,69,,,,,,,,,,,2,1,13.4,20.9,39,600,60,80,"(6.0, 6.0)",0.71,3.0,0.26666666666666666,False,69,0.01,"{'type': 'hourly', 'hourly_rates': {0: 1.59, 1: 4.38, 2: 2.38, 3: 1.15, 4: 0.84, 5: 0.76, 6: 1.0, 7: 2.25, 8: 2.86, 9: 1.94, 10: 1.23, 11: 0.85, 12: 0.55, 13: 0.37, 14: 0.21, 15: 0.13, 16: 0.08, 17: 0.05, 18: 0.04, 19: 0.04, 20: 0.12, 21: 0.24, 22: 0.41, 23: 0.53}}",False,15,0,0,5,4.0,13,,,13,11,207.61548517726376,-207.61548517726376,7,79.86152271118965,29.659355025323396,1581.4992680391483,0,0.3173937942076235,0.3173937942076235,0.3173937942076235,1.1,1.375,26.400000000000002,33.0,36.36363636363637,63.63636363636363,29.659355025323396,143.77266073083166,2,5.5,5,6,0,2,9.090909090909092,2.5,100.0,40.258070887854586,11.642909218728724,28.61516166912586,12.804363780187048,21.412870900379062,15.860258860033507,94.61748473136572,28.664622640220557,100.86152271118965,18.22222036639639,4,36.36363636363637,,
20250516_152810,aca,70,,,,,,,,,,,2,1,13.4,20.9,39,600,60,80,"(6.0, 6.0)",0.71,3.0,0.26666666666666666,False,70,0.01,"{'type': 'hourly', 'hourly_rates': {0: 1.59, 1: 4.38, 2: 2.38, 3: 1.15, 4: 0.84, 5: 0.76, 6: 1.0, 7: 2.25, 8: 2.86, 9: 1.94, 10: 1.23, 11: 0.85, 12: 0.55, 13: 0.37, 14: 0.21, 15: 0.13, 16: 0.08, 17: 0.05, 18: 0.04, 19: 0.04, 20: 0.12, 21: 0.24, 22: 0.41, 23: 0.53}}",False,15,0,0,5,4.0,13,,,16,10,558.8291698071688,-558.8291698071688,14,87.28974655765379,39.91636927194063,1829.6677361163,0,0.062240672307707676,0.062240672307707676,0.062240672307707676,1.0,1.25,24.0,30.0,-40.0,140.0,39.91636927194063,182.96677361163,2,5.0,5,5,1,6,60.0,2.0,100.0,41.83636660061766,18.25513018936544,23.58123641125222,13.110825135412885,18.32225240464109,29.659412541730166,78.62370938990108,42.770237677143044,90.07980429615725,14.083243349479641,1,10.0,,
20250516_152810,aca,71,,,,,,,,,,,2,1,13.4,20.9,39,600,60,80,"(6.0, 6.0)",0.71,3.0,0.26666666666666666,False,71,0.01,"{'type': 'hourly', 'hourly_rates': {0: 1.59, 1: 4.38, 2: 2.38, 3: 1.15, 4: 0.84, 5: 0.76, 6: 1.0, 7: 2.25, 8: 2.86, 9: 1.94, 10: 1.23, 11: 0.85, 12: 0.55, 13: 0.37, 14: 0.21, 15: 0.13, 16: 0.08, 17: 0.05, 18: 0.04, 19: 0.04, 20: 0.12, 21: 0.24, 22: 0.41, 23: 0.53}}",False,15,0,0,5,4.0,13,,,16,13,377.9387316018875,-377.9387316018875,13,95.0123203236912,29.072210123222117,3081.6499138099766,0,0.18927832449502366,0.18927832449502366,0.18927832449502366,1.3,1.625,31.200000000000003,39.0,0.0,100.0,29.072210123222117,237.0499933699982,2,6.5,6,7,1,5,38.46153846153847,2.2,100.0,36.74035611891312,7.708344690166809,29.03201142874631,12.86901823957285,18.318694775793574,18.90012438286022,87.86227777107203,31.76914262243307,102.0123203236912,9.179568667072658,3,23.076923076923077,,
20250516_152811,aca,72,,,,,,,,,,,2,1,13.4,20.9,39,600,60,80,"(6.0, 6.0)",0.71,3.0,0.26666666666666666,False,72,0.01,"{'type': 'hourly', 'hourly_rates': {0: 1.59, 1: 4.38, 2: 2.38, 3: 1.15, 4: 0.84, 5: 0.76, 6: 1.0, 7: 2.25, 8: 2.86, 9: 1.94, 10: 1.23, 11: 0.85, 12: 0.55, 13: 0.37, 14: 0.21, 15: 0.13, 16: 0.08, 17: 0.05, 18: 0.04, 19: 0.04, 20: 0.12, 21: 0.24, 22: 0.41, 23: 0.53}}",False,15,0,0,5,4.0,13,,,11,11,26.501308898720993,-26.501308898720993,2,22.359978285638533,13.250654449360496,1098.9089412885298,0,0.2543013234597335,0.2543013234597335,0.2543013234597335,1.1,1.375,26.400000000000002,33.0,81.81818181818183,18.181818181818183,13.250654449360496,99.9008128444118,2,5.5,4,7,0,0,0,0,0,0,0,0,13.2064113190443,20.962578643474387,5.574950678111637,21.730225783682954,18.78136199715594,40.35997828563853,17.902627727532902,4,36.36363636363637,,
20250516_152811,aca,73,,,,,,,,,,,2,1,13.4,20.9,39,600,60,80,"(6.0, 6.0)",0.71,3.0,0.26666666666666666,False,73,0.01,"{'type': 'hourly', 'hourly_rates': {0: 1.59, 1: 4.38, 2: 2.38, 3: 1.15, 4: 0.84, 5: 0.76, 6: 1.0, 7: 2.25, 8: 2.86, 9: 1.94, 10: 1.23, 11: 0.85, 12: 0.55, 13: 0.37, 14: 0.21, 15: 0.13, 16: 0.08, 17: 0.05, 18: 0.04, 19: 0.04, 20: 0.12, 21: 0.24, 22: 0.41, 23: 0.53}}",False,15,0,0,5,4.0,13,,,15,12,208.0025619494826,-208.0025619494826,9,53.81801040160249,23.111395772164734,1287.0246369019515,0,0.1933992598487189,0.1933992598487189,0.1933992598487189,1.2,1.5,28.799999999999997,36.0,25.0,75.0,23.111395772164734,107.25205307516262,2,6.0,6,6,0,4,33.33333333333333,2.25,100.0,16.258859419729344,6.7557986283133715,9.503060791415972,14.62637299879605,24.987670002712193,10.247164474042332,36.87762356340913,24.873537472838382,48.83516342541678,43.00178308976368,4,33.33333333333333,,
20250516_152811,aca,74,,,,,,,,,,,2,1,13.4,20.9,39,600,60,80,"(6.0, 6.0)",0.71,3.0,0.26666666666666666,False,74,0.01,"{'type': 'hourly', 'hourly_rates': {0: 1.59, 1: 4.38, 2: 2.38, 3: 1.15, 4: 0.84, 5: 0.76, 6: 1.0, 7: 2.25, 8: 2.86, 9: 1.94, 10: 1.23, 11: 0.85, 12: 0.55, 13: 0.37, 14: 0.21, 15: 0.13, 16: 0.08, 17: 0.05, 18: 0.04, 19: 0.04, 20: 0.12, 21: 0.24, 22: 0.41, 23: 0.53}}",False,15,0,0,5,4.0,13,,,15,10,330.1837541099337,-330.18375410993366,12,85.55919081468372,27.515312842494478,1292.4176071185007,0,0.3024329854810634,0.3024329854810634,0.3024329854810634,1.0,1.25,24.0,30.0,-20.0,120.0,27.515312842494478,129.24176071185008,2,5.0,4,6,1,6,40.0,2.3333333333333335,100.0,27.011009096739805,3.1121703148763373,23.898838781863468,14.97259080133326,22.871027864788857,11.431664350967452,42.98064298131018,26.40425515230071,51.45522561515091,34.70354635193312,4,40.0,,
20250516_152812,aca,75,,,,,,,,,,,2,1,13.4,20.9,39,600,60,80,"(6.0, 6.0)",0.71,3.0,0.26666666666666666,False,75,0.01,"{'type': 'hourly', 'hourly_rates': {0: 1.59, 1: 4.38, 2: 2.38, 3: 1.15, 4: 0.84, 5: 0.76, 6: 1.0, 7: 2.25, 8: 2.86, 9: 1.94, 10: 1.23, 11: 0.85, 12: 0.55, 13: 0.37, 14: 0.21, 15: 0.13, 16: 0.08, 17: 0.05, 18: 0.04, 19: 0.04, 20: 0.12, 21: 0.24, 22: 0.41, 23: 0.53}}",False,15,0,0,5,4.0,13,,,12,10,171.92475654125496,-171.92475654125496,6,49.584917392891214,28.65412609020916,1412.8699039663766,0,0.6187026245710269,0.6187026245710269,0.6187026245710269,1.0,1.25,24.0,30.0,40.0,60.0,28.65412609020916,141.28699039663766,2,5.0,5,5,1,2,20.0,2.0,100.0,35.580033944543544,7.420216588895514,28.15981735564803,13.758773690765352,18.87484274895189,12.172776824062085,40.188334937834156,25.93155051482744,56.71211044067206,13.251712728154681,4,40.0,,
20250516_152812,aca,76,,,,,,,,,,,2,1,13.4,20.9,39,600,60,80,"(6.0, 6.0)",0.71,3.0,0.26666666666666666,False,76,0.01,"{'type': 'hourly', 'hourly_rates': {0: 1.59, 1: 4.38, 2: 2.38, 3: 1.15, 4: 0.84, 5: 0.76, 6: 1.0, 7: 2.25, 8: 2.86, 9: 1.94, 10: 1.23, 11: 0.85, 12: 0.55, 13: 0.37, 14: 0.21, 15: 0.13, 16: 0.08, 17: 0.05, 18: 0.04, 19: 0.04, 20: 0.12, 21: 0.24, 22: 0.41, 23: 0.53}}",False,15,0,0,5,4.0,13,,,6,6,28.36890585807359,-28.36890585807359,3,11.166482327598715,9.456301952691197,680.2128693182892,0,0.5618171533490248,0.5618171533490248,0.5618171533490248,0.6,0.75,14.399999999999999,18.0,50.0,50.0,9.456301952691197,113.3688115530482,2,3.0,2,4,1,0,0,0,0,0,0,0,13.241652385065764,17.571003546104652,9.579301407023125,20.0275165575718,22.82095379208889,32.14197325323951,9.724286668071063,2,33.33333333333333,,
20250516_152812,aca,77,,,,,,,,,,,2,1,13.4,20.9,39,600,60,80,"(6.0, 6.0)",0.71,3.0,0.26666666666666666,False,77,0.01,"{'type': 'hourly', 'hourly_rates': {0: 1.59, 1: 4.38, 2: 2.38, 3: 1.15, 4: 0.84, 5: 0.76, 6: 1.0, 7: 2.25, 8: 2.86, 9: 1.94, 10: 1.23, 11: 0.85, 12: 0.55, 13: 0.37, 14: 0.21, 15: 0.13, 16: 0.08, 17: 0.05, 18: 0.04, 19: 0.04, 20: 0.12, 21: 0.24, 22: 0.41, 23: 0.53}}",False,15,0,0,5,4.0,13,,,20,14,255.29577820505634,-255.29577820505634,12,44.88513002630191,21.274648183754696,2535.953822571001,0,0.11891689070444073,0.11891689070444073,0.11891689070444073,1.4,1.75,33.599999999999994,42.0,14.285714285714285,85.71428571428571,21.274648183754696,181.1395587550715,2,7.0,5,9,0,4,14.285714285714285,2.25,100.0,29.87335363003436,7.842122264430851,22.031231365603507,12.147445196999671,18.83302955267561,15.534473901701775,44.83440225912682,27.681919098701446,56.88513002630191,12.976765285499608,3,21.428571428571427,,
20250516_152813,aca,78,,,,,,,,,,,2,1,13.4,20.9,39,600,60,80,"(6.0, 6.0)",0.71,3.0,0.26666666666666666,False,78,0.01,"{'type': 'hourly', 'hourly_rates': {0: 1.59, 1: 4.38, 2: 2.38, 3: 1.15, 4: 0.84, 5: 0.76, 6: 1.0, 7: 2.25, 8: 2.86, 9: 1.94, 10: 1.23, 11: 0.85, 12: 0.55, 13: 0.37, 14: 0.21, 15: 0.13, 16: 0.08, 17: 0.05, 18: 0.04, 19: 0.04, 20: 0.12, 21: 0.24, 22: 0.41, 23: 0.53}}",False,15,0,0,5,4.0,13,,,7,6,149.37389576584084,-149.37389576584084,5,97.2727910408189,29.87477915316817,1500.1148154756231,0,0.3568535106481818,0.3568535106481818,0.3568535106481818,0.6,0.75,14.399999999999999,18.0,16.666666666666664,83.33333333333334,29.87477915316817,250.01913591260384,2,3.0,2,4,0,1,16.666666666666664,2.0,100.0,10.040432772307895,8.412134390542809,1.6282983817650862,13.506997709194069,16.9619316504797,10.663362287586018,26.909889963802286,24.17035999678009,43.066006200701054,2.377898511775811,1,16.666666666666664,,
20250516_152813,aca,79,,,,,,,,,,,2,1,13.4,20.9,39,600,60,80,"(6.0, 6.0)",0.71,3.0,0.26666666666666666,False,79,0.01,"{'type': 'hourly', 'hourly_rates': {0: 1.59, 1: 4.38, 2: 2.38, 3: 1.15, 4: 0.84, 5: 0.76, 6: 1.0, 7: 2.25, 8: 2.86, 9: 1.94, 10: 1.23, 11: 0.85, 12: 0.55, 13: 0.37, 14: 0.21, 15: 0.13, 16: 0.08, 17: 0.05, 18: 0.04, 19: 0.04, 20: 0.12, 21: 0.24, 22: 0.41, 23: 0.53}}",False,15,0,0,5,4.0,13,,,17,15,184.4268631386002,-184.4268631386002,9,55.87157069504981,20.49187368206669,1630.1413384419036,0,0.20054423109219396,0.20054423109219396,0.20054423109219396,1.5,1.875,36.0,45.0,40.0,60.0,20.49187368206669,108.67608922946025,2,7.5,7,8,1,2,13.333333333333334,2.0,100.0,15.710927388254163,8.75506747821398,6.955859910040182,13.103107718291167,20.595990981159446,13.697246603833095,62.67795689432319,26.80035432212426,75.87157069504981,22.906746209439802,4,26.666666666666668,,
20250516_152813,aca,80,,,,,,,,,,,2,1,13.4,20.9,39,600,60,80,"(6.0, 6.0)",0.71,3.0,0.26666666666666666,False,80,0.01,"{'type': 'hourly', 'hourly_rates': {0: 1.59, 1: 4.38, 2: 2.38, 3: 1.15, 4: 0.84, 5: 0.76, 6: 1.0, 7: 2.25, 8: 2.86, 9: 1.94, 10: 1.23, 11: 0.85, 12: 0.55, 13: 0.37, 14: 0.21, 15: 0.13, 16: 0.08, 17: 0.05, 18: 0.04, 19: 0.04, 20: 0.12, 21: 0.24, 22: 0.41, 23: 0.53}}",False,15,0,0,5,4.0,13,,,16,12,232.84501931789742,-232.84501931789742,10,90.42824574409786,23.28450193178974,1304.453865470374,0,0.30468306236077475,0.30468306236077475,0.30468306236077475,1.2,1.5,28.799999999999997,36.0,16.666666666666664,83.33333333333334,23.28450193178974,108.70448878919784,2,6.0,4,8,0,5,41.66666666666667,2.2,100.0,15.121417911922691,14.728088790404042,0.39332912151864896,15.084459986074092,28.84741953073518,16.624287995746865,106.0401576236039,31.708747981820952,112.42824574409786,39.891605378552555,5,41.66666666666667,,
20250516_152814,aca,81,,,,,,,,,,,2,1,13.4,20.9,39,600,60,80,"(6.0, 6.0)",0.71,3.0,0.26666666666666666,False,81,0.01,"{'type': 'hourly', 'hourly_rates': {0: 1.59, 1: 4.38, 2: 2.38, 3: 1.15, 4: 0.84, 5: 0.76, 6: 1.0, 7: 2.25, 8: 2.86, 9: 1.94, 10: 1.23, 11: 0.85, 12: 0.55, 13: 0.37, 14: 0.21, 15: 0.13, 16: 0.08, 17: 0.05, 18: 0.04, 19: 0.04, 20: 0.12, 21: 0.24, 22: 0.41, 23: 0.53}}",False,15,0,0,5,4.0,13,,,8,8,14.587783190215816,-14.587783190215816,3,7.602219417748529,4.862594396738605,836.8508749020335,0,0.5306982199091507,0.5306982199091507,0.5306982199091507,0.8,1.0,19.200000000000003,24.0,62.5,37.5,4.862594396738605,104.60635936275419,2,4.0,3,5,1,0,0,0,0,0,0,0,13.184690569275062,22.674632683380082,5.4618184199565745,20.451642983586737,18.646508989231638,33.60221941774853,27.978035562677324,3,37.5,,
20250516_152814,aca,82,,,,,,,,,,,2,1,13.4,20.9,39,600,60,80,"(6.0, 6.0)",0.71,3.0,0.26666666666666666,False,82,0.01,"{'type': 'hourly', 'hourly_rates': {0: 1.59, 1: 4.38, 2: 2.38, 3: 1.15, 4: 0.84, 5: 0.76, 6: 1.0, 7: 2.25, 8: 2.86, 9: 1.94, 10: 1.23, 11: 0.85, 12: 0.55, 13: 0.37, 14: 0.21, 15: 0.13, 16: 0.08, 17: 0.05, 18: 0.04, 19: 0.04, 20: 0.12, 21: 0.24, 22: 0.41, 23: 0.53}}",False,15,0,0,5,4.0,13,,,12,12,81.12795815822142,-81.12795815822142,4,40.34129517707214,20.281989539555354,1119.158819103474,0,0.5605614824748957,0.5605614824748957,0.5605614824748957,1.2,1.5,28.799999999999997,36.0,66.66666666666666,33.33333333333333,20.281989539555354,93.2632349252895,2,6.0,4,8,0,1,16.666666666666664,2.0,100.0,5.375264111057788,7.037742993610584,-1.6624788825527954,13.22977340449698,18.207457470191514,12.221338779811655,51.386644877923175,25.45111218430863,69.34129517707214,23.863866394733357,5,41.66666666666667,,
20250516_152815,aca,83,,,,,,,,,,,2,1,13.4,20.9,39,600,60,80,"(6.0, 6.0)",0.71,3.0,0.26666666666666666,False,83,0.01,"{'type': 'hourly', 'hourly_rates': {0: 1.59, 1: 4.38, 2: 2.38, 3: 1.15, 4: 0.84, 5: 0.76, 6: 1.0, 7: 2.25, 8: 2.86, 9: 1.94, 10: 1.23, 11: 0.85, 12: 0.55, 13: 0.37, 14: 0.21, 15: 0.13, 16: 0.08, 17: 0.05, 18: 0.04, 19: 0.04, 20: 0.12, 21: 0.24, 22: 0.41, 23: 0.53}}",False,15,0,0,5,4.0,13,,,14,9,414.6410454339933,-414.6410454339933,9,60.170163344062075,46.0712272704437,1259.7351033732887,0,0.32988701870787945,0.32988701870787945,0.32988701870787945,0.9,1.125,21.6,27.0,0.0,100.0,46.0712272704437,139.97056704147653,2,4.5,4,5,0,8,55.55555555555556,2.625,100.0,37.87220695550957,0.0,37.87220695550957,13.038288670463961,20.411036619882765,17.383114263775557,49.462138745343594,30.42140293423952,64.58294705995343,18.90030585836408,4,44.44444444444444,,
20250516_152815,aca,84,,,,,,,,,,,2,1,13.4,20.9,39,600,60,80,"(6.0, 6.0)",0.71,3.0,0.26666666666666666,False,84,0.01,"{'type': 'hourly', 'hourly_rates': {0: 1.59, 1: 4.38, 2: 2.38, 3: 1.15, 4: 0.84, 5: 0.76, 6: 1.0, 7: 2.25, 8: 2.86, 9: 1.94, 10: 1.23, 11: 0.85, 12: 0.55, 13: 0.37, 14: 0.21, 15: 0.13, 16: 0.08, 17: 0.05, 18: 0.04, 19: 0.04, 20: 0.12, 21: 0.24, 22: 0.41, 23: 0.53}}",False,15,0,0,5,4.0,13,,,12,10,271.3616568852537,-271.36165688525375,11,83.58467326678628,24.669241535023062,2860.7893166514823,0,0.14104358450515578,0.14104358450515578,0.14104358450515578,1.0,1.25,24.0,30.0,-10.0,110.00000000000001,24.669241535023062,286.0789316651482,2,5.0,4,6,0,2,20.0,2.0,100.0,47.04751628257988,10.692733243978445,36.35478303860143,12.150161845785266,24.784322038411844,16.031628161632494,46.698685995279206,28.18179000741776,55.02080383343193,11.80091918181516,3,30.0,,
20250516_152815,aca,85,,,,,,,,,,,2,1,13.4,20.9,39,600,60,80,"(6.0, 6.0)",0.71,3.0,0.26666666666666666,False,85,0.01,"{'type': 'hourly', 'hourly_rates': {0: 1.59, 1: 4.38, 2: 2.38, 3: 1.15, 4: 0.84, 5: 0.76, 6: 1.0, 7: 2.25, 8: 2.86, 9: 1.94, 10: 1.23, 11: 0.85, 12: 0.55, 13: 0.37, 14: 0.21, 15: 0.13, 16: 0.08, 17: 0.05, 18: 0.04, 19: 0.04, 20: 0.12, 21: 0.24, 22: 0.41, 23: 0.53}}",False,15,0,0,5,4.0,13,,,14,10,312.9552586289013,-312.9552586289013,9,82.38875969492852,34.77280651432236,1352.51034911321,0,0.23246991855155766,0.23246991855155766,0.23246991855155766,1.0,1.25,24.0,30.0,10.0,90.0,34.77280651432236,135.251034911321,2,5.0,4,6,0,6,40.0,2.3333333333333335,100.0,19.633549381502284,1.2716149518815716,18.361934429620714,13.202679322698966,26.74700497826278,6.301046148671566,19.302837952795784,19.503725471370537,27.75255719401642,18.883328765331818,3,30.0,,
20250516_152816,aca,86,,,,,,,,,,,2,1,13.4,20.9,39,600,60,80,"(6.0, 6.0)",0.71,3.0,0.26666666666666666,False,86,0.01,"{'type': 'hourly', 'hourly_rates': {0: 1.59, 1: 4.38, 2: 2.38, 3: 1.15, 4: 0.84, 5: 0.76, 6: 1.0, 7: 2.25, 8: 2.86, 9: 1.94, 10: 1.23, 11: 0.85, 12: 0.55, 13: 0.37, 14: 0.21, 15: 0.13, 16: 0.08, 17: 0.05, 18: 0.04, 19: 0.04, 20: 0.12, 21: 0.24, 22: 0.41, 23: 0.53}}",False,15,0,0,5,4.0,13,,,16,13,121.76706483724922,-121.76706483724922,10,24.868517741353315,12.176706483724923,1931.949890816208,0,0.2536573655785678,0.2536573655785678,0.2536573655785678,1.3,1.625,31.200000000000003,39.0,23.076923076923077,76.92307692307693,12.176706483724923,148.61153006278522,2,6.5,6,7,1,2,7.6923076923076925,2.5,100.0,24.868517741353315,5.746800150269531,19.121717591083783,14.524114869029692,28.642333482210887,9.806677140911354,25.553681613124922,24.33079200994105,42.20890583323566,15.210447388961498,3,23.076923076923077,,
20250516_152816,aca,87,,,,,,,,,,,2,1,13.4,20.9,39,600,60,80,"(6.0, 6.0)",0.71,3.0,0.26666666666666666,False,87,0.01,"{'type': 'hourly', 'hourly_rates': {0: 1.59, 1: 4.38, 2: 2.38, 3: 1.15, 4: 0.84, 5: 0.76, 6: 1.0, 7: 2.25, 8: 2.86, 9: 1.94, 10: 1.23, 11: 0.85, 12: 0.55, 13: 0.37, 14: 0.21, 15: 0.13, 16: 0.08, 17: 0.05, 18: 0.04, 19: 0.04, 20: 0.12, 21: 0.24, 22: 0.41, 23: 0.53}}",False,15,0,0,5,4.0,13,,,12,11,141.47962562049776,-141.47962562049776,7,59.35205937078064,20.211375088642537,1241.6861520192704,0,0.2905559757514348,0.2905559757514348,0.2905559757514348,1.1,1.375,26.400000000000002,33.0,36.36363636363637,63.63636363636363,20.211375088642537,112.88055927447913,2,5.5,5,6,1,1,9.090909090909092,2.0,100.0,28.064454633161233,11.18020084958073,16.884253783580505,12.191151774198635,22.42655886899233,18.589639009317384,74.4311610309567,30.780790783516014,83.35205937078064,22.829796835041307,3,27.27272727272727,,
20250516_152816,aca,88,,,,,,,,,,,2,1,13.4,20.9,39,600,60,80,"(6.0, 6.0)",0.71,3.0,0.26666666666666666,False,88,0.01,"{'type': 'hourly', 'hourly_rates': {0: 1.59, 1: 4.38, 2: 2.38, 3: 1.15, 4: 0.84, 5: 0.76, 6: 1.0, 7: 2.25, 8: 2.86, 9: 1.94, 10: 1.23, 11: 0.85, 12: 0.55, 13: 0.37, 14: 0.21, 15: 0.13, 16: 0.08, 17: 0.05, 18: 0.04, 19: 0.04, 20: 0.12, 21: 0.24, 22: 0.41, 23: 0.53}}",False,15,0,0,5,4.0,13,,,17,11,387.8142508516512,-387.8142508516512,11,152.7464803938103,35.255840986513746,1655.8988087196312,0,0.4074747677055864,0.4074747677055864,0.4074747677055864,1.1,1.375,26.400000000000002,33.0,0.0,100.0,35.255840986513746,150.5362553381483,2,5.5,4,7,1,6,36.36363636363637,2.6666666666666665,100.0,29.514846494387484,0.17850896829975632,29.33633752608773,15.991903417469473,26.622298815566978,4.3324848283386945,14.501832117559047,20.324388245808166,27.249562778098294,35.89426145753496,4,36.36363636363637,,
20250516_152817,aca,89,,,,,,,,,,,2,1,13.4,20.9,39,600,60,80,"(6.0, 6.0)",0.71,3.0,0.26666666666666666,False,89,0.01,"{'type': 'hourly', 'hourly_rates': {0: 1.59, 1: 4.38, 2: 2.38, 3: 1.15, 4: 0.84, 5: 0.76, 6: 1.0, 7: 2.25, 8: 2.86, 9: 1.94, 10: 1.23, 11: 0.85, 12: 0.55, 13: 0.37, 14: 0.21, 15: 0.13, 16: 0.08, 17: 0.05, 18: 0.04, 19: 0.04, 20: 0.12, 21: 0.24, 22: 0.41, 23: 0.53}}",False,15,0,0,5,4.0,13,,,16,13,212.28017406490875,-212.28017406490872,9,38.282131430717996,23.586686007212084,1256.6809218612948,0,0.18053463862556612,0.18053463862556612,0.18053463862556612,1.3,1.625,31.200000000000003,39.0,30.76923076923077,69.23076923076923,23.586686007212084,96.6677632200996,2,6.5,6,7,1,4,30.76923076923077,2.0,100.0,30.350508627265953,4.313061795712489,26.037446831553464,11.416079002726123,16.49693164120481,14.423490326585831,47.706512033547334,25.839569329311953,58.12532628640784,17.577552796187433,3,23.076923076923077,,
20250516_152817,aca,90,,,,,,,,,,,2,1,13.4,20.9,39,600,60,80,"(6.0, 6.0)",0.71,3.0,0.26666666666666666,False,90,0.01,"{'type': 'hourly', 'hourly_rates': {0: 1.59, 1: 4.38, 2: 2.38, 3: 1.15, 4: 0.84, 5: 0.76, 6: 1.0, 7: 2.25, 8: 2.86, 9: 1.94, 10: 1.23, 11: 0.85, 12: 0.55, 13: 0.37, 14: 0.21, 15: 0.13, 16: 0.08, 17: 0.05, 18: 0.04, 19: 0.04, 20: 0.12, 21: 0.24, 22: 0.41, 23: 0.53}}",False,15,0,0,5,4.0,13,,,9,9,5.140258879622877,-5.140258879622877,1,5.140258879622877,5.140258879622877,730.9947936159685,0,0.5681552989398231,0.5681552989398231,0.5681552989398231,0.9,1.125,21.6,27.0,88.88888888888889,11.11111111111111,5.140258879622877,81.22164373510762,2,4.5,3,6,0,0,0,0,0,0,0,0,13.103199843072916,18.984525671770598,3.719990115301668,14.155733207852279,16.823189958374584,33.14025887962288,34.29032832553018,6,66.66666666666666,,
20250516_152817,aca,91,,,,,,,,,,,2,1,13.4,20.9,39,600,60,80,"(6.0, 6.0)",0.71,3.0,0.26666666666666666,False,91,0.01,"{'type': 'hourly', 'hourly_rates': {0: 1.59, 1: 4.38, 2: 2.38, 3: 1.15, 4: 0.84, 5: 0.76, 6: 1.0, 7: 2.25, 8: 2.86, 9: 1.94, 10: 1.23, 11: 0.85, 12: 0.55, 13: 0.37, 14: 0.21, 15: 0.13, 16: 0.08, 17: 0.05, 18: 0.04, 19: 0.04, 20: 0.12, 21: 0.24, 22: 0.41, 23: 0.53}}",False,15,0,0,5,4.0,13,,,18,13,404.14573035922047,-404.14573035922047,10,80.24149787665829,40.41457303592205,1634.0309666482945,0,0.17787444878542413,0.17787444878542413,0.17787444878542413,1.3,1.625,31.200000000000003,39.0,23.076923076923077,76.92307692307693,40.41457303592205,125.6946897421765,2,6.5,6,7,1,4,23.076923076923077,2.5,100.0,46.18769198758097,0.3112313051600367,45.876460682420934,12.542862116430985,16.89706057903709,10.49207100260826,30.612028006724216,23.034933119039245,44.053604232199746,43.934796294615445,5,38.46153846153847,,
20250516_152818,aca,92,,,,,,,,,,,2,1,13.4,20.9,39,600,60,80,"(6.0, 6.0)",0.71,3.0,0.26666666666666666,False,92,0.01,"{'type': 'hourly', 'hourly_rates': {0: 1.59, 1: 4.38, 2: 2.38, 3: 1.15, 4: 0.84, 5: 0.76, 6: 1.0, 7: 2.25, 8: 2.86, 9: 1.94, 10: 1.23, 11: 0.85, 12: 0.55, 13: 0.37, 14: 0.21, 15: 0.13, 16: 0.08, 17: 0.05, 18: 0.04, 19: 0.04, 20: 0.12, 21: 0.24, 22: 0.41, 23: 0.53}}",False,15,0,0,5,4.0,13,,,7,7,0,0,0,0,0,725.8015271283131,0,0.5433936293164255,0.5433936293164255,0.5433936293164255,0.7,0.875,16.799999999999997,21.0,100.0,0.0,0,103.68593244690187,2,3.5,1,6,0,0,0,0,0,0,0,0,12.601533454709573,16.946040851224666,1.7799701273178685,8.473548159243592,14.381503582027443,17.153985955860605,22.577298232322935,5,71.42857142857143,,
20250516_152818,aca,93,,,,,,,,,,,2,1,13.4,20.9,39,600,60,80,"(6.0, 6.0)",0.71,3.0,0.26666666666666666,False,93,0.01,"{'type': 'hourly', 'hourly_rates': {0: 1.59, 1: 4.38, 2: 2.38, 3: 1.15, 4: 0.84, 5: 0.76, 6: 1.0, 7: 2.25, 8: 2.86, 9: 1.94, 10: 1.23, 11: 0.85, 12: 0.55, 13: 0.37, 14: 0.21, 15: 0.13, 16: 0.08, 17: 0.05, 18: 0.04, 19: 0.04, 20: 0.12, 21: 0.24, 22: 0.41, 23: 0.53}}",False,15,0,0,5,4.0,13,,,11,10,61.347650969478934,-61.347650969478934,4,22.845964168998194,15.336912742369734,1025.9912789076507,0,0.5361979616391365,0.5361979616391365,0.5361979616391365,1.0,1.25,24.0,30.0,60.0,40.0,15.336912742369734,102.59912789076506,2,5.0,5,5,0,0,0,0,0,0,0,0,15.630155300497028,23.577504543115595,11.042694276560013,34.39352951309439,26.672849577057043,46.513364050964014,58.64920450256199,6,60.0,,
20250516_152818,aca,94,,,,,,,,,,,2,1,13.4,20.9,39,600,60,80,"(6.0, 6.0)",0.71,3.0,0.26666666666666666,False,94,0.01,"{'type': 'hourly', 'hourly_rates': {0: 1.59, 1: 4.38, 2: 2.38, 3: 1.15, 4: 0.84, 5: 0.76, 6: 1.0, 7: 2.25, 8: 2.86, 9: 1.94, 10: 1.23, 11: 0.85, 12: 0.55, 13: 0.37, 14: 0.21, 15: 0.13, 16: 0.08, 17: 0.05, 18: 0.04, 19: 0.04, 20: 0.12, 21: 0.24, 22: 0.41, 23: 0.53}}",False,15,0,0,5,4.0,13,,,13,12,89.13674364907071,-89.13674364907071,5,31.81996414429534,17.82734872981414,1392.4910697372409,0,0.22838383776510635,0.22838383776510635,0.22838383776510635,1.2,1.5,28.799999999999997,36.0,58.333333333333336,41.66666666666667,17.82734872981414,116.04092247810341,2,6.0,6,6,0,3,33.33333333333333,2.0,100.0,16.76581612450557,0.4023858127811888,16.36343031172438,13.351262180154235,20.971985216361325,9.167273402224321,30.266908354959597,22.518535582378558,40.16577323831902,26.674251286833115,5,41.66666666666667,,
20250516_152819,aca,95,,,,,,,,,,,2,1,13.4,20.9,39,600,60,80,"(6.0, 6.0)",0.71,3.0,0.26666666666666666,False,95,0.01,"{'type': 'hourly', 'hourly_rates': {0: 1.59, 1: 4.38, 2: 2.38, 3: 1.15, 4: 0.84, 5: 0.76, 6: 1.0, 7: 2.25, 8: 2.86, 9: 1.94, 10: 1.23, 11: 0.85, 12: 0.55, 13: 0.37, 14: 0.21, 15: 0.13, 16: 0.08, 17: 0.05, 18: 0.04, 19: 0.04, 20: 0.12, 21: 0.24, 22: 0.41, 23: 0.53}}",False,15,0,0,5,4.0,13,,,5,5,21.725692179096797,-21.725692179096797,3,11.144053954623075,7.241897393032265,1053.0394729279587,0,0.43031790918391144,0.43031790918391144,0.43031790918391144,0.5,0.625,12.0,15.0,40.0,60.0,7.241897393032265,210.60789458559174,2,2.5,2,3,1,0,0,0,0,0,0,0,18.171466690063948,35.40625359156735,5.964704735916129,13.70254072488899,24.136171425980077,35.81428964223005,28.454858326776275,2,40.0,,
20250516_152819,aca,96,,,,,,,,,,,2,1,13.4,20.9,39,600,60,80,"(6.0, 6.0)",0.71,3.0,0.26666666666666666,False,96,0.01,"{'type': 'hourly', 'hourly_rates': {0: 1.59, 1: 4.38, 2: 2.38, 3: 1.15, 4: 0.84, 5: 0.76, 6: 1.0, 7: 2.25, 8: 2.86, 9: 1.94, 10: 1.23, 11: 0.85, 12: 0.55, 13: 0.37, 14: 0.21, 15: 0.13, 16: 0.08, 17: 0.05, 18: 0.04, 19: 0.04, 20: 0.12, 21: 0.24, 22: 0.41, 23: 0.53}}",False,15,0,0,5,4.0,13,,,9,6,257.7904419255653,-257.7904419255653,5,77.65196682556262,51.55808838511306,1393.9500187630606,0,0.4588554568777882,0.4588554568777882,0.4588554568777882,0.6,0.75,14.399999999999999,18.0,16.666666666666664,83.33333333333334,51.55808838511306,232.32500312717676,2,3.0,3,3,1,4,50.0,2.75,100.0,46.81057730660447,0.0,46.81057730660447,14.49234663994578,16.917338647084478,16.69525731542167,79.7572893605716,31.18760395536745,95.65196682556262,5.27814644645472,2,33.33333333333333,,
20250516_152819,aca,97,,,,,,,,,,,2,1,13.4,20.9,39,600,60,80,"(6.0, 6.0)",0.71,3.0,0.26666666666666666,False,97,0.01,"{'type': 'hourly', 'hourly_rates': {0: 1.59, 1: 4.38, 2: 2.38, 3: 1.15, 4: 0.84, 5: 0.76, 6: 1.0, 7: 2.25, 8: 2.86, 9: 1.94, 10: 1.23, 11: 0.85, 12: 0.55, 13: 0.37, 14: 0.21, 15: 0.13, 16: 0.08, 17: 0.05, 18: 0.04, 19: 0.04, 20: 0.12, 21: 0.24, 22: 0.41, 23: 0.53}}",False,15,0,0,5,4.0,13,,,10,10,21.132176497569958,-21.132176497569958,2,12.129963035220726,10.566088248784979,1261.4771689626364,0,0.4249524206933241,0.4249524206933241,0.4249524206933241,1.0,1.25,24.0,30.0,80.0,20.0,10.566088248784979,126.14771689626363,2,5.0,3,7,0,1,20.0,2.0,100.0,0.0,2.6415220621962447,-2.6415220621962447,10.440164833162537,14.673834316687419,7.5501965926479615,27.081004713824044,17.990361425810498,38.129963035220726,0.9195676835039706,2,20.0,,
20250516_152820,aca,98,,,,,,,,,,,2,1,13.4,20.9,39,600,60,80,"(6.0, 6.0)",0.71,3.0,0.26666666666666666,False,98,0.01,"{'type': 'hourly', 'hourly_rates': {0: 1.59, 1: 4.38, 2: 2.38, 3: 1.15, 4: 0.84, 5: 0.76, 6: 1.0, 7: 2.25, 8: 2.86, 9: 1.94, 10: 1.23, 11: 0.85, 12: 0.55, 13: 0.37, 14: 0.21, 15: 0.13, 16: 0.08, 17: 0.05, 18: 0.04, 19: 0.04, 20: 0.12, 21: 0.24, 22: 0.41, 23: 0.53}}",False,15,0,0,5,4.0,13,,,11,10,136.04900048779592,-136.04900048779592,4,64.37172887467895,34.01225012194898,983.5544357508402,0,0.35796077031598766,0.35796077031598766,0.35796077031598766,1.0,1.25,24.0,30.0,60.0,40.0,34.01225012194898,98.35544357508402,2,5.0,4,6,0,1,10.0,2.0,100.0,32.195225857671744,7.672856469192142,24.522369388479603,15.297693401143501,27.260902420123273,12.207407007342084,81.09351081251789,27.505100408485582,88.37172887467895,50.87140453412755,6,60.0,,
20250516_152820,aca,99,,,,,,,,,,,2,1,13.4,20.9,39,600,60,80,"(6.0, 6.0)",0.71,3.0,0.26666666666666666,False,99,0.01,"{'type': 'hourly', 'hourly_rates': {0: 1.59, 1: 4.38, 2: 2.38, 3: 1.15, 4: 0.84, 5: 0.76, 6: 1.0, 7: 2.25, 8: 2.86, 9: 1.94, 10: 1.23, 11: 0.85, 12: 0.55, 13: 0.37, 14: 0.21, 15: 0.13, 16: 0.08, 17: 0.05, 18: 0.04, 19: 0.04, 20: 0.12, 21: 0.24, 22: 0.41, 23: 0.53}}",False,15,0,0,5,4.0,13,,,17,14,162.16229268765062,-162.16229268765062,11,28.68012987562406,14.742026607968238,1543.038149782789,0,0.18949612859123108,0.18949612859123108,0.18949612859123108,1.4,1.75,33.599999999999994,42.0,21.428571428571427,78.57142857142857,14.742026607968238,110.21701069877065,2,7.0,5,9,1,4,28.57142857142857,2.0,100.0,13.301843072255746,8.683992266349733,4.617850805906013,12.660030984972456,24.476068344472537,14.46152415527238,46.935309948491806,27.12155514024484,53.680129875624004,18.23008020401372,3,21.428571428571427,,
20250516_152820,aca,100,,,,,,,,,,,2,1,13.4,20.9,39,600,60,80,"(6.0, 6.0)",0.71,3.0,0.26666666666666666,False,100,0.01,"{'type': 'hourly', 'hourly_rates': {0: 1.59, 1: 4.38, 2: 2.38, 3: 1.15, 4: 0.84, 5: 0.76, 6: 1.0, 7: 2.25, 8: 2.86, 9: 1.94, 10: 1.23, 11: 0.85, 12: 0.55, 13: 0.37, 14: 0.21, 15: 0.13, 16: 0.08, 17: 0.05, 18: 0.04, 19: 0.04, 20: 0.12, 21: 0.24, 22: 0.41, 23: 0.53}}",False,15,0,0,5,4.0,13,,,10,9,86.23188386188536,-86.23188386188536,6,36.132426012833236,14.37198064364756,923.8751784721157,0,0.4357063987673324,0.4357063987673324,0.4357063987673324,0.9,1.125,21.6,27.0,33.33333333333333,66.66666666666666,14.37198064364756,102.65279760801286,2,4.5,1,8,0,2,33.33333333333333,2.0,100.0,18.00586468893573,0.8240862149699902,17.18177847396574,15.11747432620885,21.584532440664077,8.646026896481644,31.201776928161394,23.763501222690493,46.132426012833236,23.923389343107516,4,44.44444444444444,,
20250516_152821,aca,101,,,,,,,,,,,2,1,13.4,20.9,39,600,60,80,"(6.0, 6.0)",0.71,3.0,0.26666666666666666,False,101,0.01,"{'type': 'hourly', 'hourly_rates': {0: 1.59, 1: 4.38, 2: 2.38, 3: 1.15, 4: 0.84, 5: 0.76, 6: 1.0, 7: 2.25, 8: 2.86, 9: 1.94, 10: 1.23, 11: 0.85, 12: 0.55, 13: 0.37, 14: 0.21, 15: 0.13, 16: 0.08, 17: 0.05, 18: 0.04, 19: 0.04, 20: 0.12, 21: 0.24, 22: 0.41, 23: 0.53}}",False,15,0,0,5,4.0,13,,,14,10,189.9787267572019,-189.9787267572019,9,46.70681657930862,21.10874741746688,1372.5773228510877,0,0.2521225960796489,0.2521225960796489,0.2521225960796489,1.0,1.25,24.0,30.0,10.0,90.0,21.10874741746688,137.25773228510877,2,5.0,4,6,0,3,20.0,2.3333333333333335,100.0,31.395030661770562,7.335414465196188,24.059616196574375,16.570782727958566,29.22045397916105,11.918649647517569,39.75966997028786,28.489432375476134,55.95262472089968,23.96508145220561,4,40.0,,
20250516_152821,aca,102,,,,,,,,,,,2,1,13.4,20.9,39,600,60,80,"(6.0, 6.0)",0.71,3.0,0.26666666666666666,False,102,0.01,"{'type': 'hourly', 'hourly_rates': {0: 1.59, 1: 4.38, 2: 2.38, 3: 1.15, 4: 0.84, 5: 0.76, 6: 1.0, 7: 2.25, 8: 2.86, 9: 1.94, 10: 1.23, 11: 0.85, 12: 0.55, 13: 0.37, 14: 0.21, 15: 0.13, 16: 0.08, 17: 0.05, 18: 0.04, 19: 0.04, 20: 0.12, 21: 0.24, 22: 0.41, 23: 0.53}}",False,15,0,0,5,4.0,13,,,11,11,2.383439629197369,-2.383439629197369,1,2.383439629197369,2.383439629197369,817.6684775692918,0,0.30168793182184306,0.30168793182184306,0.30168793182184306,1.1,1.375,26.400000000000002,33.0,90.9090909090909,9.090909090909092,2.383439629197369,74.33349796084471,2,5.5,3,8,0,0,0,0,0,0,0,0,13.202504827624939,21.896425756715576,3.933926812005896,13.141890521251725,17.136431639630835,22.490939743350594,35.05648708635805,5,45.45454545454545,,
20250516_152821,aca,103,,,,,,,,,,,2,1,13.4,20.9,39,600,60,80,"(6.0, 6.0)",0.71,3.0,0.26666666666666666,False,103,0.01,"{'type': 'hourly', 'hourly_rates': {0: 1.59, 1: 4.38, 2: 2.38, 3: 1.15, 4: 0.84, 5: 0.76, 6: 1.0, 7: 2.25, 8: 2.86, 9: 1.94, 10: 1.23, 11: 0.85, 12: 0.55, 13: 0.37, 14: 0.21, 15: 0.13, 16: 0.08, 17: 0.05, 18: 0.04, 19: 0.04, 20: 0.12, 21: 0.24, 22: 0.41, 23: 0.53}}",False,15,0,0,5,4.0,13,,,15,12,326.9490937043576,-326.9490937043576,11,84.25069232488718,29.72264488221433,2232.5061723936474,0,0.25005716122858934,0.25005716122858934,0.25005716122858934,1.2,1.5,28.799999999999997,36.0,8.333333333333332,91.66666666666666,29.72264488221433,186.04218103280394,2,6.0,4,8,0,4,33.33333333333333,2.0,100.0,25.657109186804874,13.92693912332345,11.730170063481424,14.40513832099073,20.94206648314332,16.50145370064821,46.3179430484779,30.90659202163894,56.68876635347658,3.405300827735175,2,16.666666666666664,,
20250516_152822,aca,104,,,,,,,,,,,2,1,13.4,20.9,39,600,60,80,"(6.0, 6.0)",0.71,3.0,0.26666666666666666,False,104,0.01,"{'type': 'hourly', 'hourly_rates': {0: 1.59, 1: 4.38, 2: 2.38, 3: 1.15, 4: 0.84, 5: 0.76, 6: 1.0, 7: 2.25, 8: 2.86, 9: 1.94, 10: 1.23, 11: 0.85, 12: 0.55, 13: 0.37, 14: 0.21, 15: 0.13, 16: 0.08, 17: 0.05, 18: 0.04, 19: 0.04, 20: 0.12, 21: 0.24, 22: 0.41, 23: 0.53}}",False,15,0,0,5,4.0,13,,,11,10,34.01055375880998,-34.01055375880998,4,16.099023230561556,8.502638439702496,1354.9295202674639,0,0.40179795831799164,0.40179795831799164,0.40179795831799164,1.0,1.25,24.0,30.0,60.0,40.0,8.502638439702496,135.4929520267464,2,5.0,4,6,0,0,0,0,0,0,0,0,12.783963718900226,25.27677258189297,8.184623354989691,24.563019067692544,20.968587073889918,41.099023230561556,8.142047079449156,2,20.0,,
20250516_152822,aca,105,,,,,,,,,,,2,1,13.4,20.9,39,600,60,80,"(6.0, 6.0)",0.71,3.0,0.26666666666666666,False,105,0.01,"{'type': 'hourly', 'hourly_rates': {0: 1.59, 1: 4.38, 2: 2.38, 3: 1.15, 4: 0.84, 5: 0.76, 6: 1.0, 7: 2.25, 8: 2.86, 9: 1.94, 10: 1.23, 11: 0.85, 12: 0.55, 13: 0.37, 14: 0.21, 15: 0.13, 16: 0.08, 17: 0.05, 18: 0.04, 19: 0.04, 20: 0.12, 21: 0.24, 22: 0.41, 23: 0.53}}",False,15,0,0,5,4.0,13,,,13,8,399.7631922154293,-399.76319221542934,10,73.67200631621158,39.97631922154293,1622.770001982091,0,0.11674165995322075,0.11674165995322075,0.11674165995322075,0.8,1.0,19.200000000000003,24.0,-25.0,125.0,39.97631922154293,202.84625024776136,2,4.0,4,4,0,5,62.5,2.0,100.0,37.161823673364076,0.0,37.161823673364076,14.861182895273112,22.98119238519581,19.04669107813763,53.35520908994778,33.907873973410744,65.66946987075235,13.470115330754503,2,25.0,,
20250516_152822,aca,106,,,,,,,,,,,2,1,13.4,20.9,39,600,60,80,"(6.0, 6.0)",0.71,3.0,0.26666666666666666,False,106,0.01,"{'type': 'hourly', 'hourly_rates': {0: 1.59, 1: 4.38, 2: 2.38, 3: 1.15, 4: 0.84, 5: 0.76, 6: 1.0, 7: 2.25, 8: 2.86, 9: 1.94, 10: 1.23, 11: 0.85, 12: 0.55, 13: 0.37, 14: 0.21, 15: 0.13, 16: 0.08, 17: 0.05, 18: 0.04, 19: 0.04, 20: 0.12, 21: 0.24, 22: 0.41, 23: 0.53}}",False,15,0,0,5,4.0,13,,,7,5,116.37736897558797,-116.37736897558797,7,38.043664008711005,16.625338425083996,1422.9964031578054,0,0.2897954442523267,0.2897954442523267,0.2897954442523267,0.5,0.625,12.0,15.0,-40.0,140.0,16.625338425083996,284.5992806315611,2,2.5,2,3,1,3,60.0,2.3333333333333335,100.0,10.154101224923261,5.960363752180967,4.193737472742294,13.422775562530337,25.224245305533206,6.253830673296007,12.566402741408325,19.676606235826345,26,8.224245305533206,1,20.0,,
20250516_152823,aca,107,,,,,,,,,,,2,1,13.4,20.9,39,600,60,80,"(6.0, 6.0)",0.71,3.0,0.26666666666666666,False,107,0.01,"{'type': 'hourly', 'hourly_rates': {0: 1.59, 1: 4.38, 2: 2.38, 3: 1.15, 4: 0.84, 5: 0.76, 6: 1.0, 7: 2.25, 8: 2.86, 9: 1.94, 10: 1.23, 11: 0.85, 12: 0.55, 13: 0.37, 14: 0.21, 15: 0.13, 16: 0.08, 17: 0.05, 18: 0.04, 19: 0.04, 20: 0.12, 21: 0.24, 22: 0.41, 23: 0.53}}",False,15,0,0,5,4.0,13,,,20,14,258.8925778009745,-258.89257780097444,14,49.45077234292066,18.492326985783894,1806.1278429235779,0,0.1268552795246359,0.1268552795246359,0.1268552795246359,1.4,1.75,33.599999999999994,42.0,0.0,100.0,18.492326985783894,129.0091316373984,2,7.0,5,9,0,5,28.57142857142857,2.0,100.0,14.984496204587252,7.229623738294802,7.75487246629245,12.281551655762554,15.403122569223115,14.292085992637823,36.43547495265645,26.573637648400375,47.83332952251091,7.133486682833393,2,14.285714285714285,,
20250516_152823,aca,108,,,,,,,,,,,2,1,13.4,20.9,39,600,60,80,"(6.0, 6.0)",0.71,3.0,0.26666666666666666,False,108,0.01,"{'type': 'hourly', 'hourly_rates': {0: 1.59, 1: 4.38, 2: 2.38, 3: 1.15, 4: 0.84, 5: 0.76, 6: 1.0, 7: 2.25, 8: 2.86, 9: 1.94, 10: 1.23, 11: 0.85, 12: 0.55, 13: 0.37, 14: 0.21, 15: 0.13, 16: 0.08, 17: 0.05, 18: 0.04, 19: 0.04, 20: 0.12, 21: 0.24, 22: 0.41, 23: 0.53}}",False,15,0,0,5,4.0,13,,,16,12,358.08552385693764,-358.08552385693764,11,97.26508385263804,32.553229441539784,1859.1567535821894,0,0.19675536109249775,0.19675536109249775,0.19675536109249775,1.2,1.5,28.799999999999997,36.0,8.333333333333332,91.66666666666666,32.553229441539784,154.92972946518245,2,6.0,5,7,0,4,25.0,2.25,100.0,47.14048358248041,5.591233467565344,41.54925011491506,12.842437488429878,16.65459591391405,17.606546343510885,81.34288359176227,30.448983831940765,96.82540460896273,2.782726574342121,2,16.666666666666664,,
20250516_152824,aca,109,,,,,,,,,,,2,1,13.4,20.9,39,600,60,80,"(6.0, 6.0)",0.71,3.0,0.26666666666666666,False,109,0.01,"{'type': 'hourly', 'hourly_rates': {0: 1.59, 1: 4.38, 2: 2.38, 3: 1.15, 4: 0.84, 5: 0.76, 6: 1.0, 7: 2.25, 8: 2.86, 9: 1.94, 10: 1.23, 11: 0.85, 12: 0.55, 13: 0.37, 14: 0.21, 15: 0.13, 16: 0.08, 17: 0.05, 18: 0.04, 19: 0.04, 20: 0.12, 21: 0.24, 22: 0.41, 23: 0.53}}",False,15,0,0,5,4.0,13,,,14,10,434.42387933865484,-434.4238793386548,9,119.25535066607304,48.269319926517205,1589.060474535712,0,0.18657877853778115,0.18657877853778115,0.18657877853778115,1.0,1.25,24.0,30.0,10.0,90.0,48.269319926517205,158.9060474535712,2,5.0,4,6,1,5,30.0,2.6,100.0,49.81259667905653,5.7248340048243165,44.087762674232216,15.533858114422856,27.208388821019106,14.177404409925021,91.31817414847185,29.711262524347877,102.25535066607304,39.17316231822956,7,70.0,,
20250516_152824,aca,110,,,,,,,,,,,2,1,13.4,20.9,39,600,60,80,"(6.0, 6.0)",0.71,3.0,0.26666666666666666,False,110,0.01,"{'type': 'hourly', 'hourly_rates': {0: 1.59, 1: 4.38, 2: 2.38, 3: 1.15, 4: 0.84, 5: 0.76, 6: 1.0, 7: 2.25, 8: 2.86, 9: 1.94, 10: 1.23, 11: 0.85, 12: 0.55, 13: 0.37, 14: 0.21, 15: 0.13, 16: 0.08, 17: 0.05, 18: 0.04, 19: 0.04, 20: 0.12, 21: 0.24, 22: 0.41, 23: 0.53}}",False,15,0,0,5,4.0,13,,,13,9,347.5109922389746,-347.5109922389746,7,72.04388933691678,49.64442746271066,1724.7219248194451,0,0.2631341460567084,0.2631341460567084,0.2631341460567084,0.9,1.125,21.6,27.0,22.22222222222222,77.77777777777779,49.64442746271066,191.6357694243828,2,4.5,4,5,1,4,22.22222222222222,2.5,100.0,51.489446202425356,2.4374156230174355,49.05203057940792,13.20979429503133,21.246483473143826,10.234573364391105,40.307493843395775,23.444367659422436,52.92505258973344,4.927717764498709,1,11.11111111111111,,
20250516_152824,aca,111,,,,,,,,,,,2,1,13.4,20.9,39,600,60,80,"(6.0, 6.0)",0.71,3.0,0.26666666666666666,False,111,0.01,"{'type': 'hourly', 'hourly_rates': {0: 1.59, 1: 4.38, 2: 2.38, 3: 1.15, 4: 0.84, 5: 0.76, 6: 1.0, 7: 2.25, 8: 2.86, 9: 1.94, 10: 1.23, 11: 0.85, 12: 0.55, 13: 0.37, 14: 0.21, 15: 0.13, 16: 0.08, 17: 0.05, 18: 0.04, 19: 0.04, 20: 0.12, 21: 0.24, 22: 0.41, 23: 0.53}}",False,15,0,0,5,4.0,13,,,17,9,428.51238567691337,-428.5123856769133,12,85.62626725091519,35.70936547307611,2167.8144502999157,0,0.39030783010353337,0.39030783010353337,0.39030783010353337,0.9,1.125,21.6,27.0,-33.33333333333333,133.33333333333331,35.70936547307611,240.8682722555462,2,4.5,3,6,1,7,33.33333333333333,3.0,100.0,42.857894149886754,4.56851464692987,38.28937950295688,12.875397058237647,15.213544953380747,12.675524191864135,38.412722297534444,25.55092125010178,53.62626725091519,16.280528223753443,3,33.33333333333333,,
20250516_152825,aca,112,,,,,,,,,,,2,1,13.4,20.9,39,600,60,80,"(6.0, 6.0)",0.71,3.0,0.26666666666666666,False,112,0.01,"{'type': 'hourly', 'hourly_rates': {0: 1.59, 1: 4.38, 2: 2.38, 3: 1.15, 4: 0.84, 5: 0.76, 6: 1.0, 7: 2.25, 8: 2.86, 9: 1.94, 10: 1.23, 11: 0.85, 12: 0.55, 13: 0.37, 14: 0.21, 15: 0.13, 16: 0.08, 17: 0.05, 18: 0.04, 19: 0.04, 20: 0.12, 21: 0.24, 22: 0.41, 23: 0.53}}",False,15,0,0,5,4.0,13,,,10,10,22.68548597343751,-22.68548597343751,3,19.040557344057063,7.5618286578125025,964.5302290209286,0,0.382128602528875,0.382128602528875,0.382128602528875,1.0,1.25,24.0,30.0,70.0,30.0,7.5618286578125025,96.45302290209285,2,5.0,5,5,0,0,0,0,0,0,0,0,13.300223535305719,20.70358644633348,7.16222486807235,31.20410209620193,20.46244840337807,39.04055734405706,34.0145806065291,4,40.0,,
20250516_152825,aca,113,,,,,,,,,,,2,1,13.4,20.9,39,600,60,80,"(6.0, 6.0)",0.71,3.0,0.26666666666666666,False,113,0.01,"{'type': 'hourly', 'hourly_rates': {0: 1.59, 1: 4.38, 2: 2.38, 3: 1.15, 4: 0.84, 5: 0.76, 6: 1.0, 7: 2.25, 8: 2.86, 9: 1.94, 10: 1.23, 11: 0.85, 12: 0.55, 13: 0.37, 14: 0.21, 15: 0.13, 16: 0.08, 17: 0.05, 18: 0.04, 19: 0.04, 20: 0.12, 21: 0.24, 22: 0.41, 23: 0.53}}",False,15,0,0,5,4.0,13,,,15,15,5.203677976332898,-5.203677976332898,4,2.479266071465844,1.3009194940832245,1648.9446043851576,0,0.183224340375164,0.183224340375164,0.183224340375164,1.5,1.875,36.0,45.0,73.33333333333333,26.666666666666668,1.3009194940832245,109.92964029234385,2,7.5,7,8,1,0,0,0,0,0,0,0,12.209072384571337,18.725192413418597,4.9794181890292935,16.851962945953744,17.18849057360063,27.479266071465844,35.38471177002293,7,46.666666666666664,,
20250516_152825,aca,114,,,,,,,,,,,2,1,13.4,20.9,39,600,60,80,"(6.0, 6.0)",0.71,3.0,0.26666666666666666,False,114,0.01,"{'type': 'hourly', 'hourly_rates': {0: 1.59, 1: 4.38, 2: 2.38, 3: 1.15, 4: 0.84, 5: 0.76, 6: 1.0, 7: 2.25, 8: 2.86, 9: 1.94, 10: 1.23, 11: 0.85, 12: 0.55, 13: 0.37, 14: 0.21, 15: 0.13, 16: 0.08, 17: 0.05, 18: 0.04, 19: 0.04, 20: 0.12, 21: 0.24, 22: 0.41, 23: 0.53}}",False,15,0,0,5,4.0,13,,,14,11,160.5139325712414,-160.5139325712414,6,69.06649976933062,26.752322095206903,1422.852930101668,0,0.16856067552273313,0.16856067552273313,0.16856067552273313,1.1,1.375,26.400000000000002,33.0,45.45454545454545,54.54545454545454,26.752322095206903,129.3502663728789,2,5.5,5,6,0,4,27.27272727272727,2.5,100.0,24.53098219344675,0.488273787263779,24.04270840618297,11.71047014324443,16.808173119106183,8.340541771869152,49.18750503667526,20.05101191511358,61.51692759333639,3.7828060862286677,1,9.090909090909092,,
20250516_152826,aca,115,,,,,,,,,,,2,1,13.4,20.9,39,600,60,80,"(6.0, 6.0)",0.71,3.0,0.26666666666666666,False,115,0.01,"{'type': 'hourly', 'hourly_rates': {0: 1.59, 1: 4.38, 2: 2.38, 3: 1.15, 4: 0.84, 5: 0.76, 6: 1.0, 7: 2.25, 8: 2.86, 9: 1.94, 10: 1.23, 11: 0.85, 12: 0.55, 13: 0.37, 14: 0.21, 15: 0.13, 16: 0.08, 17: 0.05, 18: 0.04, 19: 0.04, 20: 0.12, 21: 0.24, 22: 0.41, 23: 0.53}}",False,15,0,0,5,4.0,13,,,14,13,324.7467147556624,-324.74671475566237,10,113.64749440308267,32.47467147556624,3031.146312630693,0,0.11440406791344195,0.11440406791344195,0.11440406791344195,1.3,1.625,31.200000000000003,39.0,23.076923076923077,76.92307692307693,32.47467147556624,233.16510097159178,2,6.5,6,7,0,1,7.6923076923076925,2.0,100.0,39.71613289656767,21.87930945295555,17.836823443612122,15.023745484858647,23.57166594270337,22.203699873994047,110.73243652697997,37.22744535885269,124.64749440308267,3.9817849778804266,2,15.384615384615385,,
20250516_152826,aca,116,,,,,,,,,,,2,1,13.4,20.9,39,600,60,80,"(6.0, 6.0)",0.71,3.0,0.26666666666666666,False,116,0.01,"{'type': 'hourly', 'hourly_rates': {0: 1.59, 1: 4.38, 2: 2.38, 3: 1.15, 4: 0.84, 5: 0.76, 6: 1.0, 7: 2.25, 8: 2.86, 9: 1.94, 10: 1.23, 11: 0.85, 12: 0.55, 13: 0.37, 14: 0.21, 15: 0.13, 16: 0.08, 17: 0.05, 18: 0.04, 19: 0.04, 20: 0.12, 21: 0.24, 22: 0.41, 23: 0.53}}",False,15,0,0,5,4.0,13,,,7,7,16.512163012333914,-16.512163012333914,1,16.512163012333914,16.512163012333914,797.4891684386824,0,0.4328614665696228,0.4328614665696228,0.4328614665696228,0.7,0.875,16.799999999999997,21.0,85.71428571428571,14.285714285714285,16.512163012333914,113.92702406266892,2,3.5,1,6,1,0,0,0,0,0,0,0,12.282472714863095,20.892847491726258,4.544371213705245,24.400145477482262,16.82684392856834,32.512163012333914,29.26194571736659,5,71.42857142857143,,
20250516_152826,aca,117,,,,,,,,,,,2,1,13.4,20.9,39,600,60,80,"(6.0, 6.0)",0.71,3.0,0.26666666666666666,False,117,0.01,"{'type': 'hourly', 'hourly_rates': {0: 1.59, 1: 4.38, 2: 2.38, 3: 1.15, 4: 0.84, 5: 0.76, 6: 1.0, 7: 2.25, 8: 2.86, 9: 1.94, 10: 1.23, 11: 0.85, 12: 0.55, 13: 0.37, 14: 0.21, 15: 0.13, 16: 0.08, 17: 0.05, 18: 0.04, 19: 0.04, 20: 0.12, 21: 0.24, 22: 0.41, 23: 0.53}}",False,15,0,0,5,4.0,13,,,8,8,17.12622117362133,-17.12622117362133,1,17.12622117362133,17.12622117362133,596.7476760303439,0,0.6695098480247323,0.6695098480247323,0.6695098480247323,0.8,1.0,19.200000000000003,24.0,87.5,12.5,17.12622117362133,74.59345950379299,2,4.0,3,5,0,0,0,0,0,0,0,0,11.61673133648915,15.0790188864529,3.692590057081563,26.097328254047966,15.309321393570713,39.12622117362133,27.093334172969012,6,75.0,,
20250516_152827,aca,118,,,,,,,,,,,2,1,13.4,20.9,39,600,60,80,"(6.0, 6.0)",0.71,3.0,0.26666666666666666,False,118,0.01,"{'type': 'hourly', 'hourly_rates': {0: 1.59, 1: 4.38, 2: 2.38, 3: 1.15, 4: 0.84, 5: 0.76, 6: 1.0, 7: 2.25, 8: 2.86, 9: 1.94, 10: 1.23, 11: 0.85, 12: 0.55, 13: 0.37, 14: 0.21, 15: 0.13, 16: 0.08, 17: 0.05, 18: 0.04, 19: 0.04, 20: 0.12, 21: 0.24, 22: 0.41, 23: 0.53}}",False,15,0,0,5,4.0,13,,,5,5,17.026102866228285,-17.026102866228285,3,7.428875604978913,5.675367622076095,1195.0519784237724,0,0.616062552510461,0.616062552510461,0.616062552510461,0.5,0.625,12.0,15.0,40.0,60.0,5.675367622076095,239.01039568475449,2,2.5,2,3,0,0,0,0,0,0,0,0,13.297332768070115,15.973442565207648,4.391143355859529,7.865062197186262,17.688476123929643,20.428875604978913,1.7177416737824274,1,20.0,,
20250516_152827,aca,119,,,,,,,,,,,2,1,13.4,20.9,39,600,60,80,"(6.0, 6.0)",0.71,3.0,0.26666666666666666,False,119,0.01,"{'type': 'hourly', 'hourly_rates': {0: 1.59, 1: 4.38, 2: 2.38, 3: 1.15, 4: 0.84, 5: 0.76, 6: 1.0, 7: 2.25, 8: 2.86, 9: 1.94, 10: 1.23, 11: 0.85, 12: 0.55, 13: 0.37, 14: 0.21, 15: 0.13, 16: 0.08, 17: 0.05, 18: 0.04, 19: 0.04, 20: 0.12, 21: 0.24, 22: 0.41, 23: 0.53}}",False,15,0,0,5,4.0,13,,,21,10,1016.8184038495203,-1016.8184038495205,17,148.64075814211,59.8128472852659,2744.0314790568946,0,0.2434479268176844,0.2434479268176844,0.2434479268176844,1.0,1.25,24.0,30.0,-70.0,170.0,59.8128472852659,274.4031479056895,2,5.0,5,5,0,9,40.0,2.7777777777777777,100.0,53.11357749255734,11.846786628863137,41.266790863694204,14.514541045179172,19.449204101191498,20.218516969706158,49.375849765250166,34.73305801488533,67.49326781253188,16.27923535892839,1,10.0,,
20250516_152827,aca,120,,,,,,,,,,,2,1,13.4,20.9,39,600,60,80,"(6.0, 6.0)",0.71,3.0,0.26666666666666666,False,120,0.01,"{'type': 'hourly', 'hourly_rates': {0: 1.59, 1: 4.38, 2: 2.38, 3: 1.15, 4: 0.84, 5: 0.76, 6: 1.0, 7: 2.25, 8: 2.86, 9: 1.94, 10: 1.23, 11: 0.85, 12: 0.55, 13: 0.37, 14: 0.21, 15: 0.13, 16: 0.08, 17: 0.05, 18: 0.04, 19: 0.04, 20: 0.12, 21: 0.24, 22: 0.41, 23: 0.53}}",False,15,0,0,5,4.0,13,,,5,5,0,0,0,0,0,323.3066327222439,0,0.5831062855439859,0.5831062855439859,0.5831062855439859,0.5,0.625,12.0,15.0,100.0,0.0,0,64.66132654444877,2,2.5,1,4,0,0,0,0,0,0,0,0,15.051194204520556,24.254074649272127,2.923555156422327,11.204108932984013,17.974749360942884,25.98641802710233,28.033983012628347,3,60.0,,
20250516_152828,aca,121,,,,,,,,,,,2,1,13.4,20.9,39,600,60,80,"(6.0, 6.0)",0.71,3.0,0.26666666666666666,False,121,0.01,"{'type': 'hourly', 'hourly_rates': {0: 1.59, 1: 4.38, 2: 2.38, 3: 1.15, 4: 0.84, 5: 0.76, 6: 1.0, 7: 2.25, 8: 2.86, 9: 1.94, 10: 1.23, 11: 0.85, 12: 0.55, 13: 0.37, 14: 0.21, 15: 0.13, 16: 0.08, 17: 0.05, 18: 0.04, 19: 0.04, 20: 0.12, 21: 0.24, 22: 0.41, 23: 0.53}}",False,15,0,0,5,4.0,13,,,7,7,29.044978149738434,-29.044978149738434,2,14.707709952603274,14.522489074869217,812.5023764302333,0,0.4983038749851826,0.4983038749851826,0.4983038749851826,0.7,0.875,16.799999999999997,21.0,71.42857142857143,28.57142857142857,14.522489074869217,116.0717680614619,1,7.0,7,7,1,0,0,0,0,0,0,0,14.195984924713047,22.162912389315636,6.684874817464269,24.062945051867757,20.880859742177314,39.33726819713516,18.32037580219326,3,42.857142857142854,,
20250516_152828,aca,122,,,,,,,,,,,2,1,13.4,20.9,39,600,60,80,"(6.0, 6.0)",0.71,3.0,0.26666666666666666,False,122,0.01,"{'type': 'hourly', 'hourly_rates': {0: 1.59, 1: 4.38, 2: 2.38, 3: 1.15, 4: 0.84, 5: 0.76, 6: 1.0, 7: 2.25, 8: 2.86, 9: 1.94, 10: 1.23, 11: 0.85, 12: 0.55, 13: 0.37, 14: 0.21, 15: 0.13, 16: 0.08, 17: 0.05, 18: 0.04, 19: 0.04, 20: 0.12, 21: 0.24, 22: 0.41, 23: 0.53}}",False,15,0,0,5,4.0,13,,,11,10,81.26557627658372,-81.26557627658372,4,49.846591068185774,20.31639406914593,876.3039593125446,0,0.3080933708160308,0.3080933708160308,0.3080933708160308,1.0,1.25,24.0,30.0,60.0,40.0,20.31639406914593,87.63039593125447,2,5.0,4,6,0,1,10.0,2.0,100.0,14.995886620236092,6.702555616923405,8.293331003312687,12.550476601155358,18.78414337150511,10.646561667012403,55.062447696680664,23.197038268167763,73.84659106818577,25.77864927318188,5,50.0,,
20250516_152828,aca,123,,,,,,,,,,,2,1,13.4,20.9,39,600,60,80,"(6.0, 6.0)",0.71,3.0,0.26666666666666666,False,123,0.01,"{'type': 'hourly', 'hourly_rates': {0: 1.59, 1: 4.38, 2: 2.38, 3: 1.15, 4: 0.84, 5: 0.76, 6: 1.0, 7: 2.25, 8: 2.86, 9: 1.94, 10: 1.23, 11: 0.85, 12: 0.55, 13: 0.37, 14: 0.21, 15: 0.13, 16: 0.08, 17: 0.05, 18: 0.04, 19: 0.04, 20: 0.12, 21: 0.24, 22: 0.41, 23: 0.53}}",False,15,0,0,5,4.0,13,,,15,11,142.66893827865923,-142.66893827865923,8,40.638776895348286,17.833617284832403,1030.4339133512788,0,0.23471441121560346,0.23471441121560346,0.23471441121560346,1.1,1.375,26.400000000000002,33.0,27.27272727272727,72.72727272727273,17.833617284832403,93.67581030466171,2,5.5,4,7,0,5,36.36363636363637,2.2,100.0,16.57107994127822,0.8660335157988713,15.705046425479349,10.793634364816702,17.887375565071324,10.60543715210869,28.702733853988548,21.399071516925392,43.3924503939777,22.813615762935008,3,27.27272727272727,,
20250516_152829,aca,124,,,,,,,,,,,2,1,13.4,20.9,39,600,60,80,"(6.0, 6.0)",0.71,3.0,0.26666666666666666,False,124,0.01,"{'type': 'hourly', 'hourly_rates': {0: 1.59, 1: 4.38, 2: 2.38, 3: 1.15, 4: 0.84, 5: 0.76, 6: 1.0, 7: 2.25, 8: 2.86, 9: 1.94, 10: 1.23, 11: 0.85, 12: 0.55, 13: 0.37, 14: 0.21, 15: 0.13, 16: 0.08, 17: 0.05, 18: 0.04, 19: 0.04, 20: 0.12, 21: 0.24, 22: 0.41, 23: 0.53}}",False,15,0,0,5,4.0,13,,,10,8,94.07513984990975,-94.07513984990975,5,36.40012392648441,18.815027969981948,1005.9083467497395,0,0.2915952819959306,0.2915952819959306,0.2915952819959306,0.8,1.0,19.200000000000003,24.0,37.5,62.5,18.815027969981948,125.73854334371744,2,4.0,2,6,0,3,25.0,2.3333333333333335,100.0,23.95543374868356,0.6750532523834281,23.280380496300133,13.090369802878802,21.686407883118775,8.499735019439623,22.838310414813748,21.590104822318423,35.40012392648441,12.77108981311767,3,37.5,,
20250516_152829,aca,125,,,,,,,,,,,2,1,13.4,20.9,39,600,60,80,"(6.0, 6.0)",0.71,3.0,0.26666666666666666,False,125,0.01,"{'type': 'hourly', 'hourly_rates': {0: 1.59, 1: 4.38, 2: 2.38, 3: 1.15, 4: 0.84, 5: 0.76, 6: 1.0, 7: 2.25, 8: 2.86, 9: 1.94, 10: 1.23, 11: 0.85, 12: 0.55, 13: 0.37, 14: 0.21, 15: 0.13, 16: 0.08, 17: 0.05, 18: 0.04, 19: 0.04, 20: 0.12, 21: 0.24, 22: 0.41, 23: 0.53}}",False,15,0,0,5,4.0,13,,,18,15,388.95697978999954,-388.95697978999954,13,77.25775338307966,29.91976767615381,1754.4814314454266,0,0.28776793396147776,0.28776793396147776,0.28776793396147776,1.5,1.875,36.0,45.0,13.333333333333334,86.66666666666667,29.91976767615381,116.96542876302844,2,7.5,7,8,0,4,33.33333333333333,2.0,100.0,38.46389061896755,8.036935372237881,30.426955246729666,13.280361412231665,29.775700731568634,21.91292625753423,77.16628272268181,35.1932876697659,92.08751097176855,22.341536052055176,2,13.333333333333334,,
20250516_152829,aca,126,,,,,,,,,,,2,1,13.4,20.9,39,600,60,80,"(6.0, 6.0)",0.71,3.0,0.26666666666666666,False,126,0.01,"{'type': 'hourly', 'hourly_rates': {0: 1.59, 1: 4.38, 2: 2.38, 3: 1.15, 4: 0.84, 5: 0.76, 6: 1.0, 7: 2.25, 8: 2.86, 9: 1.94, 10: 1.23, 11: 0.85, 12: 0.55, 13: 0.37, 14: 0.21, 15: 0.13, 16: 0.08, 17: 0.05, 18: 0.04, 19: 0.04, 20: 0.12, 21: 0.24, 22: 0.41, 23: 0.53}}",False,15,0,0,5,4.0,13,,,8,8,26.347500638629697,-26.347500638629697,2,18.190884004402847,13.173750319314848,527.7420755650616,0,0.5473665179034015,0.5473665179034015,0.5473665179034015,0.8,1.0,19.200000000000003,24.0,75.0,25.0,13.173750319314848,65.9677594456327,2,4.0,4,4,1,0,0,0,0,0,0,0,15.360760139730559,20.578738499202444,6.529974968241907,22.612145505200402,21.890735107972464,43.19088400440285,38.02225730353974,3,37.5,,
20250516_152830,aca,127,,,,,,,,,,,2,1,13.4,20.9,39,600,60,80,"(6.0, 6.0)",0.71,3.0,0.26666666666666666,False,127,0.01,"{'type': 'hourly', 'hourly_rates': {0: 1.59, 1: 4.38, 2: 2.38, 3: 1.15, 4: 0.84, 5: 0.76, 6: 1.0, 7: 2.25, 8: 2.86, 9: 1.94, 10: 1.23, 11: 0.85, 12: 0.55, 13: 0.37, 14: 0.21, 15: 0.13, 16: 0.08, 17: 0.05, 18: 0.04, 19: 0.04, 20: 0.12, 21: 0.24, 22: 0.41, 23: 0.53}}",False,15,0,0,5,4.0,13,,,14,10,260.1978752858914,-260.1978752858914,10,53.679833081439824,26.01978752858914,1426.8675730740204,0,0.2632245993528814,0.2632245993528814,0.2632245993528814,1.0,1.25,24.0,30.0,0.0,100.0,26.01978752858914,142.68675730740205,2,5.0,5,5,1,5,40.0,2.2,100.0,25.63234173008746,5.609545466027659,20.022796264059803,12.40485829851233,21.552572597754704,14.928490343846107,56.71688691871128,27.333348642358438,68.67983308143982,17.565392920485507,3,30.0,,
20250516_152830,aca,128,,,,,,,,,,,2,1,13.4,20.9,39,600,60,80,"(6.0, 6.0)",0.71,3.0,0.26666666666666666,False,128,0.01,"{'type': 'hourly', 'hourly_rates': {0: 1.59, 1: 4.38, 2: 2.38, 3: 1.15, 4: 0.84, 5: 0.76, 6: 1.0, 7: 2.25, 8: 2.86, 9: 1.94, 10: 1.23, 11: 0.85, 12: 0.55, 13: 0.37, 14: 0.21, 15: 0.13, 16: 0.08, 17: 0.05, 18: 0.04, 19: 0.04, 20: 0.12, 21: 0.24, 22: 0.41, 23: 0.53}}",False,15,0,0,5,4.0,13,,,11,9,132.17980973212593,-132.17980973212593,7,32.16561856947017,18.882829961732277,982.0253630213118,0,0.17874839857832794,0.17874839857832794,0.17874839857832794,0.9,1.125,21.6,27.0,22.22222222222222,77.77777777777779,18.882829961732277,109.11392922459021,2,4.5,2,7,1,3,22.22222222222222,2.3333333333333335,100.0,15.778412218456161,6.452706329635389,9.325705888820771,13.65077493259675,15.859378847174861,10.762565920765514,28.00310111189566,24.413340853362264,43.86247995907052,17.48209636978052,4,44.44444444444444,,
20250516_152831,aca,129,,,,,,,,,,,2,1,13.4,20.9,39,600,60,80,"(6.0, 6.0)",0.71,3.0,0.26666666666666666,False,129,0.01,"{'type': 'hourly', 'hourly_rates': {0: 1.59, 1: 4.38, 2: 2.38, 3: 1.15, 4: 0.84, 5: 0.76, 6: 1.0, 7: 2.25, 8: 2.86, 9: 1.94, 10: 1.23, 11: 0.85, 12: 0.55, 13: 0.37, 14: 0.21, 15: 0.13, 16: 0.08, 17: 0.05, 18: 0.04, 19: 0.04, 20: 0.12, 21: 0.24, 22: 0.41, 23: 0.53}}",False,15,0,0,5,4.0,13,,,21,14,597.8805079971744,-597.8805079971743,13,139.18581004400068,45.99080830747495,2856.4632713815436,0,0.06155755698990668,0.06155755698990668,0.06155755698990668,1.4,1.75,33.599999999999994,42.0,7.142857142857142,92.85714285714286,45.99080830747495,204.0330908129674,2,7.0,5,9,0,11,64.28571428571429,2.3636363636363638,100.0,25.444029621020306,18.169206063123102,7.274823557897204,11.135368081033192,15.84045655578268,21.705350267735366,67.80531336954854,32.84071834876856,79.18501469505026,3.8656357943095827,2,14.285714285714285,,
20250516_152831,aca,130,,,,,,,,,,,2,1,13.4,20.9,39,600,60,80,"(6.0, 6.0)",0.71,3.0,0.26666666666666666,False,130,0.01,"{'type': 'hourly', 'hourly_rates': {0: 1.59, 1: 4.38, 2: 2.38, 3: 1.15, 4: 0.84, 5: 0.76, 6: 1.0, 7: 2.25, 8: 2.86, 9: 1.94, 10: 1.23, 11: 0.85, 12: 0.55, 13: 0.37, 14: 0.21, 15: 0.13, 16: 0.08, 17: 0.05, 18: 0.04, 19: 0.04, 20: 0.12, 21: 0.24, 22: 0.41, 23: 0.53}}",False,15,0,0,5,4.0,13,,,10,9,38.253175874160824,-38.253175874160824,4,15.668478268964577,9.563293968540206,1414.4823204144966,0,0.4746984971453383,0.4746984971453383,0.4746984971453383,0.9,1.125,21.6,27.0,55.55555555555556,44.44444444444444,9.563293968540206,157.1647022682774,2,4.5,3,6,0,1,11.11111111111111,2.0,100.0,6.572535766795227,3.9600800134206997,2.612455753374527,11.953655362136244,18.005053404527246,7.85992010646757,25.665964625365213,19.813575468603815,35.23475932473769,8.48972286481587,2,22.22222222222222,,
20250516_152831,aca,131,,,,,,,,,,,2,1,13.4,20.9,39,600,60,80,"(6.0, 6.0)",0.71,3.0,0.26666666666666666,False,131,0.01,"{'type': 'hourly', 'hourly_rates': {0: 1.59, 1: 4.38, 2: 2.38, 3: 1.15, 4: 0.84, 5: 0.76, 6: 1.0, 7: 2.25, 8: 2.86, 9: 1.94, 10: 1.23, 11: 0.85, 12: 0.55, 13: 0.37, 14: 0.21, 15: 0.13, 16: 0.08, 17: 0.05, 18: 0.04, 19: 0.04, 20: 0.12, 21: 0.24, 22: 0.41, 23: 0.53}}",False,15,0,0,5,4.0,13,,,10,10,89.59382636584293,-89.59382636584293,5,35.308099971248,17.918765273168585,926.8328091708602,0,0.40077306488580816,0.40077306488580816,0.40077306488580816,1.0,1.25,24.0,30.0,50.0,50.0,17.918765273168585,92.68328091708602,2,5.0,4,6,1,0,0,0,0,0,0,0,12.594064943371084,24.956741635610058,13.87977216752661,34.544530527230535,26.473837110897694,57.308099971248,16.9179336524304,3,30.0,,
20250516_152832,aca,132,,,,,,,,,,,2,1,13.4,20.9,39,600,60,80,"(6.0, 6.0)",0.71,3.0,0.26666666666666666,False,132,0.01,"{'type': 'hourly', 'hourly_rates': {0: 1.59, 1: 4.38, 2: 2.38, 3: 1.15, 4: 0.84, 5: 0.76, 6: 1.0, 7: 2.25, 8: 2.86, 9: 1.94, 10: 1.23, 11: 0.85, 12: 0.55, 13: 0.37, 14: 0.21, 15: 0.13, 16: 0.08, 17: 0.05, 18: 0.04, 19: 0.04, 20: 0.12, 21: 0.24, 22: 0.41, 23: 0.53}}",False,15,0,0,5,4.0,13,,,14,11,78.02512939116703,-78.02512939116703,7,25.606663509914796,11.146447055881003,902.6982119312775,0,0.2970646444551052,0.2970646444551052,0.2970646444551052,1.1,1.375,26.400000000000002,33.0,36.36363636363637,63.63636363636363,11.146447055881003,82.06347381193432,2,5.5,4,7,0,3,18.181818181818183,2.3333333333333335,100.0,6.733072662041906,5.75894643935548,0.9741262226864258,12.061159439823928,19.599439437829673,11.85695995904012,45.172771200334495,23.91811939886405,53.606663509914796,27.61461553403504,3,27.27272727272727,,
20250516_152832,aca,133,,,,,,,,,,,2,1,13.4,20.9,39,600,60,80,"(6.0, 6.0)",0.71,3.0,0.26666666666666666,False,133,0.01,"{'type': 'hourly', 'hourly_rates': {0: 1.59, 1: 4.38, 2: 2.38, 3: 1.15, 4: 0.84, 5: 0.76, 6: 1.0, 7: 2.25, 8: 2.86, 9: 1.94, 10: 1.23, 11: 0.85, 12: 0.55, 13: 0.37, 14: 0.21, 15: 0.13, 16: 0.08, 17: 0.05, 18: 0.04, 19: 0.04, 20: 0.12, 21: 0.24, 22: 0.41, 23: 0.53}}",False,15,0,0,5,4.0,13,,,9,9,7.415244453034063,-7.415244453034063,1,7.415244453034063,7.415244453034063,909.074000079295,0,0.450951657565079,0.450951657565079,0.450951657565079,0.9,1.125,21.6,27.0,88.88888888888889,11.11111111111111,7.415244453034063,101.00822223103279,2,4.5,3,6,1,0,0,0,0,0,0,0,10.26976715094803,18.31894389419574,4.678951732146008,15.376349929308216,14.948718883094038,28.415244453034063,7.6485345722589795,4,44.44444444444444,,
20250516_152832,aca,134,,,,,,,,,,,2,1,13.4,20.9,39,600,60,80,"(6.0, 6.0)",0.71,3.0,0.26666666666666666,False,134,0.01,"{'type': 'hourly', 'hourly_rates': {0: 1.59, 1: 4.38, 2: 2.38, 3: 1.15, 4: 0.84, 5: 0.76, 6: 1.0, 7: 2.25, 8: 2.86, 9: 1.94, 10: 1.23, 11: 0.85, 12: 0.55, 13: 0.37, 14: 0.21, 15: 0.13, 16: 0.08, 17: 0.05, 18: 0.04, 19: 0.04, 20: 0.12, 21: 0.24, 22: 0.41, 23: 0.53}}",False,15,0,0,5,4.0,13,,,10,8,118.43059390812823,-118.43059390812823,6,39.51541617147066,19.73843231802137,1276.2524787350153,0,0.4126594249879684,0.4126594249879684,0.4126594249879684,0.8,1.0,19.200000000000003,24.0,25.0,75.0,19.73843231802137,159.5315598418769,2,4.0,2,6,1,4,37.5,2.25,100.0,20.714219468930793,1.300195154446476,19.414024314484315,15.382288582404072,19.85159101905981,6.465415557037106,32.346632031853574,21.847704139441177,42.67545564387089,30.015743166861526,3,37.5,,
20250516_152833,aca,135,,,,,,,,,,,2,1,13.4,20.9,39,600,60,80,"(6.0, 6.0)",0.71,3.0,0.26666666666666666,False,135,0.01,"{'type': 'hourly', 'hourly_rates': {0: 1.59, 1: 4.38, 2: 2.38, 3: 1.15, 4: 0.84, 5: 0.76, 6: 1.0, 7: 2.25, 8: 2.86, 9: 1.94, 10: 1.23, 11: 0.85, 12: 0.55, 13: 0.37, 14: 0.21, 15: 0.13, 16: 0.08, 17: 0.05, 18: 0.04, 19: 0.04, 20: 0.12, 21: 0.24, 22: 0.41, 23: 0.53}}",False,15,0,0,5,4.0,13,,,8,8,29.57359824985889,-29.57359824985889,3,15.86152282087727,9.857866083286297,728.9882905674111,0,0.5179271639847749,0.5179271639847749,0.5179271639847749,0.8,1.0,19.200000000000003,24.0,62.5,37.5,9.857866083286297,91.12353632092639,2,4.0,3,5,1,0,0,0,0,0,0,0,11.950432706256292,18.950710955882883,9.17364448144761,28.391580932647898,21.124077187703904,43.861522820877255,8.724834565140739,2,25.0,,
20250516_152833,aca,136,,,,,,,,,,,2,1,13.4,20.9,39,600,60,80,"(6.0, 6.0)",0.71,3.0,0.26666666666666666,False,136,0.01,"{'type': 'hourly', 'hourly_rates': {0: 1.59, 1: 4.38, 2: 2.38, 3: 1.15, 4: 0.84, 5: 0.76, 6: 1.0, 7: 2.25, 8: 2.86, 9: 1.94, 10: 1.23, 11: 0.85, 12: 0.55, 13: 0.37, 14: 0.21, 15: 0.13, 16: 0.08, 17: 0.05, 18: 0.04, 19: 0.04, 20: 0.12, 21: 0.24, 22: 0.41, 23: 0.53}}",False,15,0,0,5,4.0,13,,,13,9,309.9993341096007,-309.9993341096007,9,68.49150681712082,34.444370456622295,1142.6630851960072,0,0.1944741540217805,0.1944741540217805,0.1944741540217805,0.9,1.125,21.6,27.0,0.0,100.0,34.444370456622295,126.96256502177857,2,4.5,4,5,1,4,22.22222222222222,2.5,100.0,45.27665084578103,7.1901221787456056,38.086528667035424,12.186574880481318,15.893028832536942,18.762438477450516,65.39412476862447,30.94901335793184,80.49150681712082,17.688915573534956,2,22.22222222222222,,
20250516_152833,aca,137,,,,,,,,,,,2,1,13.4,20.9,39,600,60,80,"(6.0, 6.0)",0.71,3.0,0.26666666666666666,False,137,0.01,"{'type': 'hourly', 'hourly_rates': {0: 1.59, 1: 4.38, 2: 2.38, 3: 1.15, 4: 0.84, 5: 0.76, 6: 1.0, 7: 2.25, 8: 2.86, 9: 1.94, 10: 1.23, 11: 0.85, 12: 0.55, 13: 0.37, 14: 0.21, 15: 0.13, 16: 0.08, 17: 0.05, 18: 0.04, 19: 0.04, 20: 0.12, 21: 0.24, 22: 0.41, 23: 0.53}}",False,15,0,0,5,4.0,13,,,12,12,45.363155826054054,-45.363155826054054,4,25.164559315903915,11.340788956513514,1127.4246559837695,0,0.2335571741772056,0.2335571741772056,0.2335571741772056,1.2,1.5,28.799999999999997,36.0,66.66666666666666,33.33333333333333,11.340788956513514,93.95205466531412,2,6.0,5,7,1,0,0,0,0,0,0,0,16.96581856258329,24.20371145832968,7.249662900694601,42.02753573086054,24.215481463277893,53.16455931590392,79.16477730861288,8,66.66666666666666,,
20250516_152834,aca,138,,,,,,,,,,,2,1,13.4,20.9,39,600,60,80,"(6.0, 6.0)",0.71,3.0,0.26666666666666666,False,138,0.01,"{'type': 'hourly', 'hourly_rates': {0: 1.59, 1: 4.38, 2: 2.38, 3: 1.15, 4: 0.84, 5: 0.76, 6: 1.0, 7: 2.25, 8: 2.86, 9: 1.94, 10: 1.23, 11: 0.85, 12: 0.55, 13: 0.37, 14: 0.21, 15: 0.13, 16: 0.08, 17: 0.05, 18: 0.04, 19: 0.04, 20: 0.12, 21: 0.24, 22: 0.41, 23: 0.53}}",False,15,0,0,5,4.0,13,,,6,6,99.34029978748833,-99.34029978748833,2,54.08806978609502,49.67014989374417,806.986150775097,0,0.5629018305152852,0.5629018305152852,0.5629018305152852,0.6,0.75,14.399999999999999,18.0,66.66666666666666,33.33333333333333,49.67014989374417,134.4976917958495,2,3.0,2,4,1,1,33.33333333333333,2.0,100.0,27.04403489304751,11.313057500348329,15.730977392699181,12.208484713264715,18.0194892321295,22.675157648169304,61.11370259442924,34.88364236143402,69.25223000139331,15.078319621374142,2,33.33333333333333,,
20250516_152834,aca,139,,,,,,,,,,,2,1,13.4,20.9,39,600,60,80,"(6.0, 6.0)",0.71,3.0,0.26666666666666666,False,139,0.01,"{'type': 'hourly', 'hourly_rates': {0: 1.59, 1: 4.38, 2: 2.38, 3: 1.15, 4: 0.84, 5: 0.76, 6: 1.0, 7: 2.25, 8: 2.86, 9: 1.94, 10: 1.23, 11: 0.85, 12: 0.55, 13: 0.37, 14: 0.21, 15: 0.13, 16: 0.08, 17: 0.05, 18: 0.04, 19: 0.04, 20: 0.12, 21: 0.24, 22: 0.41, 23: 0.53}}",False,15,0,0,5,4.0,13,,,12,10,121.35601461757551,-121.35601461757551,7,50.43551333147184,17.336573516796502,1385.484196307862,0,0.5256724656577704,0.5256724656577704,0.5256724656577704,1.0,1.25,24.0,30.0,30.0,70.0,17.336573516796502,138.5484196307862,2,5.0,5,5,1,2,20.0,2.0,100.0,10.399991395603081,12.290369147882085,-1.8903777522790044,12.999211772105577,22.217831691052993,15.879335193763893,45.60359178195901,28.878546965869468,59.43551333147184,23.853572512476724,3,30.0,,
20250516_152834,aca,140,,,,,,,,,,,2,1,13.4,20.9,39,600,60,80,"(6.0, 6.0)",0.71,3.0,0.26666666666666666,False,140,0.01,"{'type': 'hourly', 'hourly_rates': {0: 1.59, 1: 4.38, 2: 2.38, 3: 1.15, 4: 0.84, 5: 0.76, 6: 1.0, 7: 2.25, 8: 2.86, 9: 1.94, 10: 1.23, 11: 0.85, 12: 0.55, 13: 0.37, 14: 0.21, 15: 0.13, 16: 0.08, 17: 0.05, 18: 0.04, 19: 0.04, 20: 0.12, 21: 0.24, 22: 0.41, 23: 0.53}}",False,15,0,0,5,4.0,13,,,8,8,10.451204291551875,-10.451204291551875,2,7.2449096122730055,5.225602145775937,870.4440731149439,0,0.4601238711867283,0.4601238711867283,0.4601238711867283,0.8,1.0,19.200000000000003,24.0,75.0,25.0,5.225602145775937,108.80550913936798,2,4.0,4,4,1,0,0,0,0,0,0,0,13.256312792706098,22.275239618839464,7.412400241521216,16.08356039657184,20.668713034227313,29.20629467927887,10.80276413992425,1,12.5,,
20250516_152835,aca,141,,,,,,,,,,,2,1,13.4,20.9,39,600,60,80,"(6.0, 6.0)",0.71,3.0,0.26666666666666666,False,141,0.01,"{'type': 'hourly', 'hourly_rates': {0: 1.59, 1: 4.38, 2: 2.38, 3: 1.15, 4: 0.84, 5: 0.76, 6: 1.0, 7: 2.25, 8: 2.86, 9: 1.94, 10: 1.23, 11: 0.85, 12: 0.55, 13: 0.37, 14: 0.21, 15: 0.13, 16: 0.08, 17: 0.05, 18: 0.04, 19: 0.04, 20: 0.12, 21: 0.24, 22: 0.41, 23: 0.53}}",False,15,0,0,5,4.0,13,,,15,14,76.10530125979413,-76.10530125979413,6,25.76554790753471,12.684216876632355,1158.5876298140072,0,0.20546440634808197,0.20546440634808197,0.20546440634808197,1.4,1.75,33.599999999999994,42.0,57.14285714285714,42.857142857142854,12.684216876632355,82.75625927242909,2,7.0,6,8,1,1,7.142857142857142,2.0,100.0,8.497668596893078,4.5827692315463935,3.9148993653466846,13.442917343817586,20.99156765486623,9.43172350925194,32.95161270774872,22.87464085306953,48.13701891521788,13.57979962375472,5,35.714285714285715,,
20250516_152835,rl_aca,42,,,,,,,,,,,2,1,13.4,20.9,39,600,60,80,"(6.0, 6.0)",0.71,3.0,0.26666666666666666,False,42,0.01,"{'type': 'hourly', 'hourly_rates': {0: 1.59, 1: 4.38, 2: 2.38, 3: 1.15, 4: 0.84, 5: 0.76, 6: 1.0, 7: 2.25, 8: 2.86, 9: 1.94, 10: 1.23, 11: 0.85, 12: 0.55, 13: 0.37, 14: 0.21, 15: 0.13, 16: 0.08, 17: 0.05, 18: 0.04, 19: 0.04, 20: 0.12, 21: 0.24, 22: 0.41, 23: 0.53}}",False,15,3,10,3,2.0,13,,,11,9,32.351166317434405,-32.351166317434405,3,29.169870858475406,10.783722105811469,1145.4865851751765,0,0.4988173187987801,0.4988173187987801,0.4988173187987801,0.9,1.125,21.6,27.0,66.66666666666666,33.33333333333333,10.783722105811469,127.27628724168628,2,4.5,4,5,0,1,0.0,2.0,100.0,0,0,0,13.7412498054521,21.33402659090094,3.5807958158343403,17.735986870528507,17.322045621286442,28.6486587641443,29.418880848967856,6,66.66666666666666,,
20250516_152835,rl_aca,43,,,,,,,,,,,2,1,13.4,20.9,39,600,60,80,"(6.0, 6.0)",0.71,3.0,0.26666666666666666,False,43,0.01,"{'type': 'hourly', 'hourly_rates': {0: 1.59, 1: 4.38, 2: 2.38, 3: 1.15, 4: 0.84, 5: 0.76, 6: 1.0, 7: 2.25, 8: 2.86, 9: 1.94, 10: 1.23, 11: 0.85, 12: 0.55, 13: 0.37, 14: 0.21, 15: 0.13, 16: 0.08, 17: 0.05, 18: 0.04, 19: 0.04, 20: 0.12, 21: 0.24, 22: 0.41, 23: 0.53}}",False,15,3,10,3,2.0,13,,,8,8,10.152806915903547,-10.152806915903547,1,10.152806915903547,10.152806915903547,815.1172066994176,0,0.4110497130418194,0.4110497130418194,0.4110497130418194,0.8,1.0,19.200000000000003,24.0,87.5,12.5,10.152806915903547,101.8896508374272,2,4.0,4,4,1,0,0,0,0,0,0,0,14.582244712669356,24.154144049648437,3.673486570609028,25.930579552337516,18.255731283278383,35.15280691590355,27.190683413096906,6,75.0,,
20250516_152836,rl_aca,44,,,,,,,,,,,2,1,13.4,20.9,39,600,60,80,"(6.0, 6.0)",0.71,3.0,0.26666666666666666,False,44,0.01,"{'type': 'hourly', 'hourly_rates': {0: 1.59, 1: 4.38, 2: 2.38, 3: 1.15, 4: 0.84, 5: 0.76, 6: 1.0, 7: 2.25, 8: 2.86, 9: 1.94, 10: 1.23, 11: 0.85, 12: 0.55, 13: 0.37, 14: 0.21, 15: 0.13, 16: 0.08, 17: 0.05, 18: 0.04, 19: 0.04, 20: 0.12, 21: 0.24, 22: 0.41, 23: 0.53}}",False,15,3,10,3,2.0,13,,,13,8,228.8004360335064,-228.8004360335064,13,47,17.600033541038954,606.5824763726047,13,0.5618421174567527,0.5618421174567527,0.5618421174567527,0.8,1.0,19.200000000000003,24.0,-62.5,162.5,17.600033541038954,75.82280954657558,2,4.0,3,5,1,5,50.0,2.2,100.0,10.094092094268355,21.644494727095093,-11.550402632826739,12.619842044529982,19.726862540086387,23.374451366151742,46.16756849454339,35.99429341068172,58.11672119838994,1.5856928662888379,1,12.5,,
20250516_152836,rl_aca,45,,,,,,,,,,,2,1,13.4,20.9,39,600,60,80,"(6.0, 6.0)",0.71,3.0,0.26666666666666666,False,45,0.01,"{'type': 'hourly', 'hourly_rates': {0: 1.59, 1: 4.38, 2: 2.38, 3: 1.15, 4: 0.84, 5: 0.76, 6: 1.0, 7: 2.25, 8: 2.86, 9: 1.94, 10: 1.23, 11: 0.85, 12: 0.55, 13: 0.37, 14: 0.21, 15: 0.13, 16: 0.08, 17: 0.05, 18: 0.04, 19: 0.04, 20: 0.12, 21: 0.24, 22: 0.41, 23: 0.53}}",False,15,3,10,3,2.0,13,,,19,13,281.69579838441405,-281.69579838441405,15,52.99903329358631,18.77971989229427,1996.6328879653367,0,0.1051647726981472,0.1051647726981472,0.1051647726981472,1.3,1.625,31.200000000000003,39.0,-15.384615384615385,115.38461538461537,18.77971989229427,153.58714522810283,2,6.5,6,7,0,6,53.84615384615385,2.0,100.0,12.062031742419224,17.545251499534306,-5.483219757115082,12.888516858664557,19.501732950890016,17.66995696663706,71.92922420337902,30.55847382530162,82.99903329358625,8.853214932887909,1,7.6923076923076925,,
20250516_152837,rl_aca,46,,,,,,,,,,,2,1,13.4,20.9,39,600,60,80,"(6.0, 6.0)",0.71,3.0,0.26666666666666666,False,46,0.01,"{'type': 'hourly', 'hourly_rates': {0: 1.59, 1: 4.38, 2: 2.38, 3: 1.15, 4: 0.84, 5: 0.76, 6: 1.0, 7: 2.25, 8: 2.86, 9: 1.94, 10: 1.23, 11: 0.85, 12: 0.55, 13: 0.37, 14: 0.21, 15: 0.13, 16: 0.08, 17: 0.05, 18: 0.04, 19: 0.04, 20: 0.12, 21: 0.24, 22: 0.41, 23: 0.53}}",False,15,3,10,3,2.0,13,,,12,12,77.8132158708236,-77.8132158708236,4,43.64776174060589,19.4533039677059,1559.7353427403677,2,0.2661903412926922,0.2661903412926922,0.2661903412926922,1.2,1.5,28.799999999999997,36.0,66.66666666666666,33.33333333333333,19.4533039677059,129.97794522836398,2,6.0,4,8,1,0,0,0,0,0,0,0,14.005007742536714,21.61474449333633,10.209025612496843,49.40209490309417,24.214033355033553,70.64776174060589,20.184089234486606,6,50.0,,
20250516_152840,rl_aca,47,,,,,,,,,,,2,1,13.4,20.9,39,600,60,80,"(6.0, 6.0)",0.71,3.0,0.26666666666666666,False,47,0.01,"{'type': 'hourly', 'hourly_rates': {0: 1.59, 1: 4.38, 2: 2.38, 3: 1.15, 4: 0.84, 5: 0.76, 6: 1.0, 7: 2.25, 8: 2.86, 9: 1.94, 10: 1.23, 11: 0.85, 12: 0.55, 13: 0.37, 14: 0.21, 15: 0.13, 16: 0.08, 17: 0.05, 18: 0.04, 19: 0.04, 20: 0.12, 21: 0.24, 22: 0.41, 23: 0.53}}",False,15,3,10,3,2.0,13,,,10,2,406.5894006143313,-406.5894006143313,4,178.3412875821196,101.64735015358282,580.6128997945178,9,0.7678938819284559,0.7678938819284559,0.7678938819284559,0.2,0.25,4.800000000000001,6.0,-100.0,200.0,101.64735015358282,290.3064498972589,1,2.0,2,2,1,1,50.0,3.0,100.0,36.12674812205245,28.0,8.126748122052447,13.111342796056999,16.78182667588817,18.952031264969225,37.55914108377417,32.063374061026224,47,2.6550785538357218,1,50.0,,
20250516_152848,rl_aca,48,,,,,,,,,,,2,1,13.4,20.9,39,600,60,80,"(6.0, 6.0)",0.71,3.0,0.26666666666666666,False,48,0.01,"{'type': 'hourly', 'hourly_rates': {0: 1.59, 1: 4.38, 2: 2.38, 3: 1.15, 4: 0.84, 5: 0.76, 6: 1.0, 7: 2.25, 8: 2.86, 9: 1.94, 10: 1.23, 11: 0.85, 12: 0.55, 13: 0.37, 14: 0.21, 15: 0.13, 16: 0.08, 17: 0.05, 18: 0.04, 19: 0.04, 20: 0.12, 21: 0.24, 22: 0.41, 23: 0.53}}",False,15,3,10,3,2.0,13,,,13,0,0,0,0,0,0,0,13,1.0,1.0,1.0,0.0,0.0,0.0,0.0,0,0,0,0,0,0,0,0,,0,0,0,0,0,0,0,0,0.0,0,0.0,0,0.0,0.0,0,0,,
20250516_152848,rl_aca,49,,,,,,,,,,,2,1,13.4,20.9,39,600,60,80,"(6.0, 6.0)",0.71,3.0,0.26666666666666666,False,49,0.01,"{'type': 'hourly', 'hourly_rates': {0: 1.59, 1: 4.38, 2: 2.38, 3: 1.15, 4: 0.84, 5: 0.76, 6: 1.0, 7: 2.25, 8: 2.86, 9: 1.94, 10: 1.23, 11: 0.85, 12: 0.55, 13: 0.37, 14: 0.21, 15: 0.13, 16: 0.08, 17: 0.05, 18: 0.04, 19: 0.04, 20: 0.12, 21: 0.24, 22: 0.41, 23: 0.53}}",False,15,3,10,3,2.0,13,,,12,10,102.5152379139553,-102.5152379139553,9,27.92019819339461,11.390581990439479,1226.6132591944888,3,0.5512860327143745,0.5512860327143745,0.5512860327143745,1.0,1.25,24.0,30.0,10.0,90.0,11.390581990439479,122.66132591944888,2,5.0,4,6,0,2,20.0,2.0,100.0,11.031283120470476,8.924287159939727,2.1069959605307496,11.235704686011113,20.03507424706629,15.035060885339371,46.48118658657717,26.270765571350484,53.92019819339461,14.508708687226061,2,20.0,,
20250516_155552,aca,42,,,,,,,,,,,2,1,13.4,20.9,39,600,60,80,"(6.0, 6.0)",0.71,3.0,0.26666666666666666,False,42,0.01,"{'type': 'hourly', 'hourly_rates': {0: 1.59, 1: 4.38, 2: 2.38, 3: 1.15, 4: 0.84, 5: 0.76, 6: 1.0, 7: 2.25, 8: 2.86, 9: 1.94, 10: 1.23, 11: 0.85, 12: 0.55, 13: 0.37, 14: 0.21, 15: 0.13, 16: 0.08, 17: 0.05, 18: 0.04, 19: 0.04, 20: 0.12, 21: 0.24, 22: 0.41, 23: 0.53}}",False,15,0,0,5,4.0,13,,,11,11,39.642693041767785,-39.642693041767785,3,24.94018548847771,13.214231013922594,700.6507972446076,0,0.5125971922350657,0.5125971922350657,0.5125971922350657,1.1,1.375,26.400000000000002,33.0,72.72727272727273,27.27272727272727,13.214231013922594,63.69552702223705,2,5.5,5,6,1,0,0,0,0,0,0,0,12.86671866578355,21.33402659090094,8.406778328628365,39.56899433942601,21.273496994411918,49.94018548847771,30.70743463193318,7,63.63636363636363,,
20250516_155552,aca,43,,,,,,,,,,,2,1,13.4,20.9,39,600,60,80,"(6.0, 6.0)",0.71,3.0,0.26666666666666666,False,43,0.01,"{'type': 'hourly', 'hourly_rates': {0: 1.59, 1: 4.38, 2: 2.38, 3: 1.15, 4: 0.84, 5: 0.76, 6: 1.0, 7: 2.25, 8: 2.86, 9: 1.94, 10: 1.23, 11: 0.85, 12: 0.55, 13: 0.37, 14: 0.21, 15: 0.13, 16: 0.08, 17: 0.05, 18: 0.04, 19: 0.04, 20: 0.12, 21: 0.24, 22: 0.41, 23: 0.53}}",False,15,0,0,5,4.0,13,,,8,8,12.520618450436395,-12.520618450436395,2,10.152806915903547,6.260309225218197,687.7044236144242,0,0.4178327208858847,0.4178327208858847,0.4178327208858847,0.8,1.0,19.200000000000003,24.0,75.0,25.0,6.260309225218197,85.96305295180302,2,4.0,3,5,0,0,0,0,0,0,0,0,14.582244712669356,24.154144049648437,3.673486570609028,25.930579552337516,18.255731283278383,35.15280691590355,36.0770220098328,6,75.0,,
20250516_155552,aca,44,,,,,,,,,,,2,1,13.4,20.9,39,600,60,80,"(6.0, 6.0)",0.71,3.0,0.26666666666666666,False,44,0.01,"{'type': 'hourly', 'hourly_rates': {0: 1.59, 1: 4.38, 2: 2.38, 3: 1.15, 4: 0.84, 5: 0.76, 6: 1.0, 7: 2.25, 8: 2.86, 9: 1.94, 10: 1.23, 11: 0.85, 12: 0.55, 13: 0.37, 14: 0.21, 15: 0.13, 16: 0.08, 17: 0.05, 18: 0.04, 19: 0.04, 20: 0.12, 21: 0.24, 22: 0.41, 23: 0.53}}",False,15,0,0,5,4.0,13,,,13,10,293.87566183081327,-293.87566183081327,7,80.36085165802285,41.98223740440189,1073.44063882894,0,0.25332105916459996,0.25332105916459996,0.25332105916459996,1.0,1.25,24.0,30.0,30.0,70.0,41.98223740440189,107.344063882894,2,5.0,2,8,1,2,10.0,3.0,100.0,39.11672119838994,11.754456482209706,27.362264716180235,14.319931256557894,23.13672698726552,13.963229117539148,88.41430713371116,28.283160374097044,105.36085165802285,38.82699337798053,4,40.0,,
20250516_155553,aca,45,,,,,,,,,,,2,1,13.4,20.9,39,600,60,80,"(6.0, 6.0)",0.71,3.0,0.26666666666666666,False,45,0.01,"{'type': 'hourly', 'hourly_rates': {0: 1.59, 1: 4.38, 2: 2.38, 3: 1.15, 4: 0.84, 5: 0.76, 6: 1.0, 7: 2.25, 8: 2.86, 9: 1.94, 10: 1.23, 11: 0.85, 12: 0.55, 13: 0.37, 14: 0.21, 15: 0.13, 16: 0.08, 17: 0.05, 18: 0.04, 19: 0.04, 20: 0.12, 21: 0.24, 22: 0.41, 23: 0.53}}",False,15,0,0,5,4.0,13,,,19,13,281.69676509082774,-281.69676509082774,14,35.29458816355162,20.121197506487697,1887.5956515624173,0,0.14945315271560786,0.14945315271560786,0.14945315271560786,1.3,1.625,31.200000000000003,39.0,-7.6923076923076925,107.6923076923077,20.121197506487697,145.19966550480132,2,6.5,6,7,0,5,30.76923076923077,2.2,100.0,23.175474108835125,8.159753904088154,15.015720204746971,13.304724371807232,25.81215418832207,15.517825120538987,34.01936729389604,28.82254949234622,47.42015349479098,7.853214932887909,1,7.6923076923076925,,
20250516_155553,aca,46,,,,,,,,,,,2,1,13.4,20.9,39,600,60,80,"(6.0, 6.0)",0.71,3.0,0.26666666666666666,False,46,0.01,"{'type': 'hourly', 'hourly_rates': {0: 1.59, 1: 4.38, 2: 2.38, 3: 1.15, 4: 0.84, 5: 0.76, 6: 1.0, 7: 2.25, 8: 2.86, 9: 1.94, 10: 1.23, 11: 0.85, 12: 0.55, 13: 0.37, 14: 0.21, 15: 0.13, 16: 0.08, 17: 0.05, 18: 0.04, 19: 0.04, 20: 0.12, 21: 0.24, 22: 0.41, 23: 0.53}}",False,15,0,0,5,4.0,13,,,12,11,24.373218264282343,-24.373218264282343,4,20.647761740605887,6.093304566070586,1094.948636737366,0,0.30782295852970837,0.30782295852970837,0.30782295852970837,1.1,1.375,26.400000000000002,33.0,63.63636363636363,36.36363636363637,6.093304566070586,99.54078515794237,2,5.5,5,6,1,1,9.090909090909092,2.0,100.0,0.0,2.07429145770125,-2.07429145770125,14.322967391676395,21.61474449333633,6.216859569517497,30.402094903094167,20.539826961193896,51.64776174060589,35.30694131975625,5,45.45454545454545,,
20250516_155554,aca,47,,,,,,,,,,,2,1,13.4,20.9,39,600,60,80,"(6.0, 6.0)",0.71,3.0,0.26666666666666666,False,47,0.01,"{'type': 'hourly', 'hourly_rates': {0: 1.59, 1: 4.38, 2: 2.38, 3: 1.15, 4: 0.84, 5: 0.76, 6: 1.0, 7: 2.25, 8: 2.86, 9: 1.94, 10: 1.23, 11: 0.85, 12: 0.55, 13: 0.37, 14: 0.21, 15: 0.13, 16: 0.08, 17: 0.05, 18: 0.04, 19: 0.04, 20: 0.12, 21: 0.24, 22: 0.41, 23: 0.53}}",False,15,0,0,5,4.0,13,,,10,8,114.23092054101376,-114.23092054101376,7,32.86910029621299,16.318702934430537,867.091420255193,0,0.4029180560000885,0.4029180560000885,0.4029180560000885,0.8,1.0,19.200000000000003,24.0,12.5,87.5,16.318702934430537,108.38642753189913,2,4.0,4,4,1,2,12.5,2.5,100.0,31.371370806730226,5.374412742837042,25.996958063893185,13.44885909528555,19.664688961149693,13.129578681441801,41.37903943305281,26.578437776727352,59.86910029621299,22.535202327008342,4,50.0,,
20250516_155554,aca,48,,,,,,,,,,,2,1,13.4,20.9,39,600,60,80,"(6.0, 6.0)",0.71,3.0,0.26666666666666666,False,48,0.01,"{'type': 'hourly', 'hourly_rates': {0: 1.59, 1: 4.38, 2: 2.38, 3: 1.15, 4: 0.84, 5: 0.76, 6: 1.0, 7: 2.25, 8: 2.86, 9: 1.94, 10: 1.23, 11: 0.85, 12: 0.55, 13: 0.37, 14: 0.21, 15: 0.13, 16: 0.08, 17: 0.05, 18: 0.04, 19: 0.04, 20: 0.12, 21: 0.24, 22: 0.41, 23: 0.53}}",False,15,0,0,5,4.0,13,,,13,12,60.70724469556227,-60.70724469556227,6,19.095368828613005,10.117874115927044,1572.423753514789,0,0.18642300083022129,0.18642300083022129,0.18642300083022129,1.2,1.5,28.799999999999997,36.0,50.0,50.0,10.117874115927044,131.03531279289908,2,6.0,5,7,1,1,8.333333333333332,2.0,100.0,12.426109215231946,2.6532515137924833,9.772857701439463,14.44779020528375,26.355292018407994,5.059430869868975,21.428689795767667,19.507221075152724,37.71121380626907,22.27225746319789,4,33.33333333333333,,
20250516_155554,aca,49,,,,,,,,,,,2,1,13.4,20.9,39,600,60,80,"(6.0, 6.0)",0.71,3.0,0.26666666666666666,False,49,0.01,"{'type': 'hourly', 'hourly_rates': {0: 1.59, 1: 4.38, 2: 2.38, 3: 1.15, 4: 0.84, 5: 0.76, 6: 1.0, 7: 2.25, 8: 2.86, 9: 1.94, 10: 1.23, 11: 0.85, 12: 0.55, 13: 0.37, 14: 0.21, 15: 0.13, 16: 0.08, 17: 0.05, 18: 0.04, 19: 0.04, 20: 0.12, 21: 0.24, 22: 0.41, 23: 0.53}}",False,15,0,0,5,4.0,13,,,12,10,57.46024406647052,-57.46024406647052,5,27.55395343772534,11.492048813294105,1547.0052976254992,0,0.5484921062336238,0.5484921062336238,0.5484921062336238,1.0,1.25,24.0,30.0,50.0,50.0,11.492048813294105,154.70052976254993,2,5.0,4,6,1,2,20.0,2.0,100.0,9.531283120470476,4.033846718527592,5.497436401942885,11.235704686011113,20.03507424706629,8.33506088533937,27.589546236449905,19.570765571350485,39.55395343772534,17.731691465259928,2,20.0,,
20250516_155555,aca,50,,,,,,,,,,,2,1,13.4,20.9,39,600,60,80,"(6.0, 6.0)",0.71,3.0,0.26666666666666666,False,50,0.01,"{'type': 'hourly', 'hourly_rates': {0: 1.59, 1: 4.38, 2: 2.38, 3: 1.15, 4: 0.84, 5: 0.76, 6: 1.0, 7: 2.25, 8: 2.86, 9: 1.94, 10: 1.23, 11: 0.85, 12: 0.55, 13: 0.37, 14: 0.21, 15: 0.13, 16: 0.08, 17: 0.05, 18: 0.04, 19: 0.04, 20: 0.12, 21: 0.24, 22: 0.41, 23: 0.53}}",False,15,0,0,5,4.0,13,,,5,5,0.9984151655883693,-0.9984151655883693,1,0.9984151655883693,0.9984151655883693,533.379508980324,0,0.6782147618265476,0.6782147618265476,0.6782147618265476,0.5,0.625,12.0,15.0,80.0,20.0,0.9984151655883693,106.67590179606479,2,2.5,2,3,1,0,0,0,0,0,0,0,12.886658306960848,20.301619231550035,1.4827162679573145,3.078328266135543,14.369374574918163,20.99841516558837,11.5888485670854,3,60.0,,
20250516_155555,aca,51,,,,,,,,,,,2,1,13.4,20.9,39,600,60,80,"(6.0, 6.0)",0.71,3.0,0.26666666666666666,False,51,0.01,"{'type': 'hourly', 'hourly_rates': {0: 1.59, 1: 4.38, 2: 2.38, 3: 1.15, 4: 0.84, 5: 0.76, 6: 1.0, 7: 2.25, 8: 2.86, 9: 1.94, 10: 1.23, 11: 0.85, 12: 0.55, 13: 0.37, 14: 0.21, 15: 0.13, 16: 0.08, 17: 0.05, 18: 0.04, 19: 0.04, 20: 0.12, 21: 0.24, 22: 0.41, 23: 0.53}}",False,15,0,0,5,4.0,13,,,9,9,35.30017466904707,-35.30017466904707,3,18.32447266091839,11.766724889682356,1086.1994111666365,0,0.5082934073469108,0.5082934073469108,0.5082934073469108,0.9,1.125,21.6,27.0,66.66666666666666,33.33333333333333,11.766724889682356,120.68882346295962,2,4.5,4,5,0,0,0,0,0,0,0,0,12.76868486451527,22.93815343623038,7.763345292732295,28.38164482677621,20.532030157247565,38.41054924857656,22.527685273776513,4,44.44444444444444,,
20250516_155555,aca,52,,,,,,,,,,,2,1,13.4,20.9,39,600,60,80,"(6.0, 6.0)",0.71,3.0,0.26666666666666666,False,52,0.01,"{'type': 'hourly', 'hourly_rates': {0: 1.59, 1: 4.38, 2: 2.38, 3: 1.15, 4: 0.84, 5: 0.76, 6: 1.0, 7: 2.25, 8: 2.86, 9: 1.94, 10: 1.23, 11: 0.85, 12: 0.55, 13: 0.37, 14: 0.21, 15: 0.13, 16: 0.08, 17: 0.05, 18: 0.04, 19: 0.04, 20: 0.12, 21: 0.24, 22: 0.41, 23: 0.53}}",False,15,0,0,5,4.0,13,,,7,7,16.584093357783644,-16.584093357783644,3,13,5.528031119261215,1334.4290134914422,0,0.4950813316525161,0.4950813316525161,0.4950813316525161,0.7,0.875,16.799999999999997,21.0,57.14285714285714,42.857142857142854,5.528031119261215,190.63271621306316,2,3.5,3,4,1,1,28.57142857142857,2.0,100.0,6.649568848146302,0.6569911322982079,5.992577715848094,13.202065786747507,20.633399046563,4.871971250777675,17.309845693058193,18.074037037525184,25.299137696292597,22.848888504727455,4,57.14285714285714,,
20250516_155556,aca,53,,,,,,,,,,,2,1,13.4,20.9,39,600,60,80,"(6.0, 6.0)",0.71,3.0,0.26666666666666666,False,53,0.01,"{'type': 'hourly', 'hourly_rates': {0: 1.59, 1: 4.38, 2: 2.38, 3: 1.15, 4: 0.84, 5: 0.76, 6: 1.0, 7: 2.25, 8: 2.86, 9: 1.94, 10: 1.23, 11: 0.85, 12: 0.55, 13: 0.37, 14: 0.21, 15: 0.13, 16: 0.08, 17: 0.05, 18: 0.04, 19: 0.04, 20: 0.12, 21: 0.24, 22: 0.41, 23: 0.53}}",False,15,0,0,5,4.0,13,,,14,11,250.1495640153901,-250.1495640153901,9,63.24375273202422,27.794396001710012,1661.7176251385558,0,0.15036291970691185,0.15036291970691185,0.15036291970691185,1.1,1.375,26.400000000000002,33.0,18.181818181818183,81.81818181818183,27.794396001710012,151.06523864895962,2,5.5,3,8,0,4,36.36363636363637,2.25,100.0,25.39590263514426,1.5570832023614298,23.83881943278283,11.211015962993153,18.849314490912555,11.377584046250627,44.299876267702615,22.58860000924378,50.020735833380485,17.012946623594242,4,36.36363636363637,,
20250516_155556,aca,54,,,,,,,,,,,2,1,13.4,20.9,39,600,60,80,"(6.0, 6.0)",0.71,3.0,0.26666666666666666,False,54,0.01,"{'type': 'hourly', 'hourly_rates': {0: 1.59, 1: 4.38, 2: 2.38, 3: 1.15, 4: 0.84, 5: 0.76, 6: 1.0, 7: 2.25, 8: 2.86, 9: 1.94, 10: 1.23, 11: 0.85, 12: 0.55, 13: 0.37, 14: 0.21, 15: 0.13, 16: 0.08, 17: 0.05, 18: 0.04, 19: 0.04, 20: 0.12, 21: 0.24, 22: 0.41, 23: 0.53}}",False,15,0,0,5,4.0,13,,,9,7,113.2859995074347,-113.2859995074347,6,45.891584249823836,18.880999917905783,1372.7972193384433,0,0.5748370660328384,0.5748370660328384,0.5748370660328384,0.7,0.875,16.799999999999997,21.0,14.285714285714285,85.71428571428571,18.880999917905783,196.11388847692047,2,3.5,3,4,1,2,28.57142857142857,2.0,100.0,8.9790360359233,9.887268637152852,-0.9082326012295514,11.741663734013851,16.45476851228443,16.779026963205816,40.02399307321082,28.520690697219667,56.47876158549525,8.322250698928514,1,14.285714285714285,,
20250516_155556,aca,55,,,,,,,,,,,2,1,13.4,20.9,39,600,60,80,"(6.0, 6.0)",0.71,3.0,0.26666666666666666,False,55,0.01,"{'type': 'hourly', 'hourly_rates': {0: 1.59, 1: 4.38, 2: 2.38, 3: 1.15, 4: 0.84, 5: 0.76, 6: 1.0, 7: 2.25, 8: 2.86, 9: 1.94, 10: 1.23, 11: 0.85, 12: 0.55, 13: 0.37, 14: 0.21, 15: 0.13, 16: 0.08, 17: 0.05, 18: 0.04, 19: 0.04, 20: 0.12, 21: 0.24, 22: 0.41, 23: 0.53}}",False,15,0,0,5,4.0,13,,,11,11,187.81535845823234,-187.81535845823234,7,49.87418826053346,26.83076549403319,2087.145341356481,0,0.06978777633075103,0.06978777633075103,0.06978777633075103,1.1,1.375,26.400000000000002,33.0,36.36363636363637,63.63636363636363,26.83076549403319,189.7404855778619,2,5.5,5,6,1,1,18.181818181818183,2.0,100.0,0.0,20.868373162025815,-20.868373162025815,13.228654269974276,21.88595859026904,21.480844445232265,54.47828273489358,34.70949871520654,70.87418826053346,2.5211042269400536,1,9.090909090909092,,
20250516_155557,aca,56,,,,,,,,,,,2,1,13.4,20.9,39,600,60,80,"(6.0, 6.0)",0.71,3.0,0.26666666666666666,False,56,0.01,"{'type': 'hourly', 'hourly_rates': {0: 1.59, 1: 4.38, 2: 2.38, 3: 1.15, 4: 0.84, 5: 0.76, 6: 1.0, 7: 2.25, 8: 2.86, 9: 1.94, 10: 1.23, 11: 0.85, 12: 0.55, 13: 0.37, 14: 0.21, 15: 0.13, 16: 0.08, 17: 0.05, 18: 0.04, 19: 0.04, 20: 0.12, 21: 0.24, 22: 0.41, 23: 0.53}}",False,15,0,0,5,4.0,13,,,10,6,210.47738212136136,-210.47738212136136,7,90.13072417475408,30.068197445908766,825.9267941728765,0,0.4291657746716042,0.4291657746716042,0.4291657746716042,0.6,0.75,14.399999999999999,18.0,-16.666666666666664,116.66666666666667,30.068197445908766,137.65446569547942,2,3.0,2,4,0,4,50.0,2.25,100.0,29.04449747862098,0.0,29.04449747862098,15.534348630915703,17.904820851693955,8.663487979121829,26.640319038881017,24.19783661003753,43.7720915123968,15.136636921503907,2,33.33333333333333,,
20250516_155557,aca,57,,,,,,,,,,,2,1,13.4,20.9,39,600,60,80,"(6.0, 6.0)",0.71,3.0,0.26666666666666666,False,57,0.01,"{'type': 'hourly', 'hourly_rates': {0: 1.59, 1: 4.38, 2: 2.38, 3: 1.15, 4: 0.84, 5: 0.76, 6: 1.0, 7: 2.25, 8: 2.86, 9: 1.94, 10: 1.23, 11: 0.85, 12: 0.55, 13: 0.37, 14: 0.21, 15: 0.13, 16: 0.08, 17: 0.05, 18: 0.04, 19: 0.04, 20: 0.12, 21: 0.24, 22: 0.41, 23: 0.53}}",False,15,0,0,5,4.0,13,,,12,11,84.80173540567367,-84.80173540567367,4,55.74059191955524,21.200433851418417,1234.7837796960573,0,0.3885698160175649,0.3885698160175649,0.3885698160175649,1.1,1.375,26.400000000000002,33.0,63.63636363636363,36.36363636363637,21.200433851418417,112.25307088145975,2,5.5,5,6,1,1,9.090909090909092,2.0,100.0,9.60374330674722,7.138354322876938,2.465388983870281,12.379666160712713,18.227635137720426,10.475128185758452,64.85102060310032,22.854794346471166,76.74059191955524,41.600375130529955,6,54.54545454545454,,
20250516_155558,aca,58,,,,,,,,,,,2,1,13.4,20.9,39,600,60,80,"(6.0, 6.0)",0.71,3.0,0.26666666666666666,False,58,0.01,"{'type': 'hourly', 'hourly_rates': {0: 1.59, 1: 4.38, 2: 2.38, 3: 1.15, 4: 0.84, 5: 0.76, 6: 1.0, 7: 2.25, 8: 2.86, 9: 1.94, 10: 1.23, 11: 0.85, 12: 0.55, 13: 0.37, 14: 0.21, 15: 0.13, 16: 0.08, 17: 0.05, 18: 0.04, 19: 0.04, 20: 0.12, 21: 0.24, 22: 0.41, 23: 0.53}}",False,15,0,0,5,4.0,13,,,15,13,180.84537437294597,-180.84537437294597,6,54.409623076099024,30.14089572882433,1468.5884375643266,0,0.5559089306479402,0.5559089306479402,0.5559089306479402,1.3,1.625,31.200000000000003,39.0,53.84615384615385,46.15384615384615,30.14089572882433,112.96834135110204,2,6.5,6,7,0,3,30.76923076923077,2.0,100.0,20.91906793477449,3.142865334226662,17.776202600547826,10.14835990045416,14.602652880719859,11.409798994594901,35.85574572949935,21.558158895049058,49.409623076099024,7.629531651831705,3,23.076923076923077,,
20250516_155558,aca,59,,,,,,,,,,,2,1,13.4,20.9,39,600,60,80,"(6.0, 6.0)",0.71,3.0,0.26666666666666666,False,59,0.01,"{'type': 'hourly', 'hourly_rates': {0: 1.59, 1: 4.38, 2: 2.38, 3: 1.15, 4: 0.84, 5: 0.76, 6: 1.0, 7: 2.25, 8: 2.86, 9: 1.94, 10: 1.23, 11: 0.85, 12: 0.55, 13: 0.37, 14: 0.21, 15: 0.13, 16: 0.08, 17: 0.05, 18: 0.04, 19: 0.04, 20: 0.12, 21: 0.24, 22: 0.41, 23: 0.53}}",False,15,0,0,5,4.0,13,,,17,13,426.6316742158727,-426.6316742158727,10,74.8134168809784,42.66316742158727,1396.4718653631262,0,0.23432523452513296,0.23432523452513296,0.23432523452513296,1.3,1.625,31.200000000000003,39.0,23.076923076923077,76.92307692307693,42.66316742158727,107.42091272024048,2,6.5,5,8,1,5,30.76923076923077,2.2,100.0,33.56642400189436,10.503265119781892,23.063158882112468,12.402326484334349,18.2773929406236,18.651759893201604,63.590728005427536,31.054086377535953,76.9916655318886,17.189853634670854,4,30.76923076923077,,
20250516_155558,aca,60,,,,,,,,,,,2,1,13.4,20.9,39,600,60,80,"(6.0, 6.0)",0.71,3.0,0.26666666666666666,False,60,0.01,"{'type': 'hourly', 'hourly_rates': {0: 1.59, 1: 4.38, 2: 2.38, 3: 1.15, 4: 0.84, 5: 0.76, 6: 1.0, 7: 2.25, 8: 2.86, 9: 1.94, 10: 1.23, 11: 0.85, 12: 0.55, 13: 0.37, 14: 0.21, 15: 0.13, 16: 0.08, 17: 0.05, 18: 0.04, 19: 0.04, 20: 0.12, 21: 0.24, 22: 0.41, 23: 0.53}}",False,15,0,0,5,4.0,13,,,7,7,13.416446474629481,-13.416446474629481,1,13.416446474629481,13.416446474629481,643.5138299525388,0,0.4605292318759108,0.4605292318759108,0.4605292318759108,0.7,0.875,16.799999999999997,21.0,85.71428571428571,14.285714285714285,13.416446474629481,91.93054713607697,2,3.5,1,6,0,0,0,0,0,0,0,0,12.656601682931418,18.85002114693401,3.735225043978878,16.56642532769547,16.391826726910296,35.41644647462948,31.680516638995968,4,57.14285714285714,,
20250516_155559,aca,61,,,,,,,,,,,2,1,13.4,20.9,39,600,60,80,"(6.0, 6.0)",0.71,3.0,0.26666666666666666,False,61,0.01,"{'type': 'hourly', 'hourly_rates': {0: 1.59, 1: 4.38, 2: 2.38, 3: 1.15, 4: 0.84, 5: 0.76, 6: 1.0, 7: 2.25, 8: 2.86, 9: 1.94, 10: 1.23, 11: 0.85, 12: 0.55, 13: 0.37, 14: 0.21, 15: 0.13, 16: 0.08, 17: 0.05, 18: 0.04, 19: 0.04, 20: 0.12, 21: 0.24, 22: 0.41, 23: 0.53}}",False,15,0,0,5,4.0,13,,,12,12,27.479546118382473,-27.479546118382473,3,12.474371593206712,9.159848706127491,580.9571509348042,0,0.25385037915185954,0.25385037915185954,0.25385037915185954,1.2,1.5,28.799999999999997,36.0,75.0,25.0,9.159848706127491,48.41309591123368,2,6.0,5,7,1,1,16.666666666666664,2.0,100.0,7.5025872625878804,1.2474371593206712,6.255150103267209,11.599429616835602,18.014898570393513,7.293556549301115,32.16509664308958,18.89298616613672,37.47437159320671,36.30708539265783,4,33.33333333333333,,
20250516_155559,aca,62,,,,,,,,,,,2,1,13.4,20.9,39,600,60,80,"(6.0, 6.0)",0.71,3.0,0.26666666666666666,False,62,0.01,"{'type': 'hourly', 'hourly_rates': {0: 1.59, 1: 4.38, 2: 2.38, 3: 1.15, 4: 0.84, 5: 0.76, 6: 1.0, 7: 2.25, 8: 2.86, 9: 1.94, 10: 1.23, 11: 0.85, 12: 0.55, 13: 0.37, 14: 0.21, 15: 0.13, 16: 0.08, 17: 0.05, 18: 0.04, 19: 0.04, 20: 0.12, 21: 0.24, 22: 0.41, 23: 0.53}}",False,15,0,0,5,4.0,13,,,11,9,166.38749054348028,-166.38749054348028,9,49.02723442500576,18.487498949275587,1510.5273487270993,0,0.4535421533788605,0.4535421533788605,0.4535421533788605,0.9,1.125,21.6,27.0,0.0,100.0,18.487498949275587,167.8363720807888,2,4.5,4,5,1,3,44.44444444444444,2.0,100.0,16.34445628461579,6.42912600482652,9.915330279789272,11.904809338474788,21.41563357030668,14.758805228600892,37.23487616844497,26.66361456707568,47.44608400927322,16.47245990385741,2,22.22222222222222,,
20250516_155600,aca,63,,,,,,,,,,,2,1,13.4,20.9,39,600,60,80,"(6.0, 6.0)",0.71,3.0,0.26666666666666666,False,63,0.01,"{'type': 'hourly', 'hourly_rates': {0: 1.59, 1: 4.38, 2: 2.38, 3: 1.15, 4: 0.84, 5: 0.76, 6: 1.0, 7: 2.25, 8: 2.86, 9: 1.94, 10: 1.23, 11: 0.85, 12: 0.55, 13: 0.37, 14: 0.21, 15: 0.13, 16: 0.08, 17: 0.05, 18: 0.04, 19: 0.04, 20: 0.12, 21: 0.24, 22: 0.41, 23: 0.53}}",False,15,0,0,5,4.0,13,,,12,10,151.61383114179225,-151.61383114179225,6,50.92206777906402,25.268971856965376,1375.4992523293254,0,0.2237658336117207,0.2237658336117207,0.2237658336117207,1.0,1.25,24.0,30.0,40.0,60.0,25.268971856965376,137.54992523293254,2,5.0,2,8,0,4,40.0,2.25,100.0,23.93782165929096,0.0,23.93782165929096,14.182044309113843,18.535051709784028,10.362589762931448,41.20527874274504,24.54463407204529,59.1817336951633,15.235542467647804,4,40.0,,
20250516_155600,aca,64,,,,,,,,,,,2,1,13.4,20.9,39,600,60,80,"(6.0, 6.0)",0.71,3.0,0.26666666666666666,False,64,0.01,"{'type': 'hourly', 'hourly_rates': {0: 1.59, 1: 4.38, 2: 2.38, 3: 1.15, 4: 0.84, 5: 0.76, 6: 1.0, 7: 2.25, 8: 2.86, 9: 1.94, 10: 1.23, 11: 0.85, 12: 0.55, 13: 0.37, 14: 0.21, 15: 0.13, 16: 0.08, 17: 0.05, 18: 0.04, 19: 0.04, 20: 0.12, 21: 0.24, 22: 0.41, 23: 0.53}}",False,15,0,0,5,4.0,13,,,16,8,1204.131966300073,-1204.1319663000731,14,184.33037744154905,86.00942616429093,2557.8914730695706,0,0.036492232385138205,0.036492232385138205,0.036492232385138205,0.8,1.0,19.200000000000003,24.0,-75.0,175.0,86.00942616429093,319.7364341336963,2,4.0,2,6,0,8,62.5,2.625,100.0,75.42125265648136,3.047550771323818,72.37370188515754,10.027500801538592,18.468071783869842,38.12024581075855,115.23484995820621,48.14774661229714,122.89695182979574,9.468071783869842,1,12.5,,
20250516_155601,aca,65,,,,,,,,,,,2,1,13.4,20.9,39,600,60,80,"(6.0, 6.0)",0.71,3.0,0.26666666666666666,False,65,0.01,"{'type': 'hourly', 'hourly_rates': {0: 1.59, 1: 4.38, 2: 2.38, 3: 1.15, 4: 0.84, 5: 0.76, 6: 1.0, 7: 2.25, 8: 2.86, 9: 1.94, 10: 1.23, 11: 0.85, 12: 0.55, 13: 0.37, 14: 0.21, 15: 0.13, 16: 0.08, 17: 0.05, 18: 0.04, 19: 0.04, 20: 0.12, 21: 0.24, 22: 0.41, 23: 0.53}}",False,15,0,0,5,4.0,13,,,17,15,66.16689887227264,-66.16689887227264,6,21.969680515423505,11.027816478712106,1192.8760144057774,0,0.33955363631752594,0.33955363631752594,0.33955363631752594,1.5,1.875,36.0,45.0,60.0,40.0,11.027816478712106,79.52506762705183,2,7.5,6,9,0,2,13.333333333333334,2.0,100.0,10.984840257711753,2.4937828055623843,8.491057452149368,12.179395430526398,24.14162089048675,8.58281628886822,31.27752535240876,20.762211719394617,35.969680515423505,22.870231728649145,4,26.666666666666668,,
20250516_155601,aca,66,,,,,,,,,,,2,1,13.4,20.9,39,600,60,80,"(6.0, 6.0)",0.71,3.0,0.26666666666666666,False,66,0.01,"{'type': 'hourly', 'hourly_rates': {0: 1.59, 1: 4.38, 2: 2.38, 3: 1.15, 4: 0.84, 5: 0.76, 6: 1.0, 7: 2.25, 8: 2.86, 9: 1.94, 10: 1.23, 11: 0.85, 12: 0.55, 13: 0.37, 14: 0.21, 15: 0.13, 16: 0.08, 17: 0.05, 18: 0.04, 19: 0.04, 20: 0.12, 21: 0.24, 22: 0.41, 23: 0.53}}",False,15,0,0,5,4.0,13,,,16,14,128.08436259928544,-128.08436259928544,8,35.523310943937986,16.01054532491068,1173.0729338912108,0,0.3887537347605795,0.3887537347605795,0.3887537347605795,1.4,1.75,33.599999999999994,42.0,42.857142857142854,57.14285714285714,16.01054532491068,83.7909238493722,2,7.0,6,8,1,2,14.285714285714285,2.0,100.0,19.18297612593591,4.902578842767483,14.280397283168426,13.54275212697107,21.51278231748637,12.761987295829462,50.35858467218566,26.304739422800534,58.523310943937986,33.52212151614081,4,28.57142857142857,,
20250516_155602,aca,67,,,,,,,,,,,2,1,13.4,20.9,39,600,60,80,"(6.0, 6.0)",0.71,3.0,0.26666666666666666,False,67,0.01,"{'type': 'hourly', 'hourly_rates': {0: 1.59, 1: 4.38, 2: 2.38, 3: 1.15, 4: 0.84, 5: 0.76, 6: 1.0, 7: 2.25, 8: 2.86, 9: 1.94, 10: 1.23, 11: 0.85, 12: 0.55, 13: 0.37, 14: 0.21, 15: 0.13, 16: 0.08, 17: 0.05, 18: 0.04, 19: 0.04, 20: 0.12, 21: 0.24, 22: 0.41, 23: 0.53}}",False,15,0,0,5,4.0,13,,,10,9,63.26947459794464,-63.26947459794464,4,27.24773227978318,15.81736864948616,1063.0231660606198,0,0.2146431959442093,0.2146431959442093,0.2146431959442093,0.9,1.125,21.6,27.0,55.55555555555556,44.44444444444444,15.81736864948616,118.11368511784664,2,4.5,2,7,0,1,11.11111111111111,2.0,100.0,27.24773227978318,2.6121046750415076,24.63562760474167,10.421994748997706,18.62925187589079,10.315764214814173,26.394882072857683,20.73775896381188,38.16633403787897,11.166570383762153,2,22.22222222222222,,
20250516_155602,aca,68,,,,,,,,,,,2,1,13.4,20.9,39,600,60,80,"(6.0, 6.0)",0.71,3.0,0.26666666666666666,False,68,0.01,"{'type': 'hourly', 'hourly_rates': {0: 1.59, 1: 4.38, 2: 2.38, 3: 1.15, 4: 0.84, 5: 0.76, 6: 1.0, 7: 2.25, 8: 2.86, 9: 1.94, 10: 1.23, 11: 0.85, 12: 0.55, 13: 0.37, 14: 0.21, 15: 0.13, 16: 0.08, 17: 0.05, 18: 0.04, 19: 0.04, 20: 0.12, 21: 0.24, 22: 0.41, 23: 0.53}}",False,15,0,0,5,4.0,13,,,12,10,192.43621692500824,-192.43621692500824,7,79.01017593465627,27.490888132144033,1665.2755421595095,0,0.1753666999883562,0.1753666999883562,0.1753666999883562,1.0,1.25,24.0,30.0,30.0,70.0,27.490888132144033,166.52755421595094,2,5.0,4,6,1,4,50.0,2.0,100.0,31.62586228969486,0.0,31.62586228969486,13.733650751984976,23.555211437256304,16.669046384550203,91.74054788284607,30.402697136535174,106.01017593465627,10.345401161053722,3,30.0,,
20250516_155603,aca,69,,,,,,,,,,,2,1,13.4,20.9,39,600,60,80,"(6.0, 6.0)",0.71,3.0,0.26666666666666666,False,69,0.01,"{'type': 'hourly', 'hourly_rates': {0: 1.59, 1: 4.38, 2: 2.38, 3: 1.15, 4: 0.84, 5: 0.76, 6: 1.0, 7: 2.25, 8: 2.86, 9: 1.94, 10: 1.23, 11: 0.85, 12: 0.55, 13: 0.37, 14: 0.21, 15: 0.13, 16: 0.08, 17: 0.05, 18: 0.04, 19: 0.04, 20: 0.12, 21: 0.24, 22: 0.41, 23: 0.53}}",False,15,0,0,5,4.0,13,,,13,11,207.61548517726376,-207.61548517726376,7,79.86152271118965,29.659355025323396,1581.4992680391483,0,0.3173937942076235,0.3173937942076235,0.3173937942076235,1.1,1.375,26.400000000000002,33.0,36.36363636363637,63.63636363636363,29.659355025323396,143.77266073083166,2,5.5,5,6,0,2,9.090909090909092,2.5,100.0,40.258070887854586,11.642909218728724,28.61516166912586,12.804363780187048,21.412870900379062,15.860258860033507,94.61748473136572,28.664622640220557,100.86152271118965,18.22222036639639,4,36.36363636363637,,
20250516_155603,aca,70,,,,,,,,,,,2,1,13.4,20.9,39,600,60,80,"(6.0, 6.0)",0.71,3.0,0.26666666666666666,False,70,0.01,"{'type': 'hourly', 'hourly_rates': {0: 1.59, 1: 4.38, 2: 2.38, 3: 1.15, 4: 0.84, 5: 0.76, 6: 1.0, 7: 2.25, 8: 2.86, 9: 1.94, 10: 1.23, 11: 0.85, 12: 0.55, 13: 0.37, 14: 0.21, 15: 0.13, 16: 0.08, 17: 0.05, 18: 0.04, 19: 0.04, 20: 0.12, 21: 0.24, 22: 0.41, 23: 0.53}}",False,15,0,0,5,4.0,13,,,16,10,558.8291698071688,-558.8291698071688,14,87.28974655765379,39.91636927194063,1829.6677361163,0,0.062240672307707676,0.062240672307707676,0.062240672307707676,1.0,1.25,24.0,30.0,-40.0,140.0,39.91636927194063,182.96677361163,2,5.0,5,5,1,6,60.0,2.0,100.0,41.83636660061766,18.25513018936544,23.58123641125222,13.110825135412885,18.32225240464109,29.659412541730166,78.62370938990108,42.770237677143044,90.07980429615725,14.083243349479641,1,10.0,,
20250516_155604,aca,71,,,,,,,,,,,2,1,13.4,20.9,39,600,60,80,"(6.0, 6.0)",0.71,3.0,0.26666666666666666,False,71,0.01,"{'type': 'hourly', 'hourly_rates': {0: 1.59, 1: 4.38, 2: 2.38, 3: 1.15, 4: 0.84, 5: 0.76, 6: 1.0, 7: 2.25, 8: 2.86, 9: 1.94, 10: 1.23, 11: 0.85, 12: 0.55, 13: 0.37, 14: 0.21, 15: 0.13, 16: 0.08, 17: 0.05, 18: 0.04, 19: 0.04, 20: 0.12, 21: 0.24, 22: 0.41, 23: 0.53}}",False,15,0,0,5,4.0,13,,,16,13,377.9387316018875,-377.9387316018875,13,95.0123203236912,29.072210123222117,3081.6499138099766,0,0.18927832449502366,0.18927832449502366,0.18927832449502366,1.3,1.625,31.200000000000003,39.0,0.0,100.0,29.072210123222117,237.0499933699982,2,6.5,6,7,1,5,38.46153846153847,2.2,100.0,36.74035611891312,7.708344690166809,29.03201142874631,12.86901823957285,18.318694775793574,18.90012438286022,87.86227777107203,31.76914262243307,102.0123203236912,9.179568667072658,3,23.076923076923077,,
20250516_155604,aca,72,,,,,,,,,,,2,1,13.4,20.9,39,600,60,80,"(6.0, 6.0)",0.71,3.0,0.26666666666666666,False,72,0.01,"{'type': 'hourly', 'hourly_rates': {0: 1.59, 1: 4.38, 2: 2.38, 3: 1.15, 4: 0.84, 5: 0.76, 6: 1.0, 7: 2.25, 8: 2.86, 9: 1.94, 10: 1.23, 11: 0.85, 12: 0.55, 13: 0.37, 14: 0.21, 15: 0.13, 16: 0.08, 17: 0.05, 18: 0.04, 19: 0.04, 20: 0.12, 21: 0.24, 22: 0.41, 23: 0.53}}",False,15,0,0,5,4.0,13,,,11,11,26.501308898720993,-26.501308898720993,2,22.359978285638533,13.250654449360496,1098.9089412885298,0,0.2543013234597335,0.2543013234597335,0.2543013234597335,1.1,1.375,26.400000000000002,33.0,81.81818181818183,18.181818181818183,13.250654449360496,99.9008128444118,2,5.5,4,7,0,0,0,0,0,0,0,0,13.2064113190443,20.962578643474387,5.574950678111637,21.730225783682954,18.78136199715594,40.35997828563853,17.902627727532902,4,36.36363636363637,,
20250516_155604,aca,73,,,,,,,,,,,2,1,13.4,20.9,39,600,60,80,"(6.0, 6.0)",0.71,3.0,0.26666666666666666,False,73,0.01,"{'type': 'hourly', 'hourly_rates': {0: 1.59, 1: 4.38, 2: 2.38, 3: 1.15, 4: 0.84, 5: 0.76, 6: 1.0, 7: 2.25, 8: 2.86, 9: 1.94, 10: 1.23, 11: 0.85, 12: 0.55, 13: 0.37, 14: 0.21, 15: 0.13, 16: 0.08, 17: 0.05, 18: 0.04, 19: 0.04, 20: 0.12, 21: 0.24, 22: 0.41, 23: 0.53}}",False,15,0,0,5,4.0,13,,,15,12,208.0025619494826,-208.0025619494826,9,53.81801040160249,23.111395772164734,1287.0246369019515,0,0.1933992598487189,0.1933992598487189,0.1933992598487189,1.2,1.5,28.799999999999997,36.0,25.0,75.0,23.111395772164734,107.25205307516262,2,6.0,6,6,0,4,33.33333333333333,2.25,100.0,16.258859419729344,6.7557986283133715,9.503060791415972,14.62637299879605,24.987670002712193,10.247164474042332,36.87762356340913,24.873537472838382,48.83516342541678,43.00178308976368,4,33.33333333333333,,
20250516_155605,aca,74,,,,,,,,,,,2,1,13.4,20.9,39,600,60,80,"(6.0, 6.0)",0.71,3.0,0.26666666666666666,False,74,0.01,"{'type': 'hourly', 'hourly_rates': {0: 1.59, 1: 4.38, 2: 2.38, 3: 1.15, 4: 0.84, 5: 0.76, 6: 1.0, 7: 2.25, 8: 2.86, 9: 1.94, 10: 1.23, 11: 0.85, 12: 0.55, 13: 0.37, 14: 0.21, 15: 0.13, 16: 0.08, 17: 0.05, 18: 0.04, 19: 0.04, 20: 0.12, 21: 0.24, 22: 0.41, 23: 0.53}}",False,15,0,0,5,4.0,13,,,15,10,330.1837541099337,-330.18375410993366,12,85.55919081468372,27.515312842494478,1292.4176071185007,0,0.3024329854810634,0.3024329854810634,0.3024329854810634,1.0,1.25,24.0,30.0,-20.0,120.0,27.515312842494478,129.24176071185008,2,5.0,4,6,1,6,40.0,2.3333333333333335,100.0,27.011009096739805,3.1121703148763373,23.898838781863468,14.97259080133326,22.871027864788857,11.431664350967452,42.98064298131018,26.40425515230071,51.45522561515091,34.70354635193312,4,40.0,,
20250516_155605,aca,75,,,,,,,,,,,2,1,13.4,20.9,39,600,60,80,"(6.0, 6.0)",0.71,3.0,0.26666666666666666,False,75,0.01,"{'type': 'hourly', 'hourly_rates': {0: 1.59, 1: 4.38, 2: 2.38, 3: 1.15, 4: 0.84, 5: 0.76, 6: 1.0, 7: 2.25, 8: 2.86, 9: 1.94, 10: 1.23, 11: 0.85, 12: 0.55, 13: 0.37, 14: 0.21, 15: 0.13, 16: 0.08, 17: 0.05, 18: 0.04, 19: 0.04, 20: 0.12, 21: 0.24, 22: 0.41, 23: 0.53}}",False,15,0,0,5,4.0,13,,,12,10,171.92475654125496,-171.92475654125496,6,49.584917392891214,28.65412609020916,1412.8699039663766,0,0.6187026245710269,0.6187026245710269,0.6187026245710269,1.0,1.25,24.0,30.0,40.0,60.0,28.65412609020916,141.28699039663766,2,5.0,5,5,1,2,20.0,2.0,100.0,35.580033944543544,7.420216588895514,28.15981735564803,13.758773690765352,18.87484274895189,12.172776824062085,40.188334937834156,25.93155051482744,56.71211044067206,13.251712728154681,4,40.0,,
20250516_155605,aca,76,,,,,,,,,,,2,1,13.4,20.9,39,600,60,80,"(6.0, 6.0)",0.71,3.0,0.26666666666666666,False,76,0.01,"{'type': 'hourly', 'hourly_rates': {0: 1.59, 1: 4.38, 2: 2.38, 3: 1.15, 4: 0.84, 5: 0.76, 6: 1.0, 7: 2.25, 8: 2.86, 9: 1.94, 10: 1.23, 11: 0.85, 12: 0.55, 13: 0.37, 14: 0.21, 15: 0.13, 16: 0.08, 17: 0.05, 18: 0.04, 19: 0.04, 20: 0.12, 21: 0.24, 22: 0.41, 23: 0.53}}",False,15,0,0,5,4.0,13,,,6,6,28.36890585807359,-28.36890585807359,3,11.166482327598715,9.456301952691197,680.2128693182892,0,0.5618171533490248,0.5618171533490248,0.5618171533490248,0.6,0.75,14.399999999999999,18.0,50.0,50.0,9.456301952691197,113.3688115530482,2,3.0,2,4,1,0,0,0,0,0,0,0,13.241652385065764,17.571003546104652,9.579301407023125,20.0275165575718,22.82095379208889,32.14197325323951,9.724286668071063,2,33.33333333333333,,
20250516_155606,aca,77,,,,,,,,,,,2,1,13.4,20.9,39,600,60,80,"(6.0, 6.0)",0.71,3.0,0.26666666666666666,False,77,0.01,"{'type': 'hourly', 'hourly_rates': {0: 1.59, 1: 4.38, 2: 2.38, 3: 1.15, 4: 0.84, 5: 0.76, 6: 1.0, 7: 2.25, 8: 2.86, 9: 1.94, 10: 1.23, 11: 0.85, 12: 0.55, 13: 0.37, 14: 0.21, 15: 0.13, 16: 0.08, 17: 0.05, 18: 0.04, 19: 0.04, 20: 0.12, 21: 0.24, 22: 0.41, 23: 0.53}}",False,15,0,0,5,4.0,13,,,20,14,255.29577820505634,-255.29577820505634,12,44.88513002630191,21.274648183754696,2535.953822571001,0,0.11891689070444073,0.11891689070444073,0.11891689070444073,1.4,1.75,33.599999999999994,42.0,14.285714285714285,85.71428571428571,21.274648183754696,181.1395587550715,2,7.0,5,9,0,4,14.285714285714285,2.25,100.0,29.87335363003436,7.842122264430851,22.031231365603507,12.147445196999671,18.83302955267561,15.534473901701775,44.83440225912682,27.681919098701446,56.88513002630191,12.976765285499608,3,21.428571428571427,,
20250516_155606,aca,78,,,,,,,,,,,2,1,13.4,20.9,39,600,60,80,"(6.0, 6.0)",0.71,3.0,0.26666666666666666,False,78,0.01,"{'type': 'hourly', 'hourly_rates': {0: 1.59, 1: 4.38, 2: 2.38, 3: 1.15, 4: 0.84, 5: 0.76, 6: 1.0, 7: 2.25, 8: 2.86, 9: 1.94, 10: 1.23, 11: 0.85, 12: 0.55, 13: 0.37, 14: 0.21, 15: 0.13, 16: 0.08, 17: 0.05, 18: 0.04, 19: 0.04, 20: 0.12, 21: 0.24, 22: 0.41, 23: 0.53}}",False,15,0,0,5,4.0,13,,,7,6,149.37389576584084,-149.37389576584084,5,97.2727910408189,29.87477915316817,1500.1148154756231,0,0.3568535106481818,0.3568535106481818,0.3568535106481818,0.6,0.75,14.399999999999999,18.0,16.666666666666664,83.33333333333334,29.87477915316817,250.01913591260384,2,3.0,2,4,0,1,16.666666666666664,2.0,100.0,10.040432772307895,8.412134390542809,1.6282983817650862,13.506997709194069,16.9619316504797,10.663362287586018,26.909889963802286,24.17035999678009,43.066006200701054,2.377898511775811,1,16.666666666666664,,
20250516_155607,aca,79,,,,,,,,,,,2,1,13.4,20.9,39,600,60,80,"(6.0, 6.0)",0.71,3.0,0.26666666666666666,False,79,0.01,"{'type': 'hourly', 'hourly_rates': {0: 1.59, 1: 4.38, 2: 2.38, 3: 1.15, 4: 0.84, 5: 0.76, 6: 1.0, 7: 2.25, 8: 2.86, 9: 1.94, 10: 1.23, 11: 0.85, 12: 0.55, 13: 0.37, 14: 0.21, 15: 0.13, 16: 0.08, 17: 0.05, 18: 0.04, 19: 0.04, 20: 0.12, 21: 0.24, 22: 0.41, 23: 0.53}}",False,15,0,0,5,4.0,13,,,17,15,184.4268631386002,-184.4268631386002,9,55.87157069504981,20.49187368206669,1630.1413384419036,0,0.20054423109219396,0.20054423109219396,0.20054423109219396,1.5,1.875,36.0,45.0,40.0,60.0,20.49187368206669,108.67608922946025,2,7.5,7,8,1,2,13.333333333333334,2.0,100.0,15.710927388254163,8.75506747821398,6.955859910040182,13.103107718291167,20.595990981159446,13.697246603833095,62.67795689432319,26.80035432212426,75.87157069504981,22.906746209439802,4,26.666666666666668,,
20250516_155607,aca,80,,,,,,,,,,,2,1,13.4,20.9,39,600,60,80,"(6.0, 6.0)",0.71,3.0,0.26666666666666666,False,80,0.01,"{'type': 'hourly', 'hourly_rates': {0: 1.59, 1: 4.38, 2: 2.38, 3: 1.15, 4: 0.84, 5: 0.76, 6: 1.0, 7: 2.25, 8: 2.86, 9: 1.94, 10: 1.23, 11: 0.85, 12: 0.55, 13: 0.37, 14: 0.21, 15: 0.13, 16: 0.08, 17: 0.05, 18: 0.04, 19: 0.04, 20: 0.12, 21: 0.24, 22: 0.41, 23: 0.53}}",False,15,0,0,5,4.0,13,,,16,12,232.84501931789742,-232.84501931789742,10,90.42824574409786,23.28450193178974,1304.453865470374,0,0.30468306236077475,0.30468306236077475,0.30468306236077475,1.2,1.5,28.799999999999997,36.0,16.666666666666664,83.33333333333334,23.28450193178974,108.70448878919784,2,6.0,4,8,0,5,41.66666666666667,2.2,100.0,15.121417911922691,14.728088790404042,0.39332912151864896,15.084459986074092,28.84741953073518,16.624287995746865,106.0401576236039,31.708747981820952,112.42824574409786,39.891605378552555,5,41.66666666666667,,
20250516_155607,aca,81,,,,,,,,,,,2,1,13.4,20.9,39,600,60,80,"(6.0, 6.0)",0.71,3.0,0.26666666666666666,False,81,0.01,"{'type': 'hourly', 'hourly_rates': {0: 1.59, 1: 4.38, 2: 2.38, 3: 1.15, 4: 0.84, 5: 0.76, 6: 1.0, 7: 2.25, 8: 2.86, 9: 1.94, 10: 1.23, 11: 0.85, 12: 0.55, 13: 0.37, 14: 0.21, 15: 0.13, 16: 0.08, 17: 0.05, 18: 0.04, 19: 0.04, 20: 0.12, 21: 0.24, 22: 0.41, 23: 0.53}}",False,15,0,0,5,4.0,13,,,8,8,14.587783190215816,-14.587783190215816,3,7.602219417748529,4.862594396738605,836.8508749020335,0,0.5306982199091507,0.5306982199091507,0.5306982199091507,0.8,1.0,19.200000000000003,24.0,62.5,37.5,4.862594396738605,104.60635936275419,2,4.0,3,5,1,0,0,0,0,0,0,0,13.184690569275062,22.674632683380082,5.4618184199565745,20.451642983586737,18.646508989231638,33.60221941774853,27.978035562677324,3,37.5,,
20250516_155608,aca,82,,,,,,,,,,,2,1,13.4,20.9,39,600,60,80,"(6.0, 6.0)",0.71,3.0,0.26666666666666666,False,82,0.01,"{'type': 'hourly', 'hourly_rates': {0: 1.59, 1: 4.38, 2: 2.38, 3: 1.15, 4: 0.84, 5: 0.76, 6: 1.0, 7: 2.25, 8: 2.86, 9: 1.94, 10: 1.23, 11: 0.85, 12: 0.55, 13: 0.37, 14: 0.21, 15: 0.13, 16: 0.08, 17: 0.05, 18: 0.04, 19: 0.04, 20: 0.12, 21: 0.24, 22: 0.41, 23: 0.53}}",False,15,0,0,5,4.0,13,,,12,12,81.12795815822142,-81.12795815822142,4,40.34129517707214,20.281989539555354,1119.158819103474,0,0.5605614824748957,0.5605614824748957,0.5605614824748957,1.2,1.5,28.799999999999997,36.0,66.66666666666666,33.33333333333333,20.281989539555354,93.2632349252895,2,6.0,4,8,0,1,16.666666666666664,2.0,100.0,5.375264111057788,7.037742993610584,-1.6624788825527954,13.22977340449698,18.207457470191514,12.221338779811655,51.386644877923175,25.45111218430863,69.34129517707214,23.863866394733357,5,41.66666666666667,,
20250516_155608,aca,83,,,,,,,,,,,2,1,13.4,20.9,39,600,60,80,"(6.0, 6.0)",0.71,3.0,0.26666666666666666,False,83,0.01,"{'type': 'hourly', 'hourly_rates': {0: 1.59, 1: 4.38, 2: 2.38, 3: 1.15, 4: 0.84, 5: 0.76, 6: 1.0, 7: 2.25, 8: 2.86, 9: 1.94, 10: 1.23, 11: 0.85, 12: 0.55, 13: 0.37, 14: 0.21, 15: 0.13, 16: 0.08, 17: 0.05, 18: 0.04, 19: 0.04, 20: 0.12, 21: 0.24, 22: 0.41, 23: 0.53}}",False,15,0,0,5,4.0,13,,,14,9,414.6410454339933,-414.6410454339933,9,60.170163344062075,46.0712272704437,1259.7351033732887,0,0.32988701870787945,0.32988701870787945,0.32988701870787945,0.9,1.125,21.6,27.0,0.0,100.0,46.0712272704437,139.97056704147653,2,4.5,4,5,0,8,55.55555555555556,2.625,100.0,37.87220695550957,0.0,37.87220695550957,13.038288670463961,20.411036619882765,17.383114263775557,49.462138745343594,30.42140293423952,64.58294705995343,18.90030585836408,4,44.44444444444444,,
20250516_155609,aca,84,,,,,,,,,,,2,1,13.4,20.9,39,600,60,80,"(6.0, 6.0)",0.71,3.0,0.26666666666666666,False,84,0.01,"{'type': 'hourly', 'hourly_rates': {0: 1.59, 1: 4.38, 2: 2.38, 3: 1.15, 4: 0.84, 5: 0.76, 6: 1.0, 7: 2.25, 8: 2.86, 9: 1.94, 10: 1.23, 11: 0.85, 12: 0.55, 13: 0.37, 14: 0.21, 15: 0.13, 16: 0.08, 17: 0.05, 18: 0.04, 19: 0.04, 20: 0.12, 21: 0.24, 22: 0.41, 23: 0.53}}",False,15,0,0,5,4.0,13,,,12,10,271.3616568852537,-271.36165688525375,11,83.58467326678628,24.669241535023062,2860.7893166514823,0,0.14104358450515578,0.14104358450515578,0.14104358450515578,1.0,1.25,24.0,30.0,-10.0,110.00000000000001,24.669241535023062,286.0789316651482,2,5.0,4,6,0,2,20.0,2.0,100.0,47.04751628257988,10.692733243978445,36.35478303860143,12.150161845785266,24.784322038411844,16.031628161632494,46.698685995279206,28.18179000741776,55.02080383343193,11.80091918181516,3,30.0,,
20250516_155609,aca,85,,,,,,,,,,,2,1,13.4,20.9,39,600,60,80,"(6.0, 6.0)",0.71,3.0,0.26666666666666666,False,85,0.01,"{'type': 'hourly', 'hourly_rates': {0: 1.59, 1: 4.38, 2: 2.38, 3: 1.15, 4: 0.84, 5: 0.76, 6: 1.0, 7: 2.25, 8: 2.86, 9: 1.94, 10: 1.23, 11: 0.85, 12: 0.55, 13: 0.37, 14: 0.21, 15: 0.13, 16: 0.08, 17: 0.05, 18: 0.04, 19: 0.04, 20: 0.12, 21: 0.24, 22: 0.41, 23: 0.53}}",False,15,0,0,5,4.0,13,,,14,10,312.9552586289013,-312.9552586289013,9,82.38875969492852,34.77280651432236,1352.51034911321,0,0.23246991855155766,0.23246991855155766,0.23246991855155766,1.0,1.25,24.0,30.0,10.0,90.0,34.77280651432236,135.251034911321,2,5.0,4,6,0,6,40.0,2.3333333333333335,100.0,19.633549381502284,1.2716149518815716,18.361934429620714,13.202679322698966,26.74700497826278,6.301046148671566,19.302837952795784,19.503725471370537,27.75255719401642,18.883328765331818,3,30.0,,
20250516_155610,aca,86,,,,,,,,,,,2,1,13.4,20.9,39,600,60,80,"(6.0, 6.0)",0.71,3.0,0.26666666666666666,False,86,0.01,"{'type': 'hourly', 'hourly_rates': {0: 1.59, 1: 4.38, 2: 2.38, 3: 1.15, 4: 0.84, 5: 0.76, 6: 1.0, 7: 2.25, 8: 2.86, 9: 1.94, 10: 1.23, 11: 0.85, 12: 0.55, 13: 0.37, 14: 0.21, 15: 0.13, 16: 0.08, 17: 0.05, 18: 0.04, 19: 0.04, 20: 0.12, 21: 0.24, 22: 0.41, 23: 0.53}}",False,15,0,0,5,4.0,13,,,16,13,121.76706483724922,-121.76706483724922,10,24.868517741353315,12.176706483724923,1931.949890816208,0,0.2536573655785678,0.2536573655785678,0.2536573655785678,1.3,1.625,31.200000000000003,39.0,23.076923076923077,76.92307692307693,12.176706483724923,148.61153006278522,2,6.5,6,7,1,2,7.6923076923076925,2.5,100.0,24.868517741353315,5.746800150269531,19.121717591083783,14.524114869029692,28.642333482210887,9.806677140911354,25.553681613124922,24.33079200994105,42.20890583323566,15.210447388961498,3,23.076923076923077,,
20250516_155610,aca,87,,,,,,,,,,,2,1,13.4,20.9,39,600,60,80,"(6.0, 6.0)",0.71,3.0,0.26666666666666666,False,87,0.01,"{'type': 'hourly', 'hourly_rates': {0: 1.59, 1: 4.38, 2: 2.38, 3: 1.15, 4: 0.84, 5: 0.76, 6: 1.0, 7: 2.25, 8: 2.86, 9: 1.94, 10: 1.23, 11: 0.85, 12: 0.55, 13: 0.37, 14: 0.21, 15: 0.13, 16: 0.08, 17: 0.05, 18: 0.04, 19: 0.04, 20: 0.12, 21: 0.24, 22: 0.41, 23: 0.53}}",False,15,0,0,5,4.0,13,,,12,11,141.47962562049776,-141.47962562049776,7,59.35205937078064,20.211375088642537,1241.6861520192704,0,0.2905559757514348,0.2905559757514348,0.2905559757514348,1.1,1.375,26.400000000000002,33.0,36.36363636363637,63.63636363636363,20.211375088642537,112.88055927447913,2,5.5,5,6,1,1,9.090909090909092,2.0,100.0,28.064454633161233,11.18020084958073,16.884253783580505,12.191151774198635,22.42655886899233,18.589639009317384,74.4311610309567,30.780790783516014,83.35205937078064,22.829796835041307,3,27.27272727272727,,
20250516_155611,aca,88,,,,,,,,,,,2,1,13.4,20.9,39,600,60,80,"(6.0, 6.0)",0.71,3.0,0.26666666666666666,False,88,0.01,"{'type': 'hourly', 'hourly_rates': {0: 1.59, 1: 4.38, 2: 2.38, 3: 1.15, 4: 0.84, 5: 0.76, 6: 1.0, 7: 2.25, 8: 2.86, 9: 1.94, 10: 1.23, 11: 0.85, 12: 0.55, 13: 0.37, 14: 0.21, 15: 0.13, 16: 0.08, 17: 0.05, 18: 0.04, 19: 0.04, 20: 0.12, 21: 0.24, 22: 0.41, 23: 0.53}}",False,15,0,0,5,4.0,13,,,17,11,387.8142508516512,-387.8142508516512,11,152.7464803938103,35.255840986513746,1655.8988087196312,0,0.4074747677055864,0.4074747677055864,0.4074747677055864,1.1,1.375,26.400000000000002,33.0,0.0,100.0,35.255840986513746,150.5362553381483,2,5.5,4,7,1,6,36.36363636363637,2.6666666666666665,100.0,29.514846494387484,0.17850896829975632,29.33633752608773,15.991903417469473,26.622298815566978,4.3324848283386945,14.501832117559047,20.324388245808166,27.249562778098294,35.89426145753496,4,36.36363636363637,,
20250516_155611,aca,89,,,,,,,,,,,2,1,13.4,20.9,39,600,60,80,"(6.0, 6.0)",0.71,3.0,0.26666666666666666,False,89,0.01,"{'type': 'hourly', 'hourly_rates': {0: 1.59, 1: 4.38, 2: 2.38, 3: 1.15, 4: 0.84, 5: 0.76, 6: 1.0, 7: 2.25, 8: 2.86, 9: 1.94, 10: 1.23, 11: 0.85, 12: 0.55, 13: 0.37, 14: 0.21, 15: 0.13, 16: 0.08, 17: 0.05, 18: 0.04, 19: 0.04, 20: 0.12, 21: 0.24, 22: 0.41, 23: 0.53}}",False,15,0,0,5,4.0,13,,,16,13,212.28017406490875,-212.28017406490872,9,38.282131430717996,23.586686007212084,1256.6809218612948,0,0.18053463862556612,0.18053463862556612,0.18053463862556612,1.3,1.625,31.200000000000003,39.0,30.76923076923077,69.23076923076923,23.586686007212084,96.6677632200996,2,6.5,6,7,1,4,30.76923076923077,2.0,100.0,30.350508627265953,4.313061795712489,26.037446831553464,11.416079002726123,16.49693164120481,14.423490326585831,47.706512033547334,25.839569329311953,58.12532628640784,17.577552796187433,3,23.076923076923077,,
20250516_155611,aca,90,,,,,,,,,,,2,1,13.4,20.9,39,600,60,80,"(6.0, 6.0)",0.71,3.0,0.26666666666666666,False,90,0.01,"{'type': 'hourly', 'hourly_rates': {0: 1.59, 1: 4.38, 2: 2.38, 3: 1.15, 4: 0.84, 5: 0.76, 6: 1.0, 7: 2.25, 8: 2.86, 9: 1.94, 10: 1.23, 11: 0.85, 12: 0.55, 13: 0.37, 14: 0.21, 15: 0.13, 16: 0.08, 17: 0.05, 18: 0.04, 19: 0.04, 20: 0.12, 21: 0.24, 22: 0.41, 23: 0.53}}",False,15,0,0,5,4.0,13,,,9,9,5.140258879622877,-5.140258879622877,1,5.140258879622877,5.140258879622877,730.9947936159685,0,0.5681552989398231,0.5681552989398231,0.5681552989398231,0.9,1.125,21.6,27.0,88.88888888888889,11.11111111111111,5.140258879622877,81.22164373510762,2,4.5,3,6,0,0,0,0,0,0,0,0,13.103199843072916,18.984525671770598,3.719990115301668,14.155733207852279,16.823189958374584,33.14025887962288,34.29032832553018,6,66.66666666666666,,
20250516_155612,aca,91,,,,,,,,,,,2,1,13.4,20.9,39,600,60,80,"(6.0, 6.0)",0.71,3.0,0.26666666666666666,False,91,0.01,"{'type': 'hourly', 'hourly_rates': {0: 1.59, 1: 4.38, 2: 2.38, 3: 1.15, 4: 0.84, 5: 0.76, 6: 1.0, 7: 2.25, 8: 2.86, 9: 1.94, 10: 1.23, 11: 0.85, 12: 0.55, 13: 0.37, 14: 0.21, 15: 0.13, 16: 0.08, 17: 0.05, 18: 0.04, 19: 0.04, 20: 0.12, 21: 0.24, 22: 0.41, 23: 0.53}}",False,15,0,0,5,4.0,13,,,18,13,404.14573035922047,-404.14573035922047,10,80.24149787665829,40.41457303592205,1634.0309666482945,0,0.17787444878542413,0.17787444878542413,0.17787444878542413,1.3,1.625,31.200000000000003,39.0,23.076923076923077,76.92307692307693,40.41457303592205,125.6946897421765,2,6.5,6,7,1,4,23.076923076923077,2.5,100.0,46.18769198758097,0.3112313051600367,45.876460682420934,12.542862116430985,16.89706057903709,10.49207100260826,30.612028006724216,23.034933119039245,44.053604232199746,43.934796294615445,5,38.46153846153847,,
20250516_155612,aca,92,,,,,,,,,,,2,1,13.4,20.9,39,600,60,80,"(6.0, 6.0)",0.71,3.0,0.26666666666666666,False,92,0.01,"{'type': 'hourly', 'hourly_rates': {0: 1.59, 1: 4.38, 2: 2.38, 3: 1.15, 4: 0.84, 5: 0.76, 6: 1.0, 7: 2.25, 8: 2.86, 9: 1.94, 10: 1.23, 11: 0.85, 12: 0.55, 13: 0.37, 14: 0.21, 15: 0.13, 16: 0.08, 17: 0.05, 18: 0.04, 19: 0.04, 20: 0.12, 21: 0.24, 22: 0.41, 23: 0.53}}",False,15,0,0,5,4.0,13,,,7,7,0,0,0,0,0,725.8015271283131,0,0.5433936293164255,0.5433936293164255,0.5433936293164255,0.7,0.875,16.799999999999997,21.0,100.0,0.0,0,103.68593244690187,2,3.5,1,6,0,0,0,0,0,0,0,0,12.601533454709573,16.946040851224666,1.7799701273178685,8.473548159243592,14.381503582027443,17.153985955860605,22.577298232322935,5,71.42857142857143,,
20250516_155612,aca,93,,,,,,,,,,,2,1,13.4,20.9,39,600,60,80,"(6.0, 6.0)",0.71,3.0,0.26666666666666666,False,93,0.01,"{'type': 'hourly', 'hourly_rates': {0: 1.59, 1: 4.38, 2: 2.38, 3: 1.15, 4: 0.84, 5: 0.76, 6: 1.0, 7: 2.25, 8: 2.86, 9: 1.94, 10: 1.23, 11: 0.85, 12: 0.55, 13: 0.37, 14: 0.21, 15: 0.13, 16: 0.08, 17: 0.05, 18: 0.04, 19: 0.04, 20: 0.12, 21: 0.24, 22: 0.41, 23: 0.53}}",False,15,0,0,5,4.0,13,,,11,10,61.347650969478934,-61.347650969478934,4,22.845964168998194,15.336912742369734,1025.9912789076507,0,0.5361979616391365,0.5361979616391365,0.5361979616391365,1.0,1.25,24.0,30.0,60.0,40.0,15.336912742369734,102.59912789076506,2,5.0,5,5,0,0,0,0,0,0,0,0,15.630155300497028,23.577504543115595,11.042694276560013,34.39352951309439,26.672849577057043,46.513364050964014,58.64920450256199,6,60.0,,
20250516_155613,aca,94,,,,,,,,,,,2,1,13.4,20.9,39,600,60,80,"(6.0, 6.0)",0.71,3.0,0.26666666666666666,False,94,0.01,"{'type': 'hourly', 'hourly_rates': {0: 1.59, 1: 4.38, 2: 2.38, 3: 1.15, 4: 0.84, 5: 0.76, 6: 1.0, 7: 2.25, 8: 2.86, 9: 1.94, 10: 1.23, 11: 0.85, 12: 0.55, 13: 0.37, 14: 0.21, 15: 0.13, 16: 0.08, 17: 0.05, 18: 0.04, 19: 0.04, 20: 0.12, 21: 0.24, 22: 0.41, 23: 0.53}}",False,15,0,0,5,4.0,13,,,13,12,89.13674364907071,-89.13674364907071,5,31.81996414429534,17.82734872981414,1392.4910697372409,0,0.22838383776510635,0.22838383776510635,0.22838383776510635,1.2,1.5,28.799999999999997,36.0,58.333333333333336,41.66666666666667,17.82734872981414,116.04092247810341,2,6.0,6,6,0,3,33.33333333333333,2.0,100.0,16.76581612450557,0.4023858127811888,16.36343031172438,13.351262180154235,20.971985216361325,9.167273402224321,30.266908354959597,22.518535582378558,40.16577323831902,26.674251286833115,5,41.66666666666667,,
20250516_155613,aca,95,,,,,,,,,,,2,1,13.4,20.9,39,600,60,80,"(6.0, 6.0)",0.71,3.0,0.26666666666666666,False,95,0.01,"{'type': 'hourly', 'hourly_rates': {0: 1.59, 1: 4.38, 2: 2.38, 3: 1.15, 4: 0.84, 5: 0.76, 6: 1.0, 7: 2.25, 8: 2.86, 9: 1.94, 10: 1.23, 11: 0.85, 12: 0.55, 13: 0.37, 14: 0.21, 15: 0.13, 16: 0.08, 17: 0.05, 18: 0.04, 19: 0.04, 20: 0.12, 21: 0.24, 22: 0.41, 23: 0.53}}",False,15,0,0,5,4.0,13,,,5,5,21.725692179096797,-21.725692179096797,3,11.144053954623075,7.241897393032265,1053.0394729279587,0,0.43031790918391144,0.43031790918391144,0.43031790918391144,0.5,0.625,12.0,15.0,40.0,60.0,7.241897393032265,210.60789458559174,2,2.5,2,3,1,0,0,0,0,0,0,0,18.171466690063948,35.40625359156735,5.964704735916129,13.70254072488899,24.136171425980077,35.81428964223005,28.454858326776275,2,40.0,,
20250516_155614,aca,96,,,,,,,,,,,2,1,13.4,20.9,39,600,60,80,"(6.0, 6.0)",0.71,3.0,0.26666666666666666,False,96,0.01,"{'type': 'hourly', 'hourly_rates': {0: 1.59, 1: 4.38, 2: 2.38, 3: 1.15, 4: 0.84, 5: 0.76, 6: 1.0, 7: 2.25, 8: 2.86, 9: 1.94, 10: 1.23, 11: 0.85, 12: 0.55, 13: 0.37, 14: 0.21, 15: 0.13, 16: 0.08, 17: 0.05, 18: 0.04, 19: 0.04, 20: 0.12, 21: 0.24, 22: 0.41, 23: 0.53}}",False,15,0,0,5,4.0,13,,,9,6,257.7904419255653,-257.7904419255653,5,77.65196682556262,51.55808838511306,1393.9500187630606,0,0.4588554568777882,0.4588554568777882,0.4588554568777882,0.6,0.75,14.399999999999999,18.0,16.666666666666664,83.33333333333334,51.55808838511306,232.32500312717676,2,3.0,3,3,1,4,50.0,2.75,100.0,46.81057730660447,0.0,46.81057730660447,14.49234663994578,16.917338647084478,16.69525731542167,79.7572893605716,31.18760395536745,95.65196682556262,5.27814644645472,2,33.33333333333333,,
20250516_155614,aca,97,,,,,,,,,,,2,1,13.4,20.9,39,600,60,80,"(6.0, 6.0)",0.71,3.0,0.26666666666666666,False,97,0.01,"{'type': 'hourly', 'hourly_rates': {0: 1.59, 1: 4.38, 2: 2.38, 3: 1.15, 4: 0.84, 5: 0.76, 6: 1.0, 7: 2.25, 8: 2.86, 9: 1.94, 10: 1.23, 11: 0.85, 12: 0.55, 13: 0.37, 14: 0.21, 15: 0.13, 16: 0.08, 17: 0.05, 18: 0.04, 19: 0.04, 20: 0.12, 21: 0.24, 22: 0.41, 23: 0.53}}",False,15,0,0,5,4.0,13,,,10,10,21.132176497569958,-21.132176497569958,2,12.129963035220726,10.566088248784979,1261.4771689626364,0,0.4249524206933241,0.4249524206933241,0.4249524206933241,1.0,1.25,24.0,30.0,80.0,20.0,10.566088248784979,126.14771689626363,2,5.0,3,7,0,1,20.0,2.0,100.0,0.0,2.6415220621962447,-2.6415220621962447,10.440164833162537,14.673834316687419,7.5501965926479615,27.081004713824044,17.990361425810498,38.129963035220726,0.9195676835039706,2,20.0,,
20250516_155614,aca,98,,,,,,,,,,,2,1,13.4,20.9,39,600,60,80,"(6.0, 6.0)",0.71,3.0,0.26666666666666666,False,98,0.01,"{'type': 'hourly', 'hourly_rates': {0: 1.59, 1: 4.38, 2: 2.38, 3: 1.15, 4: 0.84, 5: 0.76, 6: 1.0, 7: 2.25, 8: 2.86, 9: 1.94, 10: 1.23, 11: 0.85, 12: 0.55, 13: 0.37, 14: 0.21, 15: 0.13, 16: 0.08, 17: 0.05, 18: 0.04, 19: 0.04, 20: 0.12, 21: 0.24, 22: 0.41, 23: 0.53}}",False,15,0,0,5,4.0,13,,,11,10,136.04900048779592,-136.04900048779592,4,64.37172887467895,34.01225012194898,983.5544357508402,0,0.35796077031598766,0.35796077031598766,0.35796077031598766,1.0,1.25,24.0,30.0,60.0,40.0,34.01225012194898,98.35544357508402,2,5.0,4,6,0,1,10.0,2.0,100.0,32.195225857671744,7.672856469192142,24.522369388479603,15.297693401143501,27.260902420123273,12.207407007342084,81.09351081251789,27.505100408485582,88.37172887467895,50.87140453412755,6,60.0,,
20250516_155615,aca,99,,,,,,,,,,,2,1,13.4,20.9,39,600,60,80,"(6.0, 6.0)",0.71,3.0,0.26666666666666666,False,99,0.01,"{'type': 'hourly', 'hourly_rates': {0: 1.59, 1: 4.38, 2: 2.38, 3: 1.15, 4: 0.84, 5: 0.76, 6: 1.0, 7: 2.25, 8: 2.86, 9: 1.94, 10: 1.23, 11: 0.85, 12: 0.55, 13: 0.37, 14: 0.21, 15: 0.13, 16: 0.08, 17: 0.05, 18: 0.04, 19: 0.04, 20: 0.12, 21: 0.24, 22: 0.41, 23: 0.53}}",False,15,0,0,5,4.0,13,,,17,14,162.16229268765062,-162.16229268765062,11,28.68012987562406,14.742026607968238,1543.038149782789,0,0.18949612859123108,0.18949612859123108,0.18949612859123108,1.4,1.75,33.599999999999994,42.0,21.428571428571427,78.57142857142857,14.742026607968238,110.21701069877065,2,7.0,5,9,1,4,28.57142857142857,2.0,100.0,13.301843072255746,8.683992266349733,4.617850805906013,12.660030984972456,24.476068344472537,14.46152415527238,46.935309948491806,27.12155514024484,53.680129875624004,18.23008020401372,3,21.428571428571427,,
20250516_155615,aca,100,,,,,,,,,,,2,1,13.4,20.9,39,600,60,80,"(6.0, 6.0)",0.71,3.0,0.26666666666666666,False,100,0.01,"{'type': 'hourly', 'hourly_rates': {0: 1.59, 1: 4.38, 2: 2.38, 3: 1.15, 4: 0.84, 5: 0.76, 6: 1.0, 7: 2.25, 8: 2.86, 9: 1.94, 10: 1.23, 11: 0.85, 12: 0.55, 13: 0.37, 14: 0.21, 15: 0.13, 16: 0.08, 17: 0.05, 18: 0.04, 19: 0.04, 20: 0.12, 21: 0.24, 22: 0.41, 23: 0.53}}",False,15,0,0,5,4.0,13,,,10,9,86.23188386188536,-86.23188386188536,6,36.132426012833236,14.37198064364756,923.8751784721157,0,0.4357063987673324,0.4357063987673324,0.4357063987673324,0.9,1.125,21.6,27.0,33.33333333333333,66.66666666666666,14.37198064364756,102.65279760801286,2,4.5,1,8,0,2,33.33333333333333,2.0,100.0,18.00586468893573,0.8240862149699902,17.18177847396574,15.11747432620885,21.584532440664077,8.646026896481644,31.201776928161394,23.763501222690493,46.132426012833236,23.923389343107516,4,44.44444444444444,,
20250516_155615,aca,101,,,,,,,,,,,2,1,13.4,20.9,39,600,60,80,"(6.0, 6.0)",0.71,3.0,0.26666666666666666,False,101,0.01,"{'type': 'hourly', 'hourly_rates': {0: 1.59, 1: 4.38, 2: 2.38, 3: 1.15, 4: 0.84, 5: 0.76, 6: 1.0, 7: 2.25, 8: 2.86, 9: 1.94, 10: 1.23, 11: 0.85, 12: 0.55, 13: 0.37, 14: 0.21, 15: 0.13, 16: 0.08, 17: 0.05, 18: 0.04, 19: 0.04, 20: 0.12, 21: 0.24, 22: 0.41, 23: 0.53}}",False,15,0,0,5,4.0,13,,,14,10,189.9787267572019,-189.9787267572019,9,46.70681657930862,21.10874741746688,1372.5773228510877,0,0.2521225960796489,0.2521225960796489,0.2521225960796489,1.0,1.25,24.0,30.0,10.0,90.0,21.10874741746688,137.25773228510877,2,5.0,4,6,0,3,20.0,2.3333333333333335,100.0,31.395030661770562,7.335414465196188,24.059616196574375,16.570782727958566,29.22045397916105,11.918649647517569,39.75966997028786,28.489432375476134,55.95262472089968,23.96508145220561,4,40.0,,
20250516_155616,aca,102,,,,,,,,,,,2,1,13.4,20.9,39,600,60,80,"(6.0, 6.0)",0.71,3.0,0.26666666666666666,False,102,0.01,"{'type': 'hourly', 'hourly_rates': {0: 1.59, 1: 4.38, 2: 2.38, 3: 1.15, 4: 0.84, 5: 0.76, 6: 1.0, 7: 2.25, 8: 2.86, 9: 1.94, 10: 1.23, 11: 0.85, 12: 0.55, 13: 0.37, 14: 0.21, 15: 0.13, 16: 0.08, 17: 0.05, 18: 0.04, 19: 0.04, 20: 0.12, 21: 0.24, 22: 0.41, 23: 0.53}}",False,15,0,0,5,4.0,13,,,11,11,2.383439629197369,-2.383439629197369,1,2.383439629197369,2.383439629197369,817.6684775692918,0,0.30168793182184306,0.30168793182184306,0.30168793182184306,1.1,1.375,26.400000000000002,33.0,90.9090909090909,9.090909090909092,2.383439629197369,74.33349796084471,2,5.5,3,8,0,0,0,0,0,0,0,0,13.202504827624939,21.896425756715576,3.933926812005896,13.141890521251725,17.136431639630835,22.490939743350594,35.05648708635805,5,45.45454545454545,,
20250516_155616,aca,103,,,,,,,,,,,2,1,13.4,20.9,39,600,60,80,"(6.0, 6.0)",0.71,3.0,0.26666666666666666,False,103,0.01,"{'type': 'hourly', 'hourly_rates': {0: 1.59, 1: 4.38, 2: 2.38, 3: 1.15, 4: 0.84, 5: 0.76, 6: 1.0, 7: 2.25, 8: 2.86, 9: 1.94, 10: 1.23, 11: 0.85, 12: 0.55, 13: 0.37, 14: 0.21, 15: 0.13, 16: 0.08, 17: 0.05, 18: 0.04, 19: 0.04, 20: 0.12, 21: 0.24, 22: 0.41, 23: 0.53}}",False,15,0,0,5,4.0,13,,,15,12,326.9490937043576,-326.9490937043576,11,84.25069232488718,29.72264488221433,2232.5061723936474,0,0.25005716122858934,0.25005716122858934,0.25005716122858934,1.2,1.5,28.799999999999997,36.0,8.333333333333332,91.66666666666666,29.72264488221433,186.04218103280394,2,6.0,4,8,0,4,33.33333333333333,2.0,100.0,25.657109186804874,13.92693912332345,11.730170063481424,14.40513832099073,20.94206648314332,16.50145370064821,46.3179430484779,30.90659202163894,56.68876635347658,3.405300827735175,2,16.666666666666664,,
20250516_155616,aca,104,,,,,,,,,,,2,1,13.4,20.9,39,600,60,80,"(6.0, 6.0)",0.71,3.0,0.26666666666666666,False,104,0.01,"{'type': 'hourly', 'hourly_rates': {0: 1.59, 1: 4.38, 2: 2.38, 3: 1.15, 4: 0.84, 5: 0.76, 6: 1.0, 7: 2.25, 8: 2.86, 9: 1.94, 10: 1.23, 11: 0.85, 12: 0.55, 13: 0.37, 14: 0.21, 15: 0.13, 16: 0.08, 17: 0.05, 18: 0.04, 19: 0.04, 20: 0.12, 21: 0.24, 22: 0.41, 23: 0.53}}",False,15,0,0,5,4.0,13,,,11,10,34.01055375880998,-34.01055375880998,4,16.099023230561556,8.502638439702496,1354.9295202674639,0,0.40179795831799164,0.40179795831799164,0.40179795831799164,1.0,1.25,24.0,30.0,60.0,40.0,8.502638439702496,135.4929520267464,2,5.0,4,6,0,0,0,0,0,0,0,0,12.783963718900226,25.27677258189297,8.184623354989691,24.563019067692544,20.968587073889918,41.099023230561556,8.142047079449156,2,20.0,,
20250516_155617,aca,105,,,,,,,,,,,2,1,13.4,20.9,39,600,60,80,"(6.0, 6.0)",0.71,3.0,0.26666666666666666,False,105,0.01,"{'type': 'hourly', 'hourly_rates': {0: 1.59, 1: 4.38, 2: 2.38, 3: 1.15, 4: 0.84, 5: 0.76, 6: 1.0, 7: 2.25, 8: 2.86, 9: 1.94, 10: 1.23, 11: 0.85, 12: 0.55, 13: 0.37, 14: 0.21, 15: 0.13, 16: 0.08, 17: 0.05, 18: 0.04, 19: 0.04, 20: 0.12, 21: 0.24, 22: 0.41, 23: 0.53}}",False,15,0,0,5,4.0,13,,,13,8,399.7631922154293,-399.76319221542934,10,73.67200631621158,39.97631922154293,1622.770001982091,0,0.11674165995322075,0.11674165995322075,0.11674165995322075,0.8,1.0,19.200000000000003,24.0,-25.0,125.0,39.97631922154293,202.84625024776136,2,4.0,4,4,0,5,62.5,2.0,100.0,37.161823673364076,0.0,37.161823673364076,14.861182895273112,22.98119238519581,19.04669107813763,53.35520908994778,33.907873973410744,65.66946987075235,13.470115330754503,2,25.0,,
20250516_155617,aca,106,,,,,,,,,,,2,1,13.4,20.9,39,600,60,80,"(6.0, 6.0)",0.71,3.0,0.26666666666666666,False,106,0.01,"{'type': 'hourly', 'hourly_rates': {0: 1.59, 1: 4.38, 2: 2.38, 3: 1.15, 4: 0.84, 5: 0.76, 6: 1.0, 7: 2.25, 8: 2.86, 9: 1.94, 10: 1.23, 11: 0.85, 12: 0.55, 13: 0.37, 14: 0.21, 15: 0.13, 16: 0.08, 17: 0.05, 18: 0.04, 19: 0.04, 20: 0.12, 21: 0.24, 22: 0.41, 23: 0.53}}",False,15,0,0,5,4.0,13,,,7,5,116.37736897558797,-116.37736897558797,7,38.043664008711005,16.625338425083996,1422.9964031578054,0,0.2897954442523267,0.2897954442523267,0.2897954442523267,0.5,0.625,12.0,15.0,-40.0,140.0,16.625338425083996,284.5992806315611,2,2.5,2,3,1,3,60.0,2.3333333333333335,100.0,10.154101224923261,5.960363752180967,4.193737472742294,13.422775562530337,25.224245305533206,6.253830673296007,12.566402741408325,19.676606235826345,26,8.224245305533206,1,20.0,,
20250516_155618,aca,107,,,,,,,,,,,2,1,13.4,20.9,39,600,60,80,"(6.0, 6.0)",0.71,3.0,0.26666666666666666,False,107,0.01,"{'type': 'hourly', 'hourly_rates': {0: 1.59, 1: 4.38, 2: 2.38, 3: 1.15, 4: 0.84, 5: 0.76, 6: 1.0, 7: 2.25, 8: 2.86, 9: 1.94, 10: 1.23, 11: 0.85, 12: 0.55, 13: 0.37, 14: 0.21, 15: 0.13, 16: 0.08, 17: 0.05, 18: 0.04, 19: 0.04, 20: 0.12, 21: 0.24, 22: 0.41, 23: 0.53}}",False,15,0,0,5,4.0,13,,,20,14,258.8925778009745,-258.89257780097444,14,49.45077234292066,18.492326985783894,1806.1278429235779,0,0.1268552795246359,0.1268552795246359,0.1268552795246359,1.4,1.75,33.599999999999994,42.0,0.0,100.0,18.492326985783894,129.0091316373984,2,7.0,5,9,0,5,28.57142857142857,2.0,100.0,14.984496204587252,7.229623738294802,7.75487246629245,12.281551655762554,15.403122569223115,14.292085992637823,36.43547495265645,26.573637648400375,47.83332952251091,7.133486682833393,2,14.285714285714285,,
20250516_155618,aca,108,,,,,,,,,,,2,1,13.4,20.9,39,600,60,80,"(6.0, 6.0)",0.71,3.0,0.26666666666666666,False,108,0.01,"{'type': 'hourly', 'hourly_rates': {0: 1.59, 1: 4.38, 2: 2.38, 3: 1.15, 4: 0.84, 5: 0.76, 6: 1.0, 7: 2.25, 8: 2.86, 9: 1.94, 10: 1.23, 11: 0.85, 12: 0.55, 13: 0.37, 14: 0.21, 15: 0.13, 16: 0.08, 17: 0.05, 18: 0.04, 19: 0.04, 20: 0.12, 21: 0.24, 22: 0.41, 23: 0.53}}",False,15,0,0,5,4.0,13,,,16,12,358.08552385693764,-358.08552385693764,11,97.26508385263804,32.553229441539784,1859.1567535821894,0,0.19675536109249775,0.19675536109249775,0.19675536109249775,1.2,1.5,28.799999999999997,36.0,8.333333333333332,91.66666666666666,32.553229441539784,154.92972946518245,2,6.0,5,7,0,4,25.0,2.25,100.0,47.14048358248041,5.591233467565344,41.54925011491506,12.842437488429878,16.65459591391405,17.606546343510885,81.34288359176227,30.448983831940765,96.82540460896273,2.782726574342121,2,16.666666666666664,,
20250516_155618,aca,109,,,,,,,,,,,2,1,13.4,20.9,39,600,60,80,"(6.0, 6.0)",0.71,3.0,0.26666666666666666,False,109,0.01,"{'type': 'hourly', 'hourly_rates': {0: 1.59, 1: 4.38, 2: 2.38, 3: 1.15, 4: 0.84, 5: 0.76, 6: 1.0, 7: 2.25, 8: 2.86, 9: 1.94, 10: 1.23, 11: 0.85, 12: 0.55, 13: 0.37, 14: 0.21, 15: 0.13, 16: 0.08, 17: 0.05, 18: 0.04, 19: 0.04, 20: 0.12, 21: 0.24, 22: 0.41, 23: 0.53}}",False,15,0,0,5,4.0,13,,,14,10,434.42387933865484,-434.4238793386548,9,119.25535066607304,48.269319926517205,1589.060474535712,0,0.18657877853778115,0.18657877853778115,0.18657877853778115,1.0,1.25,24.0,30.0,10.0,90.0,48.269319926517205,158.9060474535712,2,5.0,4,6,1,5,30.0,2.6,100.0,49.81259667905653,5.7248340048243165,44.087762674232216,15.533858114422856,27.208388821019106,14.177404409925021,91.31817414847185,29.711262524347877,102.25535066607304,39.17316231822956,7,70.0,,
20250516_155619,aca,110,,,,,,,,,,,2,1,13.4,20.9,39,600,60,80,"(6.0, 6.0)",0.71,3.0,0.26666666666666666,False,110,0.01,"{'type': 'hourly', 'hourly_rates': {0: 1.59, 1: 4.38, 2: 2.38, 3: 1.15, 4: 0.84, 5: 0.76, 6: 1.0, 7: 2.25, 8: 2.86, 9: 1.94, 10: 1.23, 11: 0.85, 12: 0.55, 13: 0.37, 14: 0.21, 15: 0.13, 16: 0.08, 17: 0.05, 18: 0.04, 19: 0.04, 20: 0.12, 21: 0.24, 22: 0.41, 23: 0.53}}",False,15,0,0,5,4.0,13,,,13,9,347.5109922389746,-347.5109922389746,7,72.04388933691678,49.64442746271066,1724.7219248194451,0,0.2631341460567084,0.2631341460567084,0.2631341460567084,0.9,1.125,21.6,27.0,22.22222222222222,77.77777777777779,49.64442746271066,191.6357694243828,2,4.5,4,5,1,4,22.22222222222222,2.5,100.0,51.489446202425356,2.4374156230174355,49.05203057940792,13.20979429503133,21.246483473143826,10.234573364391105,40.307493843395775,23.444367659422436,52.92505258973344,4.927717764498709,1,11.11111111111111,,
20250516_155619,aca,111,,,,,,,,,,,2,1,13.4,20.9,39,600,60,80,"(6.0, 6.0)",0.71,3.0,0.26666666666666666,False,111,0.01,"{'type': 'hourly', 'hourly_rates': {0: 1.59, 1: 4.38, 2: 2.38, 3: 1.15, 4: 0.84, 5: 0.76, 6: 1.0, 7: 2.25, 8: 2.86, 9: 1.94, 10: 1.23, 11: 0.85, 12: 0.55, 13: 0.37, 14: 0.21, 15: 0.13, 16: 0.08, 17: 0.05, 18: 0.04, 19: 0.04, 20: 0.12, 21: 0.24, 22: 0.41, 23: 0.53}}",False,15,0,0,5,4.0,13,,,17,9,428.51238567691337,-428.5123856769133,12,85.62626725091519,35.70936547307611,2167.8144502999157,0,0.39030783010353337,0.39030783010353337,0.39030783010353337,0.9,1.125,21.6,27.0,-33.33333333333333,133.33333333333331,35.70936547307611,240.8682722555462,2,4.5,3,6,1,7,33.33333333333333,3.0,100.0,42.857894149886754,4.56851464692987,38.28937950295688,12.875397058237647,15.213544953380747,12.675524191864135,38.412722297534444,25.55092125010178,53.62626725091519,16.280528223753443,3,33.33333333333333,,
20250516_155620,aca,112,,,,,,,,,,,2,1,13.4,20.9,39,600,60,80,"(6.0, 6.0)",0.71,3.0,0.26666666666666666,False,112,0.01,"{'type': 'hourly', 'hourly_rates': {0: 1.59, 1: 4.38, 2: 2.38, 3: 1.15, 4: 0.84, 5: 0.76, 6: 1.0, 7: 2.25, 8: 2.86, 9: 1.94, 10: 1.23, 11: 0.85, 12: 0.55, 13: 0.37, 14: 0.21, 15: 0.13, 16: 0.08, 17: 0.05, 18: 0.04, 19: 0.04, 20: 0.12, 21: 0.24, 22: 0.41, 23: 0.53}}",False,15,0,0,5,4.0,13,,,10,10,22.68548597343751,-22.68548597343751,3,19.040557344057063,7.5618286578125025,964.5302290209286,0,0.382128602528875,0.382128602528875,0.382128602528875,1.0,1.25,24.0,30.0,70.0,30.0,7.5618286578125025,96.45302290209285,2,5.0,5,5,0,0,0,0,0,0,0,0,13.300223535305719,20.70358644633348,7.16222486807235,31.20410209620193,20.46244840337807,39.04055734405706,34.0145806065291,4,40.0,,
20250516_155620,aca,113,,,,,,,,,,,2,1,13.4,20.9,39,600,60,80,"(6.0, 6.0)",0.71,3.0,0.26666666666666666,False,113,0.01,"{'type': 'hourly', 'hourly_rates': {0: 1.59, 1: 4.38, 2: 2.38, 3: 1.15, 4: 0.84, 5: 0.76, 6: 1.0, 7: 2.25, 8: 2.86, 9: 1.94, 10: 1.23, 11: 0.85, 12: 0.55, 13: 0.37, 14: 0.21, 15: 0.13, 16: 0.08, 17: 0.05, 18: 0.04, 19: 0.04, 20: 0.12, 21: 0.24, 22: 0.41, 23: 0.53}}",False,15,0,0,5,4.0,13,,,15,15,5.203677976332898,-5.203677976332898,4,2.479266071465844,1.3009194940832245,1648.9446043851576,0,0.183224340375164,0.183224340375164,0.183224340375164,1.5,1.875,36.0,45.0,73.33333333333333,26.666666666666668,1.3009194940832245,109.92964029234385,2,7.5,7,8,1,0,0,0,0,0,0,0,12.209072384571337,18.725192413418597,4.9794181890292935,16.851962945953744,17.18849057360063,27.479266071465844,35.38471177002293,7,46.666666666666664,,
20250516_155620,aca,114,,,,,,,,,,,2,1,13.4,20.9,39,600,60,80,"(6.0, 6.0)",0.71,3.0,0.26666666666666666,False,114,0.01,"{'type': 'hourly', 'hourly_rates': {0: 1.59, 1: 4.38, 2: 2.38, 3: 1.15, 4: 0.84, 5: 0.76, 6: 1.0, 7: 2.25, 8: 2.86, 9: 1.94, 10: 1.23, 11: 0.85, 12: 0.55, 13: 0.37, 14: 0.21, 15: 0.13, 16: 0.08, 17: 0.05, 18: 0.04, 19: 0.04, 20: 0.12, 21: 0.24, 22: 0.41, 23: 0.53}}",False,15,0,0,5,4.0,13,,,14,11,160.5139325712414,-160.5139325712414,6,69.06649976933062,26.752322095206903,1422.852930101668,0,0.16856067552273313,0.16856067552273313,0.16856067552273313,1.1,1.375,26.400000000000002,33.0,45.45454545454545,54.54545454545454,26.752322095206903,129.3502663728789,2,5.5,5,6,0,4,27.27272727272727,2.5,100.0,24.53098219344675,0.488273787263779,24.04270840618297,11.71047014324443,16.808173119106183,8.340541771869152,49.18750503667526,20.05101191511358,61.51692759333639,3.7828060862286677,1,9.090909090909092,,
20250516_155621,aca,115,,,,,,,,,,,2,1,13.4,20.9,39,600,60,80,"(6.0, 6.0)",0.71,3.0,0.26666666666666666,False,115,0.01,"{'type': 'hourly', 'hourly_rates': {0: 1.59, 1: 4.38, 2: 2.38, 3: 1.15, 4: 0.84, 5: 0.76, 6: 1.0, 7: 2.25, 8: 2.86, 9: 1.94, 10: 1.23, 11: 0.85, 12: 0.55, 13: 0.37, 14: 0.21, 15: 0.13, 16: 0.08, 17: 0.05, 18: 0.04, 19: 0.04, 20: 0.12, 21: 0.24, 22: 0.41, 23: 0.53}}",False,15,0,0,5,4.0,13,,,14,13,324.7467147556624,-324.74671475566237,10,113.64749440308267,32.47467147556624,3031.146312630693,0,0.11440406791344195,0.11440406791344195,0.11440406791344195,1.3,1.625,31.200000000000003,39.0,23.076923076923077,76.92307692307693,32.47467147556624,233.16510097159178,2,6.5,6,7,0,1,7.6923076923076925,2.0,100.0,39.71613289656767,21.87930945295555,17.836823443612122,15.023745484858647,23.57166594270337,22.203699873994047,110.73243652697997,37.22744535885269,124.64749440308267,3.9817849778804266,2,15.384615384615385,,
20250516_155621,aca,116,,,,,,,,,,,2,1,13.4,20.9,39,600,60,80,"(6.0, 6.0)",0.71,3.0,0.26666666666666666,False,116,0.01,"{'type': 'hourly', 'hourly_rates': {0: 1.59, 1: 4.38, 2: 2.38, 3: 1.15, 4: 0.84, 5: 0.76, 6: 1.0, 7: 2.25, 8: 2.86, 9: 1.94, 10: 1.23, 11: 0.85, 12: 0.55, 13: 0.37, 14: 0.21, 15: 0.13, 16: 0.08, 17: 0.05, 18: 0.04, 19: 0.04, 20: 0.12, 21: 0.24, 22: 0.41, 23: 0.53}}",False,15,0,0,5,4.0,13,,,7,7,16.512163012333914,-16.512163012333914,1,16.512163012333914,16.512163012333914,797.4891684386824,0,0.4328614665696228,0.4328614665696228,0.4328614665696228,0.7,0.875,16.799999999999997,21.0,85.71428571428571,14.285714285714285,16.512163012333914,113.92702406266892,2,3.5,1,6,1,0,0,0,0,0,0,0,12.282472714863095,20.892847491726258,4.544371213705245,24.400145477482262,16.82684392856834,32.512163012333914,29.26194571736659,5,71.42857142857143,,
20250516_155621,aca,117,,,,,,,,,,,2,1,13.4,20.9,39,600,60,80,"(6.0, 6.0)",0.71,3.0,0.26666666666666666,False,117,0.01,"{'type': 'hourly', 'hourly_rates': {0: 1.59, 1: 4.38, 2: 2.38, 3: 1.15, 4: 0.84, 5: 0.76, 6: 1.0, 7: 2.25, 8: 2.86, 9: 1.94, 10: 1.23, 11: 0.85, 12: 0.55, 13: 0.37, 14: 0.21, 15: 0.13, 16: 0.08, 17: 0.05, 18: 0.04, 19: 0.04, 20: 0.12, 21: 0.24, 22: 0.41, 23: 0.53}}",False,15,0,0,5,4.0,13,,,8,8,17.12622117362133,-17.12622117362133,1,17.12622117362133,17.12622117362133,596.7476760303439,0,0.6695098480247323,0.6695098480247323,0.6695098480247323,0.8,1.0,19.200000000000003,24.0,87.5,12.5,17.12622117362133,74.59345950379299,2,4.0,3,5,0,0,0,0,0,0,0,0,11.61673133648915,15.0790188864529,3.692590057081563,26.097328254047966,15.309321393570713,39.12622117362133,27.093334172969012,6,75.0,,
20250516_155622,aca,118,,,,,,,,,,,2,1,13.4,20.9,39,600,60,80,"(6.0, 6.0)",0.71,3.0,0.26666666666666666,False,118,0.01,"{'type': 'hourly', 'hourly_rates': {0: 1.59, 1: 4.38, 2: 2.38, 3: 1.15, 4: 0.84, 5: 0.76, 6: 1.0, 7: 2.25, 8: 2.86, 9: 1.94, 10: 1.23, 11: 0.85, 12: 0.55, 13: 0.37, 14: 0.21, 15: 0.13, 16: 0.08, 17: 0.05, 18: 0.04, 19: 0.04, 20: 0.12, 21: 0.24, 22: 0.41, 23: 0.53}}",False,15,0,0,5,4.0,13,,,5,5,17.026102866228285,-17.026102866228285,3,7.428875604978913,5.675367622076095,1195.0519784237724,0,0.616062552510461,0.616062552510461,0.616062552510461,0.5,0.625,12.0,15.0,40.0,60.0,5.675367622076095,239.01039568475449,2,2.5,2,3,0,0,0,0,0,0,0,0,13.297332768070115,15.973442565207648,4.391143355859529,7.865062197186262,17.688476123929643,20.428875604978913,1.7177416737824274,1,20.0,,
20250516_155622,aca,119,,,,,,,,,,,2,1,13.4,20.9,39,600,60,80,"(6.0, 6.0)",0.71,3.0,0.26666666666666666,False,119,0.01,"{'type': 'hourly', 'hourly_rates': {0: 1.59, 1: 4.38, 2: 2.38, 3: 1.15, 4: 0.84, 5: 0.76, 6: 1.0, 7: 2.25, 8: 2.86, 9: 1.94, 10: 1.23, 11: 0.85, 12: 0.55, 13: 0.37, 14: 0.21, 15: 0.13, 16: 0.08, 17: 0.05, 18: 0.04, 19: 0.04, 20: 0.12, 21: 0.24, 22: 0.41, 23: 0.53}}",False,15,0,0,5,4.0,13,,,21,10,1016.8184038495203,-1016.8184038495205,17,148.64075814211,59.8128472852659,2744.0314790568946,0,0.2434479268176844,0.2434479268176844,0.2434479268176844,1.0,1.25,24.0,30.0,-70.0,170.0,59.8128472852659,274.4031479056895,2,5.0,5,5,0,9,40.0,2.7777777777777777,100.0,53.11357749255734,11.846786628863137,41.266790863694204,14.514541045179172,19.449204101191498,20.218516969706158,49.375849765250166,34.73305801488533,67.49326781253188,16.27923535892839,1,10.0,,
20250516_155623,aca,120,,,,,,,,,,,2,1,13.4,20.9,39,600,60,80,"(6.0, 6.0)",0.71,3.0,0.26666666666666666,False,120,0.01,"{'type': 'hourly', 'hourly_rates': {0: 1.59, 1: 4.38, 2: 2.38, 3: 1.15, 4: 0.84, 5: 0.76, 6: 1.0, 7: 2.25, 8: 2.86, 9: 1.94, 10: 1.23, 11: 0.85, 12: 0.55, 13: 0.37, 14: 0.21, 15: 0.13, 16: 0.08, 17: 0.05, 18: 0.04, 19: 0.04, 20: 0.12, 21: 0.24, 22: 0.41, 23: 0.53}}",False,15,0,0,5,4.0,13,,,5,5,0,0,0,0,0,323.3066327222439,0,0.5831062855439859,0.5831062855439859,0.5831062855439859,0.5,0.625,12.0,15.0,100.0,0.0,0,64.66132654444877,2,2.5,1,4,0,0,0,0,0,0,0,0,15.051194204520556,24.254074649272127,2.923555156422327,11.204108932984013,17.974749360942884,25.98641802710233,28.033983012628347,3,60.0,,
20250516_155623,aca,121,,,,,,,,,,,2,1,13.4,20.9,39,600,60,80,"(6.0, 6.0)",0.71,3.0,0.26666666666666666,False,121,0.01,"{'type': 'hourly', 'hourly_rates': {0: 1.59, 1: 4.38, 2: 2.38, 3: 1.15, 4: 0.84, 5: 0.76, 6: 1.0, 7: 2.25, 8: 2.86, 9: 1.94, 10: 1.23, 11: 0.85, 12: 0.55, 13: 0.37, 14: 0.21, 15: 0.13, 16: 0.08, 17: 0.05, 18: 0.04, 19: 0.04, 20: 0.12, 21: 0.24, 22: 0.41, 23: 0.53}}",False,15,0,0,5,4.0,13,,,7,7,29.044978149738434,-29.044978149738434,2,14.707709952603274,14.522489074869217,812.5023764302333,0,0.4983038749851826,0.4983038749851826,0.4983038749851826,0.7,0.875,16.799999999999997,21.0,71.42857142857143,28.57142857142857,14.522489074869217,116.0717680614619,1,7.0,7,7,1,0,0,0,0,0,0,0,14.195984924713047,22.162912389315636,6.684874817464269,24.062945051867757,20.880859742177314,39.33726819713516,18.32037580219326,3,42.857142857142854,,
20250516_155623,aca,122,,,,,,,,,,,2,1,13.4,20.9,39,600,60,80,"(6.0, 6.0)",0.71,3.0,0.26666666666666666,False,122,0.01,"{'type': 'hourly', 'hourly_rates': {0: 1.59, 1: 4.38, 2: 2.38, 3: 1.15, 4: 0.84, 5: 0.76, 6: 1.0, 7: 2.25, 8: 2.86, 9: 1.94, 10: 1.23, 11: 0.85, 12: 0.55, 13: 0.37, 14: 0.21, 15: 0.13, 16: 0.08, 17: 0.05, 18: 0.04, 19: 0.04, 20: 0.12, 21: 0.24, 22: 0.41, 23: 0.53}}",False,15,0,0,5,4.0,13,,,11,10,81.26557627658372,-81.26557627658372,4,49.846591068185774,20.31639406914593,876.3039593125446,0,0.3080933708160308,0.3080933708160308,0.3080933708160308,1.0,1.25,24.0,30.0,60.0,40.0,20.31639406914593,87.63039593125447,2,5.0,4,6,0,1,10.0,2.0,100.0,14.995886620236092,6.702555616923405,8.293331003312687,12.550476601155358,18.78414337150511,10.646561667012403,55.062447696680664,23.197038268167763,73.84659106818577,25.77864927318188,5,50.0,,
20250516_155624,aca,123,,,,,,,,,,,2,1,13.4,20.9,39,600,60,80,"(6.0, 6.0)",0.71,3.0,0.26666666666666666,False,123,0.01,"{'type': 'hourly', 'hourly_rates': {0: 1.59, 1: 4.38, 2: 2.38, 3: 1.15, 4: 0.84, 5: 0.76, 6: 1.0, 7: 2.25, 8: 2.86, 9: 1.94, 10: 1.23, 11: 0.85, 12: 0.55, 13: 0.37, 14: 0.21, 15: 0.13, 16: 0.08, 17: 0.05, 18: 0.04, 19: 0.04, 20: 0.12, 21: 0.24, 22: 0.41, 23: 0.53}}",False,15,0,0,5,4.0,13,,,15,11,142.66893827865923,-142.66893827865923,8,40.638776895348286,17.833617284832403,1030.4339133512788,0,0.23471441121560346,0.23471441121560346,0.23471441121560346,1.1,1.375,26.400000000000002,33.0,27.27272727272727,72.72727272727273,17.833617284832403,93.67581030466171,2,5.5,4,7,0,5,36.36363636363637,2.2,100.0,16.57107994127822,0.8660335157988713,15.705046425479349,10.793634364816702,17.887375565071324,10.60543715210869,28.702733853988548,21.399071516925392,43.3924503939777,22.813615762935008,3,27.27272727272727,,
20250516_155624,aca,124,,,,,,,,,,,2,1,13.4,20.9,39,600,60,80,"(6.0, 6.0)",0.71,3.0,0.26666666666666666,False,124,0.01,"{'type': 'hourly', 'hourly_rates': {0: 1.59, 1: 4.38, 2: 2.38, 3: 1.15, 4: 0.84, 5: 0.76, 6: 1.0, 7: 2.25, 8: 2.86, 9: 1.94, 10: 1.23, 11: 0.85, 12: 0.55, 13: 0.37, 14: 0.21, 15: 0.13, 16: 0.08, 17: 0.05, 18: 0.04, 19: 0.04, 20: 0.12, 21: 0.24, 22: 0.41, 23: 0.53}}",False,15,0,0,5,4.0,13,,,10,8,94.07513984990975,-94.07513984990975,5,36.40012392648441,18.815027969981948,1005.9083467497395,0,0.2915952819959306,0.2915952819959306,0.2915952819959306,0.8,1.0,19.200000000000003,24.0,37.5,62.5,18.815027969981948,125.73854334371744,2,4.0,2,6,0,3,25.0,2.3333333333333335,100.0,23.95543374868356,0.6750532523834281,23.280380496300133,13.090369802878802,21.686407883118775,8.499735019439623,22.838310414813748,21.590104822318423,35.40012392648441,12.77108981311767,3,37.5,,
20250516_155624,aca,125,,,,,,,,,,,2,1,13.4,20.9,39,600,60,80,"(6.0, 6.0)",0.71,3.0,0.26666666666666666,False,125,0.01,"{'type': 'hourly', 'hourly_rates': {0: 1.59, 1: 4.38, 2: 2.38, 3: 1.15, 4: 0.84, 5: 0.76, 6: 1.0, 7: 2.25, 8: 2.86, 9: 1.94, 10: 1.23, 11: 0.85, 12: 0.55, 13: 0.37, 14: 0.21, 15: 0.13, 16: 0.08, 17: 0.05, 18: 0.04, 19: 0.04, 20: 0.12, 21: 0.24, 22: 0.41, 23: 0.53}}",False,15,0,0,5,4.0,13,,,18,15,388.95697978999954,-388.95697978999954,13,77.25775338307966,29.91976767615381,1754.4814314454266,0,0.28776793396147776,0.28776793396147776,0.28776793396147776,1.5,1.875,36.0,45.0,13.333333333333334,86.66666666666667,29.91976767615381,116.96542876302844,2,7.5,7,8,0,4,33.33333333333333,2.0,100.0,38.46389061896755,8.036935372237881,30.426955246729666,13.280361412231665,29.775700731568634,21.91292625753423,77.16628272268181,35.1932876697659,92.08751097176855,22.341536052055176,2,13.333333333333334,,
20250516_155625,aca,126,,,,,,,,,,,2,1,13.4,20.9,39,600,60,80,"(6.0, 6.0)",0.71,3.0,0.26666666666666666,False,126,0.01,"{'type': 'hourly', 'hourly_rates': {0: 1.59, 1: 4.38, 2: 2.38, 3: 1.15, 4: 0.84, 5: 0.76, 6: 1.0, 7: 2.25, 8: 2.86, 9: 1.94, 10: 1.23, 11: 0.85, 12: 0.55, 13: 0.37, 14: 0.21, 15: 0.13, 16: 0.08, 17: 0.05, 18: 0.04, 19: 0.04, 20: 0.12, 21: 0.24, 22: 0.41, 23: 0.53}}",False,15,0,0,5,4.0,13,,,8,8,26.347500638629697,-26.347500638629697,2,18.190884004402847,13.173750319314848,527.7420755650616,0,0.5473665179034015,0.5473665179034015,0.5473665179034015,0.8,1.0,19.200000000000003,24.0,75.0,25.0,13.173750319314848,65.9677594456327,2,4.0,4,4,1,0,0,0,0,0,0,0,15.360760139730559,20.578738499202444,6.529974968241907,22.612145505200402,21.890735107972464,43.19088400440285,38.02225730353974,3,37.5,,
20250516_155625,aca,127,,,,,,,,,,,2,1,13.4,20.9,39,600,60,80,"(6.0, 6.0)",0.71,3.0,0.26666666666666666,False,127,0.01,"{'type': 'hourly', 'hourly_rates': {0: 1.59, 1: 4.38, 2: 2.38, 3: 1.15, 4: 0.84, 5: 0.76, 6: 1.0, 7: 2.25, 8: 2.86, 9: 1.94, 10: 1.23, 11: 0.85, 12: 0.55, 13: 0.37, 14: 0.21, 15: 0.13, 16: 0.08, 17: 0.05, 18: 0.04, 19: 0.04, 20: 0.12, 21: 0.24, 22: 0.41, 23: 0.53}}",False,15,0,0,5,4.0,13,,,14,10,260.1978752858914,-260.1978752858914,10,53.679833081439824,26.01978752858914,1426.8675730740204,0,0.2632245993528814,0.2632245993528814,0.2632245993528814,1.0,1.25,24.0,30.0,0.0,100.0,26.01978752858914,142.68675730740205,2,5.0,5,5,1,5,40.0,2.2,100.0,25.63234173008746,5.609545466027659,20.022796264059803,12.40485829851233,21.552572597754704,14.928490343846107,56.71688691871128,27.333348642358438,68.67983308143982,17.565392920485507,3,30.0,,
20250516_155626,aca,128,,,,,,,,,,,2,1,13.4,20.9,39,600,60,80,"(6.0, 6.0)",0.71,3.0,0.26666666666666666,False,128,0.01,"{'type': 'hourly', 'hourly_rates': {0: 1.59, 1: 4.38, 2: 2.38, 3: 1.15, 4: 0.84, 5: 0.76, 6: 1.0, 7: 2.25, 8: 2.86, 9: 1.94, 10: 1.23, 11: 0.85, 12: 0.55, 13: 0.37, 14: 0.21, 15: 0.13, 16: 0.08, 17: 0.05, 18: 0.04, 19: 0.04, 20: 0.12, 21: 0.24, 22: 0.41, 23: 0.53}}",False,15,0,0,5,4.0,13,,,11,9,132.17980973212593,-132.17980973212593,7,32.16561856947017,18.882829961732277,982.0253630213118,0,0.17874839857832794,0.17874839857832794,0.17874839857832794,0.9,1.125,21.6,27.0,22.22222222222222,77.77777777777779,18.882829961732277,109.11392922459021,2,4.5,2,7,1,3,22.22222222222222,2.3333333333333335,100.0,15.778412218456161,6.452706329635389,9.325705888820771,13.65077493259675,15.859378847174861,10.762565920765514,28.00310111189566,24.413340853362264,43.86247995907052,17.48209636978052,4,44.44444444444444,,
20250516_155626,aca,129,,,,,,,,,,,2,1,13.4,20.9,39,600,60,80,"(6.0, 6.0)",0.71,3.0,0.26666666666666666,False,129,0.01,"{'type': 'hourly', 'hourly_rates': {0: 1.59, 1: 4.38, 2: 2.38, 3: 1.15, 4: 0.84, 5: 0.76, 6: 1.0, 7: 2.25, 8: 2.86, 9: 1.94, 10: 1.23, 11: 0.85, 12: 0.55, 13: 0.37, 14: 0.21, 15: 0.13, 16: 0.08, 17: 0.05, 18: 0.04, 19: 0.04, 20: 0.12, 21: 0.24, 22: 0.41, 23: 0.53}}",False,15,0,0,5,4.0,13,,,21,14,597.8805079971744,-597.8805079971743,13,139.18581004400068,45.99080830747495,2856.4632713815436,0,0.06155755698990668,0.06155755698990668,0.06155755698990668,1.4,1.75,33.599999999999994,42.0,7.142857142857142,92.85714285714286,45.99080830747495,204.0330908129674,2,7.0,5,9,0,11,64.28571428571429,2.3636363636363638,100.0,25.444029621020306,18.169206063123102,7.274823557897204,11.135368081033192,15.84045655578268,21.705350267735366,67.80531336954854,32.84071834876856,79.18501469505026,3.8656357943095827,2,14.285714285714285,,
20250516_155626,aca,130,,,,,,,,,,,2,1,13.4,20.9,39,600,60,80,"(6.0, 6.0)",0.71,3.0,0.26666666666666666,False,130,0.01,"{'type': 'hourly', 'hourly_rates': {0: 1.59, 1: 4.38, 2: 2.38, 3: 1.15, 4: 0.84, 5: 0.76, 6: 1.0, 7: 2.25, 8: 2.86, 9: 1.94, 10: 1.23, 11: 0.85, 12: 0.55, 13: 0.37, 14: 0.21, 15: 0.13, 16: 0.08, 17: 0.05, 18: 0.04, 19: 0.04, 20: 0.12, 21: 0.24, 22: 0.41, 23: 0.53}}",False,15,0,0,5,4.0,13,,,10,9,38.253175874160824,-38.253175874160824,4,15.668478268964577,9.563293968540206,1414.4823204144966,0,0.4746984971453383,0.4746984971453383,0.4746984971453383,0.9,1.125,21.6,27.0,55.55555555555556,44.44444444444444,9.563293968540206,157.1647022682774,2,4.5,3,6,0,1,11.11111111111111,2.0,100.0,6.572535766795227,3.9600800134206997,2.612455753374527,11.953655362136244,18.005053404527246,7.85992010646757,25.665964625365213,19.813575468603815,35.23475932473769,8.48972286481587,2,22.22222222222222,,
20250516_155627,aca,131,,,,,,,,,,,2,1,13.4,20.9,39,600,60,80,"(6.0, 6.0)",0.71,3.0,0.26666666666666666,False,131,0.01,"{'type': 'hourly', 'hourly_rates': {0: 1.59, 1: 4.38, 2: 2.38, 3: 1.15, 4: 0.84, 5: 0.76, 6: 1.0, 7: 2.25, 8: 2.86, 9: 1.94, 10: 1.23, 11: 0.85, 12: 0.55, 13: 0.37, 14: 0.21, 15: 0.13, 16: 0.08, 17: 0.05, 18: 0.04, 19: 0.04, 20: 0.12, 21: 0.24, 22: 0.41, 23: 0.53}}",False,15,0,0,5,4.0,13,,,10,10,89.59382636584293,-89.59382636584293,5,35.308099971248,17.918765273168585,926.8328091708602,0,0.40077306488580816,0.40077306488580816,0.40077306488580816,1.0,1.25,24.0,30.0,50.0,50.0,17.918765273168585,92.68328091708602,2,5.0,4,6,1,0,0,0,0,0,0,0,12.594064943371084,24.956741635610058,13.87977216752661,34.544530527230535,26.473837110897694,57.308099971248,16.9179336524304,3,30.0,,
20250516_155627,aca,132,,,,,,,,,,,2,1,13.4,20.9,39,600,60,80,"(6.0, 6.0)",0.71,3.0,0.26666666666666666,False,132,0.01,"{'type': 'hourly', 'hourly_rates': {0: 1.59, 1: 4.38, 2: 2.38, 3: 1.15, 4: 0.84, 5: 0.76, 6: 1.0, 7: 2.25, 8: 2.86, 9: 1.94, 10: 1.23, 11: 0.85, 12: 0.55, 13: 0.37, 14: 0.21, 15: 0.13, 16: 0.08, 17: 0.05, 18: 0.04, 19: 0.04, 20: 0.12, 21: 0.24, 22: 0.41, 23: 0.53}}",False,15,0,0,5,4.0,13,,,14,11,78.02512939116703,-78.02512939116703,7,25.606663509914796,11.146447055881003,902.6982119312775,0,0.2970646444551052,0.2970646444551052,0.2970646444551052,1.1,1.375,26.400000000000002,33.0,36.36363636363637,63.63636363636363,11.146447055881003,82.06347381193432,2,5.5,4,7,0,3,18.181818181818183,2.3333333333333335,100.0,6.733072662041906,5.75894643935548,0.9741262226864258,12.061159439823928,19.599439437829673,11.85695995904012,45.172771200334495,23.91811939886405,53.606663509914796,27.61461553403504,3,27.27272727272727,,
20250516_155628,aca,133,,,,,,,,,,,2,1,13.4,20.9,39,600,60,80,"(6.0, 6.0)",0.71,3.0,0.26666666666666666,False,133,0.01,"{'type': 'hourly', 'hourly_rates': {0: 1.59, 1: 4.38, 2: 2.38, 3: 1.15, 4: 0.84, 5: 0.76, 6: 1.0, 7: 2.25, 8: 2.86, 9: 1.94, 10: 1.23, 11: 0.85, 12: 0.55, 13: 0.37, 14: 0.21, 15: 0.13, 16: 0.08, 17: 0.05, 18: 0.04, 19: 0.04, 20: 0.12, 21: 0.24, 22: 0.41, 23: 0.53}}",False,15,0,0,5,4.0,13,,,9,9,7.415244453034063,-7.415244453034063,1,7.415244453034063,7.415244453034063,909.074000079295,0,0.450951657565079,0.450951657565079,0.450951657565079,0.9,1.125,21.6,27.0,88.88888888888889,11.11111111111111,7.415244453034063,101.00822223103279,2,4.5,3,6,1,0,0,0,0,0,0,0,10.26976715094803,18.31894389419574,4.678951732146008,15.376349929308216,14.948718883094038,28.415244453034063,7.6485345722589795,4,44.44444444444444,,
20250516_155628,aca,134,,,,,,,,,,,2,1,13.4,20.9,39,600,60,80,"(6.0, 6.0)",0.71,3.0,0.26666666666666666,False,134,0.01,"{'type': 'hourly', 'hourly_rates': {0: 1.59, 1: 4.38, 2: 2.38, 3: 1.15, 4: 0.84, 5: 0.76, 6: 1.0, 7: 2.25, 8: 2.86, 9: 1.94, 10: 1.23, 11: 0.85, 12: 0.55, 13: 0.37, 14: 0.21, 15: 0.13, 16: 0.08, 17: 0.05, 18: 0.04, 19: 0.04, 20: 0.12, 21: 0.24, 22: 0.41, 23: 0.53}}",False,15,0,0,5,4.0,13,,,10,8,118.43059390812823,-118.43059390812823,6,39.51541617147066,19.73843231802137,1276.2524787350153,0,0.4126594249879684,0.4126594249879684,0.4126594249879684,0.8,1.0,19.200000000000003,24.0,25.0,75.0,19.73843231802137,159.5315598418769,2,4.0,2,6,1,4,37.5,2.25,100.0,20.714219468930793,1.300195154446476,19.414024314484315,15.382288582404072,19.85159101905981,6.465415557037106,32.346632031853574,21.847704139441177,42.67545564387089,30.015743166861526,3,37.5,,
20250516_155628,aca,135,,,,,,,,,,,2,1,13.4,20.9,39,600,60,80,"(6.0, 6.0)",0.71,3.0,0.26666666666666666,False,135,0.01,"{'type': 'hourly', 'hourly_rates': {0: 1.59, 1: 4.38, 2: 2.38, 3: 1.15, 4: 0.84, 5: 0.76, 6: 1.0, 7: 2.25, 8: 2.86, 9: 1.94, 10: 1.23, 11: 0.85, 12: 0.55, 13: 0.37, 14: 0.21, 15: 0.13, 16: 0.08, 17: 0.05, 18: 0.04, 19: 0.04, 20: 0.12, 21: 0.24, 22: 0.41, 23: 0.53}}",False,15,0,0,5,4.0,13,,,8,8,29.57359824985889,-29.57359824985889,3,15.86152282087727,9.857866083286297,728.9882905674111,0,0.5179271639847749,0.5179271639847749,0.5179271639847749,0.8,1.0,19.200000000000003,24.0,62.5,37.5,9.857866083286297,91.12353632092639,2,4.0,3,5,1,0,0,0,0,0,0,0,11.950432706256292,18.950710955882883,9.17364448144761,28.391580932647898,21.124077187703904,43.861522820877255,8.724834565140739,2,25.0,,
20250516_155629,aca,136,,,,,,,,,,,2,1,13.4,20.9,39,600,60,80,"(6.0, 6.0)",0.71,3.0,0.26666666666666666,False,136,0.01,"{'type': 'hourly', 'hourly_rates': {0: 1.59, 1: 4.38, 2: 2.38, 3: 1.15, 4: 0.84, 5: 0.76, 6: 1.0, 7: 2.25, 8: 2.86, 9: 1.94, 10: 1.23, 11: 0.85, 12: 0.55, 13: 0.37, 14: 0.21, 15: 0.13, 16: 0.08, 17: 0.05, 18: 0.04, 19: 0.04, 20: 0.12, 21: 0.24, 22: 0.41, 23: 0.53}}",False,15,0,0,5,4.0,13,,,13,9,309.9993341096007,-309.9993341096007,9,68.49150681712082,34.444370456622295,1142.6630851960072,0,0.1944741540217805,0.1944741540217805,0.1944741540217805,0.9,1.125,21.6,27.0,0.0,100.0,34.444370456622295,126.96256502177857,2,4.5,4,5,1,4,22.22222222222222,2.5,100.0,45.27665084578103,7.1901221787456056,38.086528667035424,12.186574880481318,15.893028832536942,18.762438477450516,65.39412476862447,30.94901335793184,80.49150681712082,17.688915573534956,2,22.22222222222222,,
20250516_155629,aca,137,,,,,,,,,,,2,1,13.4,20.9,39,600,60,80,"(6.0, 6.0)",0.71,3.0,0.26666666666666666,False,137,0.01,"{'type': 'hourly', 'hourly_rates': {0: 1.59, 1: 4.38, 2: 2.38, 3: 1.15, 4: 0.84, 5: 0.76, 6: 1.0, 7: 2.25, 8: 2.86, 9: 1.94, 10: 1.23, 11: 0.85, 12: 0.55, 13: 0.37, 14: 0.21, 15: 0.13, 16: 0.08, 17: 0.05, 18: 0.04, 19: 0.04, 20: 0.12, 21: 0.24, 22: 0.41, 23: 0.53}}",False,15,0,0,5,4.0,13,,,12,12,45.363155826054054,-45.363155826054054,4,25.164559315903915,11.340788956513514,1127.4246559837695,0,0.2335571741772056,0.2335571741772056,0.2335571741772056,1.2,1.5,28.799999999999997,36.0,66.66666666666666,33.33333333333333,11.340788956513514,93.95205466531412,2,6.0,5,7,1,0,0,0,0,0,0,0,16.96581856258329,24.20371145832968,7.249662900694601,42.02753573086054,24.215481463277893,53.16455931590392,79.16477730861288,8,66.66666666666666,,
20250516_155629,aca,138,,,,,,,,,,,2,1,13.4,20.9,39,600,60,80,"(6.0, 6.0)",0.71,3.0,0.26666666666666666,False,138,0.01,"{'type': 'hourly', 'hourly_rates': {0: 1.59, 1: 4.38, 2: 2.38, 3: 1.15, 4: 0.84, 5: 0.76, 6: 1.0, 7: 2.25, 8: 2.86, 9: 1.94, 10: 1.23, 11: 0.85, 12: 0.55, 13: 0.37, 14: 0.21, 15: 0.13, 16: 0.08, 17: 0.05, 18: 0.04, 19: 0.04, 20: 0.12, 21: 0.24, 22: 0.41, 23: 0.53}}",False,15,0,0,5,4.0,13,,,6,6,99.34029978748833,-99.34029978748833,2,54.08806978609502,49.67014989374417,806.986150775097,0,0.5629018305152852,0.5629018305152852,0.5629018305152852,0.6,0.75,14.399999999999999,18.0,66.66666666666666,33.33333333333333,49.67014989374417,134.4976917958495,2,3.0,2,4,1,1,33.33333333333333,2.0,100.0,27.04403489304751,11.313057500348329,15.730977392699181,12.208484713264715,18.0194892321295,22.675157648169304,61.11370259442924,34.88364236143402,69.25223000139331,15.078319621374142,2,33.33333333333333,,
20250516_155630,aca,139,,,,,,,,,,,2,1,13.4,20.9,39,600,60,80,"(6.0, 6.0)",0.71,3.0,0.26666666666666666,False,139,0.01,"{'type': 'hourly', 'hourly_rates': {0: 1.59, 1: 4.38, 2: 2.38, 3: 1.15, 4: 0.84, 5: 0.76, 6: 1.0, 7: 2.25, 8: 2.86, 9: 1.94, 10: 1.23, 11: 0.85, 12: 0.55, 13: 0.37, 14: 0.21, 15: 0.13, 16: 0.08, 17: 0.05, 18: 0.04, 19: 0.04, 20: 0.12, 21: 0.24, 22: 0.41, 23: 0.53}}",False,15,0,0,5,4.0,13,,,12,10,121.35601461757551,-121.35601461757551,7,50.43551333147184,17.336573516796502,1385.484196307862,0,0.5256724656577704,0.5256724656577704,0.5256724656577704,1.0,1.25,24.0,30.0,30.0,70.0,17.336573516796502,138.5484196307862,2,5.0,5,5,1,2,20.0,2.0,100.0,10.399991395603081,12.290369147882085,-1.8903777522790044,12.999211772105577,22.217831691052993,15.879335193763893,45.60359178195901,28.878546965869468,59.43551333147184,23.853572512476724,3,30.0,,
20250516_155630,aca,140,,,,,,,,,,,2,1,13.4,20.9,39,600,60,80,"(6.0, 6.0)",0.71,3.0,0.26666666666666666,False,140,0.01,"{'type': 'hourly', 'hourly_rates': {0: 1.59, 1: 4.38, 2: 2.38, 3: 1.15, 4: 0.84, 5: 0.76, 6: 1.0, 7: 2.25, 8: 2.86, 9: 1.94, 10: 1.23, 11: 0.85, 12: 0.55, 13: 0.37, 14: 0.21, 15: 0.13, 16: 0.08, 17: 0.05, 18: 0.04, 19: 0.04, 20: 0.12, 21: 0.24, 22: 0.41, 23: 0.53}}",False,15,0,0,5,4.0,13,,,8,8,10.451204291551875,-10.451204291551875,2,7.2449096122730055,5.225602145775937,870.4440731149439,0,0.4601238711867283,0.4601238711867283,0.4601238711867283,0.8,1.0,19.200000000000003,24.0,75.0,25.0,5.225602145775937,108.80550913936798,2,4.0,4,4,1,0,0,0,0,0,0,0,13.256312792706098,22.275239618839464,7.412400241521216,16.08356039657184,20.668713034227313,29.20629467927887,10.80276413992425,1,12.5,,
20250516_155630,aca,141,,,,,,,,,,,2,1,13.4,20.9,39,600,60,80,"(6.0, 6.0)",0.71,3.0,0.26666666666666666,False,141,0.01,"{'type': 'hourly', 'hourly_rates': {0: 1.59, 1: 4.38, 2: 2.38, 3: 1.15, 4: 0.84, 5: 0.76, 6: 1.0, 7: 2.25, 8: 2.86, 9: 1.94, 10: 1.23, 11: 0.85, 12: 0.55, 13: 0.37, 14: 0.21, 15: 0.13, 16: 0.08, 17: 0.05, 18: 0.04, 19: 0.04, 20: 0.12, 21: 0.24, 22: 0.41, 23: 0.53}}",False,15,0,0,5,4.0,13,,,15,14,76.10530125979413,-76.10530125979413,6,25.76554790753471,12.684216876632355,1158.5876298140072,0,0.20546440634808197,0.20546440634808197,0.20546440634808197,1.4,1.75,33.599999999999994,42.0,57.14285714285714,42.857142857142854,12.684216876632355,82.75625927242909,2,7.0,6,8,1,1,7.142857142857142,2.0,100.0,8.497668596893078,4.5827692315463935,3.9148993653466846,13.442917343817586,20.99156765486623,9.43172350925194,32.95161270774872,22.87464085306953,48.13701891521788,13.57979962375472,5,35.714285714285715,,
20250516_155631,rl_aca,42,,,,,,,,,,,2,1,13.4,20.9,39,600,60,80,"(6.0, 6.0)",0.71,3.0,0.26666666666666666,False,42,0.01,"{'type': 'hourly', 'hourly_rates': {0: 1.59, 1: 4.38, 2: 2.38, 3: 1.15, 4: 0.84, 5: 0.76, 6: 1.0, 7: 2.25, 8: 2.86, 9: 1.94, 10: 1.23, 11: 0.85, 12: 0.55, 13: 0.37, 14: 0.21, 15: 0.13, 16: 0.08, 17: 0.05, 18: 0.04, 19: 0.04, 20: 0.12, 21: 0.24, 22: 0.41, 23: 0.53}}",False,15,3,10,3,2.0,13,,,11,11,39.642693041767785,-39.642693041767785,3,24.94018548847771,13.214231013922594,700.6507972446076,0,0.5125971922350657,0.5125971922350657,0.5125971922350657,1.1,1.375,26.400000000000002,33.0,72.72727272727273,27.27272727272727,13.214231013922594,63.69552702223705,2,5.5,5,6,1,0,0,0,0,0,0,0,12.86671866578355,21.33402659090094,8.406778328628365,39.56899433942601,21.273496994411918,49.94018548847771,30.70743463193318,7,63.63636363636363,,
20250516_155631,rl_aca,43,,,,,,,,,,,2,1,13.4,20.9,39,600,60,80,"(6.0, 6.0)",0.71,3.0,0.26666666666666666,False,43,0.01,"{'type': 'hourly', 'hourly_rates': {0: 1.59, 1: 4.38, 2: 2.38, 3: 1.15, 4: 0.84, 5: 0.76, 6: 1.0, 7: 2.25, 8: 2.86, 9: 1.94, 10: 1.23, 11: 0.85, 12: 0.55, 13: 0.37, 14: 0.21, 15: 0.13, 16: 0.08, 17: 0.05, 18: 0.04, 19: 0.04, 20: 0.12, 21: 0.24, 22: 0.41, 23: 0.53}}",False,15,3,10,3,2.0,13,,,8,8,12.520618450436395,-12.520618450436395,2,10.152806915903547,6.260309225218197,687.7044236144242,0,0.4178327208858847,0.4178327208858847,0.4178327208858847,0.8,1.0,19.200000000000003,24.0,75.0,25.0,6.260309225218197,85.96305295180302,2,4.0,3,5,0,0,0,0,0,0,0,0,14.582244712669356,24.154144049648437,3.673486570609028,25.930579552337516,18.255731283278383,35.15280691590355,36.0770220098328,6,75.0,,
20250516_155632,rl_aca,44,,,,,,,,,,,2,1,13.4,20.9,39,600,60,80,"(6.0, 6.0)",0.71,3.0,0.26666666666666666,False,44,0.01,"{'type': 'hourly', 'hourly_rates': {0: 1.59, 1: 4.38, 2: 2.38, 3: 1.15, 4: 0.84, 5: 0.76, 6: 1.0, 7: 2.25, 8: 2.86, 9: 1.94, 10: 1.23, 11: 0.85, 12: 0.55, 13: 0.37, 14: 0.21, 15: 0.13, 16: 0.08, 17: 0.05, 18: 0.04, 19: 0.04, 20: 0.12, 21: 0.24, 22: 0.41, 23: 0.53}}",False,15,3,10,3,2.0,13,,,13,11,336.87566183081327,-336.87566183081327,7,77.11672119838994,48.12509454725904,1123.6692603459176,8,0.23202149926718116,0.23202149926718116,0.23202149926718116,1.1,1.375,26.400000000000002,33.0,36.36363636363637,63.63636363636363,48.12509454725904,102.15175094053797,2,5.5,3,8,1,2,18.181818181818183,2.0,100.0,71.51475703042091,8.08778981554304,63.42696721487787,13.7700046843959,23.13672698726552,21.75221318864249,69.16756849454339,35.522217873038386,81.11672119838994,38.82699337798053,4,36.36363636363637,,
20250516_155632,rl_aca,45,,,,,,,,,,,2,1,13.4,20.9,39,600,60,80,"(6.0, 6.0)",0.71,3.0,0.26666666666666666,False,45,0.01,"{'type': 'hourly', 'hourly_rates': {0: 1.59, 1: 4.38, 2: 2.38, 3: 1.15, 4: 0.84, 5: 0.76, 6: 1.0, 7: 2.25, 8: 2.86, 9: 1.94, 10: 1.23, 11: 0.85, 12: 0.55, 13: 0.37, 14: 0.21, 15: 0.13, 16: 0.08, 17: 0.05, 18: 0.04, 19: 0.04, 20: 0.12, 21: 0.24, 22: 0.41, 23: 0.53}}",False,15,3,10,3,2.0,13,,,19,10,625.6026756076064,-625.6026756076064,16,137.29786885547514,39.1001672254754,1832.767166867284,19,0.30309722523972105,0.30309722523972105,0.30309722523972105,1.0,1.25,24.0,30.0,-60.0,160.0,39.1001672254754,183.2767166867284,2,5.0,5,5,0,8,70.0,2.125,100.0,21.05355087141408,77.23934078342204,-56.185789912007955,12.637853717724036,25.81215418832207,35.17133745665105,150.95705577239377,47.80919117437509,158.29786885547514,0.4807156334756826,1,10.0,,
20250516_155632,rl_aca,46,,,,,,,,,,,2,1,13.4,20.9,39,600,60,80,"(6.0, 6.0)",0.71,3.0,0.26666666666666666,False,46,0.01,"{'type': 'hourly', 'hourly_rates': {0: 1.59, 1: 4.38, 2: 2.38, 3: 1.15, 4: 0.84, 5: 0.76, 6: 1.0, 7: 2.25, 8: 2.86, 9: 1.94, 10: 1.23, 11: 0.85, 12: 0.55, 13: 0.37, 14: 0.21, 15: 0.13, 16: 0.08, 17: 0.05, 18: 0.04, 19: 0.04, 20: 0.12, 21: 0.24, 22: 0.41, 23: 0.53}}",False,15,3,10,3,2.0,13,,,12,11,24.373218264282343,-24.373218264282343,4,20.647761740605887,6.093304566070586,1094.948636737366,6,0.30782295852970837,0.30782295852970837,0.30782295852970837,1.1,1.375,26.400000000000002,33.0,63.63636363636363,36.36363636363637,6.093304566070586,99.54078515794237,2,5.5,5,6,1,1,9.090909090909092,2.0,100.0,0.0,2.07429145770125,-2.07429145770125,14.322967391676395,21.61474449333633,6.216859569517497,30.402094903094167,20.539826961193896,51.64776174060589,35.30694131975625,5,45.45454545454545,,
20250516_155633,rl_aca,47,,,,,,,,,,,2,1,13.4,20.9,39,600,60,80,"(6.0, 6.0)",0.71,3.0,0.26666666666666666,False,47,0.01,"{'type': 'hourly', 'hourly_rates': {0: 1.59, 1: 4.38, 2: 2.38, 3: 1.15, 4: 0.84, 5: 0.76, 6: 1.0, 7: 2.25, 8: 2.86, 9: 1.94, 10: 1.23, 11: 0.85, 12: 0.55, 13: 0.37, 14: 0.21, 15: 0.13, 16: 0.08, 17: 0.05, 18: 0.04, 19: 0.04, 20: 0.12, 21: 0.24, 22: 0.41, 23: 0.53}}",False,15,3,10,3,2.0,13,,,10,8,114.23092054101376,-114.23092054101376,7,32.86910029621299,16.318702934430537,867.091420255193,0,0.4029180560000885,0.4029180560000885,0.4029180560000885,0.8,1.0,19.200000000000003,24.0,12.5,87.5,16.318702934430537,108.38642753189913,2,4.0,4,4,1,1,12.5,3.0,100.0,31.371370806730226,5.374412742837042,25.996958063893185,13.44885909528555,19.664688961149693,13.129578681441801,41.37903943305281,26.578437776727352,59.86910029621299,22.535202327008342,4,50.0,,
20250516_155633,rl_aca,48,,,,,,,,,,,2,1,13.4,20.9,39,600,60,80,"(6.0, 6.0)",0.71,3.0,0.26666666666666666,False,48,0.01,"{'type': 'hourly', 'hourly_rates': {0: 1.59, 1: 4.38, 2: 2.38, 3: 1.15, 4: 0.84, 5: 0.76, 6: 1.0, 7: 2.25, 8: 2.86, 9: 1.94, 10: 1.23, 11: 0.85, 12: 0.55, 13: 0.37, 14: 0.21, 15: 0.13, 16: 0.08, 17: 0.05, 18: 0.04, 19: 0.04, 20: 0.12, 21: 0.24, 22: 0.41, 23: 0.53}}",False,15,3,10,3,2.0,13,,,13,12,91.29952818761215,-91.29952818761215,8,28.711213806269072,11.41244102345152,1573.5931051959294,13,0.238064688157261,0.238064688157261,0.238064688157261,1.2,1.5,28.799999999999997,36.0,33.33333333333333,66.66666666666666,11.41244102345152,131.13275876632744,2,6.0,5,7,1,1,8.333333333333332,2.0,100.0,12.426109215231946,5.434368194887927,6.991741020344019,14.44779020528375,26.355292018407994,10.142764203202308,31.428689795767667,24.590554408486057,47.71121380626907,7.830887756084337,2,16.666666666666664,,
20250516_155634,rl_aca,49,,,,,,,,,,,2,1,13.4,20.9,39,600,60,80,"(6.0, 6.0)",0.71,3.0,0.26666666666666666,False,49,0.01,"{'type': 'hourly', 'hourly_rates': {0: 1.59, 1: 4.38, 2: 2.38, 3: 1.15, 4: 0.84, 5: 0.76, 6: 1.0, 7: 2.25, 8: 2.86, 9: 1.94, 10: 1.23, 11: 0.85, 12: 0.55, 13: 0.37, 14: 0.21, 15: 0.13, 16: 0.08, 17: 0.05, 18: 0.04, 19: 0.04, 20: 0.12, 21: 0.24, 22: 0.41, 23: 0.53}}",False,15,3,10,3,2.0,13,,,12,0,0,0,0,0,0,0,12,1.0,1.0,1.0,0.0,0.0,0.0,0.0,0,0,0,0,0,0,0,0,,0,0,0,0,0,0,0,0,0.0,0,0.0,0,0.0,0.0,0,0,,
20250516_155634,rl_aca,50,,,,,,,,,,,2,1,13.4,20.9,39,600,60,80,"(6.0, 6.0)",0.71,3.0,0.26666666666666666,False,50,0.01,"{'type': 'hourly', 'hourly_rates': {0: 1.59, 1: 4.38, 2: 2.38, 3: 1.15, 4: 0.84, 5: 0.76, 6: 1.0, 7: 2.25, 8: 2.86, 9: 1.94, 10: 1.23, 11: 0.85, 12: 0.55, 13: 0.37, 14: 0.21, 15: 0.13, 16: 0.08, 17: 0.05, 18: 0.04, 19: 0.04, 20: 0.12, 21: 0.24, 22: 0.41, 23: 0.53}}",False,15,3,10,3,2.0,13,,,5,0,0,0,0,0,0,0,5,1.0,1.0,1.0,0.0,0.0,0.0,0.0,0,0,0,0,0,0,0,0,,0,0,0,0,0,0,0,0,0.0,0,0.0,0,0.0,0.0,0,0,,
20250516_155634,rl_aca,51,,,,,,,,,,,2,1,13.4,20.9,39,600,60,80,"(6.0, 6.0)",0.71,3.0,0.26666666666666666,False,51,0.01,"{'type': 'hourly', 'hourly_rates': {0: 1.59, 1: 4.38, 2: 2.38, 3: 1.15, 4: 0.84, 5: 0.76, 6: 1.0, 7: 2.25, 8: 2.86, 9: 1.94, 10: 1.23, 11: 0.85, 12: 0.55, 13: 0.37, 14: 0.21, 15: 0.13, 16: 0.08, 17: 0.05, 18: 0.04, 19: 0.04, 20: 0.12, 21: 0.24, 22: 0.41, 23: 0.53}}",False,15,3,10,3,2.0,13,,,9,0,0,0,0,0,0,0,9,1.0,1.0,1.0,0.0,0.0,0.0,0.0,0,0,0,0,0,0,0,0,,0,0,0,0,0,0,0,0,0.0,0,0.0,0,0.0,0.0,0,0,,
20250516_155635,rl_aca,52,,,,,,,,,,,2,1,13.4,20.9,39,600,60,80,"(6.0, 6.0)",0.71,3.0,0.26666666666666666,False,52,0.01,"{'type': 'hourly', 'hourly_rates': {0: 1.59, 1: 4.38, 2: 2.38, 3: 1.15, 4: 0.84, 5: 0.76, 6: 1.0, 7: 2.25, 8: 2.86, 9: 1.94, 10: 1.23, 11: 0.85, 12: 0.55, 13: 0.37, 14: 0.21, 15: 0.13, 16: 0.08, 17: 0.05, 18: 0.04, 19: 0.04, 20: 0.12, 21: 0.24, 22: 0.41, 23: 0.53}}",False,15,3,10,3,2.0,13,,,7,0,0,0,0,0,0,0,7,1.0,1.0,1.0,0.0,0.0,0.0,0.0,0,0,0,0,0,0,0,0,,0,0,0,0,0,0,0,0,0.0,0,0.0,0,0.0,0.0,0,0,,
20250516_155635,rl_aca,53,,,,,,,,,,,2,1,13.4,20.9,39,600,60,80,"(6.0, 6.0)",0.71,3.0,0.26666666666666666,False,53,0.01,"{'type': 'hourly', 'hourly_rates': {0: 1.59, 1: 4.38, 2: 2.38, 3: 1.15, 4: 0.84, 5: 0.76, 6: 1.0, 7: 2.25, 8: 2.86, 9: 1.94, 10: 1.23, 11: 0.85, 12: 0.55, 13: 0.37, 14: 0.21, 15: 0.13, 16: 0.08, 17: 0.05, 18: 0.04, 19: 0.04, 20: 0.12, 21: 0.24, 22: 0.41, 23: 0.53}}",False,15,3,10,3,2.0,13,,,14,0,0,0,0,0,0,0,14,1.0,1.0,1.0,0.0,0.0,0.0,0.0,0,0,0,0,0,0,0,0,,0,0,0,0,0,0,0,0,0.0,0,0.0,0,0.0,0.0,0,0,,
20250516_155635,rl_aca,54,,,,,,,,,,,2,1,13.4,20.9,39,600,60,80,"(6.0, 6.0)",0.71,3.0,0.26666666666666666,False,54,0.01,"{'type': 'hourly', 'hourly_rates': {0: 1.59, 1: 4.38, 2: 2.38, 3: 1.15, 4: 0.84, 5: 0.76, 6: 1.0, 7: 2.25, 8: 2.86, 9: 1.94, 10: 1.23, 11: 0.85, 12: 0.55, 13: 0.37, 14: 0.21, 15: 0.13, 16: 0.08, 17: 0.05, 18: 0.04, 19: 0.04, 20: 0.12, 21: 0.24, 22: 0.41, 23: 0.53}}",False,15,3,10,3,2.0,13,,,9,0,0,0,0,0,0,0,9,1.0,1.0,1.0,0.0,0.0,0.0,0.0,0,0,0,0,0,0,0,0,,0,0,0,0,0,0,0,0,0.0,0,0.0,0,0.0,0.0,0,0,,
20250516_155636,rl_aca,55,,,,,,,,,,,2,1,13.4,20.9,39,600,60,80,"(6.0, 6.0)",0.71,3.0,0.26666666666666666,False,55,0.01,"{'type': 'hourly', 'hourly_rates': {0: 1.59, 1: 4.38, 2: 2.38, 3: 1.15, 4: 0.84, 5: 0.76, 6: 1.0, 7: 2.25, 8: 2.86, 9: 1.94, 10: 1.23, 11: 0.85, 12: 0.55, 13: 0.37, 14: 0.21, 15: 0.13, 16: 0.08, 17: 0.05, 18: 0.04, 19: 0.04, 20: 0.12, 21: 0.24, 22: 0.41, 23: 0.53}}",False,15,3,10,3,2.0,13,,,11,11,187.81535845823234,-187.81535845823234,7,49.87418826053346,26.83076549403319,2087.145341356481,0,0.06978777633075103,0.06978777633075103,0.06978777633075103,1.1,1.375,26.400000000000002,33.0,36.36363636363637,63.63636363636363,26.83076549403319,189.7404855778619,2,5.5,5,6,1,1,18.181818181818183,2.0,100.0,0.0,20.868373162025815,-20.868373162025815,13.228654269974276,21.88595859026904,21.480844445232265,54.47828273489358,34.70949871520654,70.87418826053346,2.5211042269400536,1,9.090909090909092,,
20250516_155636,rl_aca,56,,,,,,,,,,,2,1,13.4,20.9,39,600,60,80,"(6.0, 6.0)",0.71,3.0,0.26666666666666666,False,56,0.01,"{'type': 'hourly', 'hourly_rates': {0: 1.59, 1: 4.38, 2: 2.38, 3: 1.15, 4: 0.84, 5: 0.76, 6: 1.0, 7: 2.25, 8: 2.86, 9: 1.94, 10: 1.23, 11: 0.85, 12: 0.55, 13: 0.37, 14: 0.21, 15: 0.13, 16: 0.08, 17: 0.05, 18: 0.04, 19: 0.04, 20: 0.12, 21: 0.24, 22: 0.41, 23: 0.53}}",False,15,3,10,3,2.0,13,,,10,6,210.47738212136136,-210.47738212136136,7,90.13072417475408,30.068197445908766,825.9267941728765,0,0.4291657746716042,0.4291657746716042,0.4291657746716042,0.6,0.75,14.399999999999999,18.0,-16.666666666666664,116.66666666666667,30.068197445908766,137.65446569547942,2,3.0,2,4,0,4,50.0,2.25,100.0,29.04449747862098,0.0,29.04449747862098,15.534348630915703,17.904820851693955,8.663487979121829,26.640319038881017,24.19783661003753,43.7720915123968,15.136636921503907,2,33.33333333333333,,
20250516_155637,rl_aca,57,,,,,,,,,,,2,1,13.4,20.9,39,600,60,80,"(6.0, 6.0)",0.71,3.0,0.26666666666666666,False,57,0.01,"{'type': 'hourly', 'hourly_rates': {0: 1.59, 1: 4.38, 2: 2.38, 3: 1.15, 4: 0.84, 5: 0.76, 6: 1.0, 7: 2.25, 8: 2.86, 9: 1.94, 10: 1.23, 11: 0.85, 12: 0.55, 13: 0.37, 14: 0.21, 15: 0.13, 16: 0.08, 17: 0.05, 18: 0.04, 19: 0.04, 20: 0.12, 21: 0.24, 22: 0.41, 23: 0.53}}",False,15,3,10,3,2.0,13,,,12,0,0,0,0,0,0,0,12,1.0,1.0,1.0,0.0,0.0,0.0,0.0,0,0,0,0,0,0,0,0,,0,0,0,0,0,0,0,0,0.0,0,0.0,0,0.0,0.0,0,0,,
20250516_155637,rl_aca,58,,,,,,,,,,,2,1,13.4,20.9,39,600,60,80,"(6.0, 6.0)",0.71,3.0,0.26666666666666666,False,58,0.01,"{'type': 'hourly', 'hourly_rates': {0: 1.59, 1: 4.38, 2: 2.38, 3: 1.15, 4: 0.84, 5: 0.76, 6: 1.0, 7: 2.25, 8: 2.86, 9: 1.94, 10: 1.23, 11: 0.85, 12: 0.55, 13: 0.37, 14: 0.21, 15: 0.13, 16: 0.08, 17: 0.05, 18: 0.04, 19: 0.04, 20: 0.12, 21: 0.24, 22: 0.41, 23: 0.53}}",False,15,3,10,3,2.0,13,,,15,13,180.84537437294597,-180.84537437294597,6,54.409623076099024,30.14089572882433,1468.5884375643266,0,0.5559089306479402,0.5559089306479402,0.5559089306479402,1.3,1.625,31.200000000000003,39.0,53.84615384615385,46.15384615384615,30.14089572882433,112.96834135110204,2,6.5,6,7,0,3,30.76923076923077,2.0,100.0,20.91906793477449,3.142865334226662,17.776202600547826,10.14835990045416,14.602652880719859,11.409798994594901,35.85574572949935,21.558158895049058,49.409623076099024,7.629531651831705,3,23.076923076923077,,
20250516_155638,rl_aca,59,,,,,,,,,,,2,1,13.4,20.9,39,600,60,80,"(6.0, 6.0)",0.71,3.0,0.26666666666666666,False,59,0.01,"{'type': 'hourly', 'hourly_rates': {0: 1.59, 1: 4.38, 2: 2.38, 3: 1.15, 4: 0.84, 5: 0.76, 6: 1.0, 7: 2.25, 8: 2.86, 9: 1.94, 10: 1.23, 11: 0.85, 12: 0.55, 13: 0.37, 14: 0.21, 15: 0.13, 16: 0.08, 17: 0.05, 18: 0.04, 19: 0.04, 20: 0.12, 21: 0.24, 22: 0.41, 23: 0.53}}",False,15,3,10,3,2.0,13,,,17,0,0,0,0,0,0,0,17,1.0,1.0,1.0,0.0,0.0,0.0,0.0,0,0,0,0,0,0,0,0,,0,0,0,0,0,0,0,0,0.0,0,0.0,0,0.0,0.0,0,0,,
20250516_155638,rl_aca,60,,,,,,,,,,,2,1,13.4,20.9,39,600,60,80,"(6.0, 6.0)",0.71,3.0,0.26666666666666666,False,60,0.01,"{'type': 'hourly', 'hourly_rates': {0: 1.59, 1: 4.38, 2: 2.38, 3: 1.15, 4: 0.84, 5: 0.76, 6: 1.0, 7: 2.25, 8: 2.86, 9: 1.94, 10: 1.23, 11: 0.85, 12: 0.55, 13: 0.37, 14: 0.21, 15: 0.13, 16: 0.08, 17: 0.05, 18: 0.04, 19: 0.04, 20: 0.12, 21: 0.24, 22: 0.41, 23: 0.53}}",False,15,3,10,3,2.0,13,,,7,7,14.416446474629481,-14.416446474629481,1,14.416446474629481,14.416446474629481,643.5138299525388,1,0.4607166238741463,0.4607166238741463,0.4607166238741463,0.7,0.875,16.799999999999997,21.0,85.71428571428571,14.285714285714285,14.416446474629481,91.93054713607697,2,3.5,1,6,0,0,0,0,0,0,0,0,12.656601682931418,18.85002114693401,3.878082186836021,17.56642532769547,16.534683869767438,36.41644647462948,31.680516638995968,4,57.14285714285714,,
20250516_155638,rl_aca,61,,,,,,,,,,,2,1,13.4,20.9,39,600,60,80,"(6.0, 6.0)",0.71,3.0,0.26666666666666666,False,61,0.01,"{'type': 'hourly', 'hourly_rates': {0: 1.59, 1: 4.38, 2: 2.38, 3: 1.15, 4: 0.84, 5: 0.76, 6: 1.0, 7: 2.25, 8: 2.86, 9: 1.94, 10: 1.23, 11: 0.85, 12: 0.55, 13: 0.37, 14: 0.21, 15: 0.13, 16: 0.08, 17: 0.05, 18: 0.04, 19: 0.04, 20: 0.12, 21: 0.24, 22: 0.41, 23: 0.53}}",False,15,3,10,3,2.0,13,,,12,12,27.479546118382473,-27.479546118382473,3,12.474371593206712,9.159848706127491,581.4886500506639,12,0.3227933375322693,0.3227933375322693,0.3227933375322693,1.2,1.5,28.799999999999997,36.0,75.0,25.0,9.159848706127491,48.45738750422199,2,6.0,5,7,1,0,0,0,0,0,0,0,11.599429616835602,18.014898570393513,8.210223215967781,32.16509664308958,19.809652832803383,37.47437159320671,16.52539518847682,3,25.0,,
20250516_155639,rl_aca,62,,,,,,,,,,,2,1,13.4,20.9,39,600,60,80,"(6.0, 6.0)",0.71,3.0,0.26666666666666666,False,62,0.01,"{'type': 'hourly', 'hourly_rates': {0: 1.59, 1: 4.38, 2: 2.38, 3: 1.15, 4: 0.84, 5: 0.76, 6: 1.0, 7: 2.25, 8: 2.86, 9: 1.94, 10: 1.23, 11: 0.85, 12: 0.55, 13: 0.37, 14: 0.21, 15: 0.13, 16: 0.08, 17: 0.05, 18: 0.04, 19: 0.04, 20: 0.12, 21: 0.24, 22: 0.41, 23: 0.53}}",False,15,3,10,3,2.0,13,,,11,9,166.38749054348028,-166.38749054348028,9,49.02723442500576,18.487498949275587,1510.5273487270993,0,0.4535421533788605,0.4535421533788605,0.4535421533788605,0.9,1.125,21.6,27.0,0.0,100.0,18.487498949275587,167.8363720807888,2,4.5,4,5,1,3,44.44444444444444,2.0,100.0,16.34445628461579,6.42912600482652,9.915330279789272,11.904809338474788,21.41563357030668,14.758805228600892,37.23487616844497,26.66361456707568,47.44608400927322,16.47245990385741,2,22.22222222222222,,
20250516_155640,rl_aca,63,,,,,,,,,,,2,1,13.4,20.9,39,600,60,80,"(6.0, 6.0)",0.71,3.0,0.26666666666666666,False,63,0.01,"{'type': 'hourly', 'hourly_rates': {0: 1.59, 1: 4.38, 2: 2.38, 3: 1.15, 4: 0.84, 5: 0.76, 6: 1.0, 7: 2.25, 8: 2.86, 9: 1.94, 10: 1.23, 11: 0.85, 12: 0.55, 13: 0.37, 14: 0.21, 15: 0.13, 16: 0.08, 17: 0.05, 18: 0.04, 19: 0.04, 20: 0.12, 21: 0.24, 22: 0.41, 23: 0.53}}",False,15,3,10,3,2.0,13,,,12,0,0,0,0,0,0,0,12,1.0,1.0,1.0,0.0,0.0,0.0,0.0,0,0,0,0,0,0,0,0,,0,0,0,0,0,0,0,0,0.0,0,0.0,0,0.0,0.0,0,0,,
20250516_155640,rl_aca,64,,,,,,,,,,,2,1,13.4,20.9,39,600,60,80,"(6.0, 6.0)",0.71,3.0,0.26666666666666666,False,64,0.01,"{'type': 'hourly', 'hourly_rates': {0: 1.59, 1: 4.38, 2: 2.38, 3: 1.15, 4: 0.84, 5: 0.76, 6: 1.0, 7: 2.25, 8: 2.86, 9: 1.94, 10: 1.23, 11: 0.85, 12: 0.55, 13: 0.37, 14: 0.21, 15: 0.13, 16: 0.08, 17: 0.05, 18: 0.04, 19: 0.04, 20: 0.12, 21: 0.24, 22: 0.41, 23: 0.53}}",False,15,3,10,3,2.0,13,,,16,10,1538.131966300073,-1538.131966300073,14,296.249216360642,109.86656902143378,3044.329725110095,3,0.01373281626597526,0.01373281626597526,0.01373281626597526,1.0,1.25,24.0,30.0,-40.0,140.0,109.86656902143378,304.4329725110095,2,5.0,3,7,0,7,50.0,2.2857142857142856,100.0,97.27991756287022,58.9190546709022,38.360862891968026,10.23148106875361,18.468071783869842,74.46131077833249,271.9661897327927,84.69279184708611,282.90823200416685,9.468071783869842,1,10.0,,
20250516_155641,rl_aca,65,,,,,,,,,,,2,1,13.4,20.9,39,600,60,80,"(6.0, 6.0)",0.71,3.0,0.26666666666666666,False,65,0.01,"{'type': 'hourly', 'hourly_rates': {0: 1.59, 1: 4.38, 2: 2.38, 3: 1.15, 4: 0.84, 5: 0.76, 6: 1.0, 7: 2.25, 8: 2.86, 9: 1.94, 10: 1.23, 11: 0.85, 12: 0.55, 13: 0.37, 14: 0.21, 15: 0.13, 16: 0.08, 17: 0.05, 18: 0.04, 19: 0.04, 20: 0.12, 21: 0.24, 22: 0.41, 23: 0.53}}",False,15,3,10,3,2.0,13,,,17,15,106.857261353339,-106.857261353339,8,26.969680515423505,13.357157669167375,1193.792102212805,17,0.37274872769024536,0.37274872769024536,0.37274872769024536,1.5,1.875,36.0,45.0,46.666666666666664,53.333333333333336,13.357157669167375,79.58614014752034,2,7.5,6,9,0,2,13.333333333333334,2.0,100.0,16.74379304113471,3.878398190177769,12.865394850956939,12.179395430526398,24.14162089048675,12.316149622201552,36.27752535240876,24.49554505272795,40.969680515423505,4.341550220140192,3,20.0,,
20250516_155641,rl_aca,66,,,,,,,,,,,2,1,13.4,20.9,39,600,60,80,"(6.0, 6.0)",0.71,3.0,0.26666666666666666,False,66,0.01,"{'type': 'hourly', 'hourly_rates': {0: 1.59, 1: 4.38, 2: 2.38, 3: 1.15, 4: 0.84, 5: 0.76, 6: 1.0, 7: 2.25, 8: 2.86, 9: 1.94, 10: 1.23, 11: 0.85, 12: 0.55, 13: 0.37, 14: 0.21, 15: 0.13, 16: 0.08, 17: 0.05, 18: 0.04, 19: 0.04, 20: 0.12, 21: 0.24, 22: 0.41, 23: 0.53}}",False,15,3,10,3,2.0,13,,,16,0,0,0,0,0,0,0,16,1.0,1.0,1.0,0.0,0.0,0.0,0.0,0,0,0,0,0,0,0,0,,0,0,0,0,0,0,0,0,0.0,0,0.0,0,0.0,0.0,0,0,,
20250516_155641,rl_aca,67,,,,,,,,,,,2,1,13.4,20.9,39,600,60,80,"(6.0, 6.0)",0.71,3.0,0.26666666666666666,False,67,0.01,"{'type': 'hourly', 'hourly_rates': {0: 1.59, 1: 4.38, 2: 2.38, 3: 1.15, 4: 0.84, 5: 0.76, 6: 1.0, 7: 2.25, 8: 2.86, 9: 1.94, 10: 1.23, 11: 0.85, 12: 0.55, 13: 0.37, 14: 0.21, 15: 0.13, 16: 0.08, 17: 0.05, 18: 0.04, 19: 0.04, 20: 0.12, 21: 0.24, 22: 0.41, 23: 0.53}}",False,15,3,10,3,2.0,13,,,10,9,63.26947459794464,-63.26947459794464,4,27.24773227978318,15.81736864948616,1063.0231660606198,10,0.24378831571340137,0.24378831571340137,0.24378831571340137,0.9,1.125,21.6,27.0,55.55555555555556,44.44444444444444,15.81736864948616,118.11368511784664,2,4.5,2,7,0,2,33.33333333333333,2.0,100.0,12.992745214078758,1.5277223396464947,11.465022874432263,10.421994748997706,18.62925187589079,12.315764214814173,26.394882072857683,22.73775896381188,38.16633403787897,5.166570383762153,2,22.22222222222222,,
20250516_155642,rl_aca,68,,,,,,,,,,,2,1,13.4,20.9,39,600,60,80,"(6.0, 6.0)",0.71,3.0,0.26666666666666666,False,68,0.01,"{'type': 'hourly', 'hourly_rates': {0: 1.59, 1: 4.38, 2: 2.38, 3: 1.15, 4: 0.84, 5: 0.76, 6: 1.0, 7: 2.25, 8: 2.86, 9: 1.94, 10: 1.23, 11: 0.85, 12: 0.55, 13: 0.37, 14: 0.21, 15: 0.13, 16: 0.08, 17: 0.05, 18: 0.04, 19: 0.04, 20: 0.12, 21: 0.24, 22: 0.41, 23: 0.53}}",False,15,3,10,3,2.0,13,,,12,10,192.43621692500824,-192.43621692500824,7,79.01017593465627,27.490888132144033,1665.2755421595095,0,0.1753666999883562,0.1753666999883562,0.1753666999883562,1.0,1.25,24.0,30.0,30.0,70.0,27.490888132144033,166.52755421595094,2,5.0,4,6,1,3,30.0,2.0,100.0,21.60520069557842,13.330529908819866,8.274670786758556,13.733650751984976,23.555211437256304,16.669046384550203,91.74054788284607,30.402697136535174,106.01017593465627,10.345401161053722,3,30.0,,
20250516_155643,rl_aca,69,,,,,,,,,,,2,1,13.4,20.9,39,600,60,80,"(6.0, 6.0)",0.71,3.0,0.26666666666666666,False,69,0.01,"{'type': 'hourly', 'hourly_rates': {0: 1.59, 1: 4.38, 2: 2.38, 3: 1.15, 4: 0.84, 5: 0.76, 6: 1.0, 7: 2.25, 8: 2.86, 9: 1.94, 10: 1.23, 11: 0.85, 12: 0.55, 13: 0.37, 14: 0.21, 15: 0.13, 16: 0.08, 17: 0.05, 18: 0.04, 19: 0.04, 20: 0.12, 21: 0.24, 22: 0.41, 23: 0.53}}",False,15,3,10,3,2.0,13,,,13,5,0,0,0,0,0,728.7466758548109,12,0.6794532463302395,0.6794532463302395,0.6794532463302395,0.5,0.625,12.0,15.0,100.0,0.0,0,145.74933517096218,1,5.0,5,5,1,0,0,0,0,0,0,0,10.64161837556858,17.434663884421784,5.128947404279443,13.617484731365721,15.770565779848024,19.86152271118965,1.4346638844217843,1,20.0,,
20250516_155643,rl_aca,70,,,,,,,,,,,2,1,13.4,20.9,39,600,60,80,"(6.0, 6.0)",0.71,3.0,0.26666666666666666,False,70,0.01,"{'type': 'hourly', 'hourly_rates': {0: 1.59, 1: 4.38, 2: 2.38, 3: 1.15, 4: 0.84, 5: 0.76, 6: 1.0, 7: 2.25, 8: 2.86, 9: 1.94, 10: 1.23, 11: 0.85, 12: 0.55, 13: 0.37, 14: 0.21, 15: 0.13, 16: 0.08, 17: 0.05, 18: 0.04, 19: 0.04, 20: 0.12, 21: 0.24, 22: 0.41, 23: 0.53}}",False,15,3,10,3,2.0,13,,,16,8,600.8291698071688,-600.8291698071688,14,129.42918712121073,42.91636927194063,2030.634162320491,16,0.07298508784956194,0.07298508784956194,0.07298508784956194,0.8,1.0,19.200000000000003,24.0,-75.0,175.0,42.91636927194063,253.82927029006137,2,4.0,4,4,1,6,62.5,2.3333333333333335,100.0,32.93291971800123,7.64831154998362,25.28460816801761,13.375336318731815,18.32225240464109,14.325855336262808,42.144289905968634,27.701191654994624,52.895365460939914,13.083243349479641,1,12.5,,
20250516_155644,rl_aca,71,,,,,,,,,,,2,1,13.4,20.9,39,600,60,80,"(6.0, 6.0)",0.71,3.0,0.26666666666666666,False,71,0.01,"{'type': 'hourly', 'hourly_rates': {0: 1.59, 1: 4.38, 2: 2.38, 3: 1.15, 4: 0.84, 5: 0.76, 6: 1.0, 7: 2.25, 8: 2.86, 9: 1.94, 10: 1.23, 11: 0.85, 12: 0.55, 13: 0.37, 14: 0.21, 15: 0.13, 16: 0.08, 17: 0.05, 18: 0.04, 19: 0.04, 20: 0.12, 21: 0.24, 22: 0.41, 23: 0.53}}",False,15,3,10,3,2.0,13,,,16,4,975.4712311380922,-975.4712311380922,9,194.85450633075402,108.38569234867691,1396.2931765858061,15,0.6702497182042715,0.6702497182042715,0.6702497182042715,0.4,0.5,9.600000000000001,12.0,-125.0,225.0,108.38569234867691,349.07329414645153,2,2.0,2,2,0,4,75.0,2.5,100.0,78.77207325041547,112.94612121034382,-34.174047959928345,14.6253083361349,20.307526515383586,73.69027690426266,120.38838243037816,88.31558524039755,132.94612121034382,0.0,0,0.0,,
20250516_155645,rl_aca,72,,,,,,,,,,,2,1,13.4,20.9,39,600,60,80,"(6.0, 6.0)",0.71,3.0,0.26666666666666666,False,72,0.01,"{'type': 'hourly', 'hourly_rates': {0: 1.59, 1: 4.38, 2: 2.38, 3: 1.15, 4: 0.84, 5: 0.76, 6: 1.0, 7: 2.25, 8: 2.86, 9: 1.94, 10: 1.23, 11: 0.85, 12: 0.55, 13: 0.37, 14: 0.21, 15: 0.13, 16: 0.08, 17: 0.05, 18: 0.04, 19: 0.04, 20: 0.12, 21: 0.24, 22: 0.41, 23: 0.53}}",False,15,3,10,3,2.0,13,,,11,0,0,0,0,0,0,0,11,1.0,1.0,1.0,0.0,0.0,0.0,0.0,0,0,0,0,0,0,0,0,,0,0,0,0,0,0,0,0,0.0,0,0.0,0,0.0,0.0,0,0,,
20250516_155645,rl_aca,73,,,,,,,,,,,2,1,13.4,20.9,39,600,60,80,"(6.0, 6.0)",0.71,3.0,0.26666666666666666,False,73,0.01,"{'type': 'hourly', 'hourly_rates': {0: 1.59, 1: 4.38, 2: 2.38, 3: 1.15, 4: 0.84, 5: 0.76, 6: 1.0, 7: 2.25, 8: 2.86, 9: 1.94, 10: 1.23, 11: 0.85, 12: 0.55, 13: 0.37, 14: 0.21, 15: 0.13, 16: 0.08, 17: 0.05, 18: 0.04, 19: 0.04, 20: 0.12, 21: 0.24, 22: 0.41, 23: 0.53}}",False,15,3,10,3,2.0,13,,,15,7,0,0,0,0,0,654.7006307417581,8,0.6705297061547687,0.6705297061547687,0.6705297061547687,0.7,0.875,16.799999999999997,21.0,100.0,0.0,0,93.52866153453688,2,3.5,3,4,0,0,0,0,0,0,0,0,12.683271788991476,18.186171361945384,0.6228166707351234,1.2864701637770395,13.306088459726599,19.023593693234147,17.510954910028545,4,57.14285714285714,,
20250516_155646,rl_aca,74,,,,,,,,,,,2,1,13.4,20.9,39,600,60,80,"(6.0, 6.0)",0.71,3.0,0.26666666666666666,False,74,0.01,"{'type': 'hourly', 'hourly_rates': {0: 1.59, 1: 4.38, 2: 2.38, 3: 1.15, 4: 0.84, 5: 0.76, 6: 1.0, 7: 2.25, 8: 2.86, 9: 1.94, 10: 1.23, 11: 0.85, 12: 0.55, 13: 0.37, 14: 0.21, 15: 0.13, 16: 0.08, 17: 0.05, 18: 0.04, 19: 0.04, 20: 0.12, 21: 0.24, 22: 0.41, 23: 0.53}}",False,15,3,10,3,2.0,13,,,15,3,16.595602830757798,-16.595602830757798,2,13.871395272951588,8.297801415378899,252.22618060487048,12,0.9141807507493465,0.9141807507493465,0.9141807507493465,0.3,0.375,7.199999999999999,9.0,33.33333333333333,66.66666666666666,8.297801415378899,84.07539353495683,1,3.0,3,3,1,1,33.33333333333333,3.0,100.0,2.72420755780621,6.935697636475794,-4.211490078669584,20.599462659972215,22.871027864788857,8.684702385315594,24.722638984171056,29.284165045287807,41.87139527295159,25.668531828224275,2,66.66666666666666,,
20250516_155647,rl_aca,75,,,,,,,,,,,2,1,13.4,20.9,39,600,60,80,"(6.0, 6.0)",0.71,3.0,0.26666666666666666,False,75,0.01,"{'type': 'hourly', 'hourly_rates': {0: 1.59, 1: 4.38, 2: 2.38, 3: 1.15, 4: 0.84, 5: 0.76, 6: 1.0, 7: 2.25, 8: 2.86, 9: 1.94, 10: 1.23, 11: 0.85, 12: 0.55, 13: 0.37, 14: 0.21, 15: 0.13, 16: 0.08, 17: 0.05, 18: 0.04, 19: 0.04, 20: 0.12, 21: 0.24, 22: 0.41, 23: 0.53}}",False,15,3,10,3,2.0,13,,,12,0,0,0,0,0,0,0,12,1.0,1.0,1.0,0.0,0.0,0.0,0.0,0,0,0,0,0,0,0,0,,0,0,0,0,0,0,0,0,0.0,0,0.0,0,0.0,0.0,0,0,,
20250516_155647,rl_aca,76,,,,,,,,,,,2,1,13.4,20.9,39,600,60,80,"(6.0, 6.0)",0.71,3.0,0.26666666666666666,False,76,0.01,"{'type': 'hourly', 'hourly_rates': {0: 1.59, 1: 4.38, 2: 2.38, 3: 1.15, 4: 0.84, 5: 0.76, 6: 1.0, 7: 2.25, 8: 2.86, 9: 1.94, 10: 1.23, 11: 0.85, 12: 0.55, 13: 0.37, 14: 0.21, 15: 0.13, 16: 0.08, 17: 0.05, 18: 0.04, 19: 0.04, 20: 0.12, 21: 0.24, 22: 0.41, 23: 0.53}}",False,15,3,10,3,2.0,13,,,6,0,0,0,0,0,0,0,6,1.0,1.0,1.0,0.0,0.0,0.0,0.0,0,0,0,0,0,0,0,0,,0,0,0,0,0,0,0,0,0.0,0,0.0,0,0.0,0.0,0,0,,
20250516_155647,rl_aca,77,,,,,,,,,,,2,1,13.4,20.9,39,600,60,80,"(6.0, 6.0)",0.71,3.0,0.26666666666666666,False,77,0.01,"{'type': 'hourly', 'hourly_rates': {0: 1.59, 1: 4.38, 2: 2.38, 3: 1.15, 4: 0.84, 5: 0.76, 6: 1.0, 7: 2.25, 8: 2.86, 9: 1.94, 10: 1.23, 11: 0.85, 12: 0.55, 13: 0.37, 14: 0.21, 15: 0.13, 16: 0.08, 17: 0.05, 18: 0.04, 19: 0.04, 20: 0.12, 21: 0.24, 22: 0.41, 23: 0.53}}",False,15,3,10,3,2.0,13,,,20,14,255.29577820505634,-255.29577820505634,12,44.88513002630191,21.274648183754696,2535.953822571001,16,0.11891689070444073,0.11891689070444073,0.11891689070444073,1.4,1.75,33.599999999999994,42.0,14.285714285714285,85.71428571428571,21.274648183754696,181.1395587550715,2,7.0,5,9,0,3,14.285714285714285,2.3333333333333335,100.0,29.87335363003436,7.842122264430851,22.031231365603507,12.147445196999671,18.83302955267561,15.534473901701775,44.83440225912682,27.681919098701446,56.88513002630191,12.976765285499608,3,21.428571428571427,,
20250516_155648,rl_aca,78,,,,,,,,,,,2,1,13.4,20.9,39,600,60,80,"(6.0, 6.0)",0.71,3.0,0.26666666666666666,False,78,0.01,"{'type': 'hourly', 'hourly_rates': {0: 1.59, 1: 4.38, 2: 2.38, 3: 1.15, 4: 0.84, 5: 0.76, 6: 1.0, 7: 2.25, 8: 2.86, 9: 1.94, 10: 1.23, 11: 0.85, 12: 0.55, 13: 0.37, 14: 0.21, 15: 0.13, 16: 0.08, 17: 0.05, 18: 0.04, 19: 0.04, 20: 0.12, 21: 0.24, 22: 0.41, 23: 0.53}}",False,15,3,10,3,2.0,13,,,7,0,0,0,0,0,0,0,7,1.0,1.0,1.0,0.0,0.0,0.0,0.0,0,0,0,0,0,0,0,0,,0,0,0,0,0,0,0,0,0.0,0,0.0,0,0.0,0.0,0,0,,
20250516_155648,rl_aca,79,,,,,,,,,,,2,1,13.4,20.9,39,600,60,80,"(6.0, 6.0)",0.71,3.0,0.26666666666666666,False,79,0.01,"{'type': 'hourly', 'hourly_rates': {0: 1.59, 1: 4.38, 2: 2.38, 3: 1.15, 4: 0.84, 5: 0.76, 6: 1.0, 7: 2.25, 8: 2.86, 9: 1.94, 10: 1.23, 11: 0.85, 12: 0.55, 13: 0.37, 14: 0.21, 15: 0.13, 16: 0.08, 17: 0.05, 18: 0.04, 19: 0.04, 20: 0.12, 21: 0.24, 22: 0.41, 23: 0.53}}",False,15,3,10,3,2.0,13,,,17,15,184.4268631386002,-184.4268631386002,9,55.87157069504981,20.49187368206669,1630.1413384419036,0,0.20054423109219396,0.20054423109219396,0.20054423109219396,1.5,1.875,36.0,45.0,40.0,60.0,20.49187368206669,108.67608922946025,2,7.5,7,8,1,2,13.333333333333334,2.0,100.0,15.710927388254163,8.75506747821398,6.955859910040182,13.103107718291167,20.595990981159446,13.697246603833095,62.67795689432319,26.80035432212426,75.87157069504981,22.906746209439802,4,26.666666666666668,,
20250516_155648,rl_aca,80,,,,,,,,,,,2,1,13.4,20.9,39,600,60,80,"(6.0, 6.0)",0.71,3.0,0.26666666666666666,False,80,0.01,"{'type': 'hourly', 'hourly_rates': {0: 1.59, 1: 4.38, 2: 2.38, 3: 1.15, 4: 0.84, 5: 0.76, 6: 1.0, 7: 2.25, 8: 2.86, 9: 1.94, 10: 1.23, 11: 0.85, 12: 0.55, 13: 0.37, 14: 0.21, 15: 0.13, 16: 0.08, 17: 0.05, 18: 0.04, 19: 0.04, 20: 0.12, 21: 0.24, 22: 0.41, 23: 0.53}}",False,15,3,10,3,2.0,13,,,16,12,199.84501931789742,-199.84501931789742,10,59.428245744097865,19.984501931789744,1134.993702206895,16,0.40400405588108756,0.40400405588108756,0.40400405588108756,1.2,1.5,28.799999999999997,36.0,16.666666666666664,83.33333333333334,19.984501931789744,94.58280851724125,2,6.0,4,8,0,4,25.0,2.5,100.0,11.759342179431476,12.851056367591882,-1.091714188160406,14.573898720126024,28.84741953073518,16.737667824543234,75.0401576236039,31.311566544669258,81.42824574409786,17.025989984737233,2,16.666666666666664,,
20250516_155649,rl_aca,81,,,,,,,,,,,2,1,13.4,20.9,39,600,60,80,"(6.0, 6.0)",0.71,3.0,0.26666666666666666,False,81,0.01,"{'type': 'hourly', 'hourly_rates': {0: 1.59, 1: 4.38, 2: 2.38, 3: 1.15, 4: 0.84, 5: 0.76, 6: 1.0, 7: 2.25, 8: 2.86, 9: 1.94, 10: 1.23, 11: 0.85, 12: 0.55, 13: 0.37, 14: 0.21, 15: 0.13, 16: 0.08, 17: 0.05, 18: 0.04, 19: 0.04, 20: 0.12, 21: 0.24, 22: 0.41, 23: 0.53}}",False,15,3,10,3,2.0,13,,,8,8,14.587783190215816,-14.587783190215816,3,7.602219417748529,4.862594396738605,836.8508749020335,0,0.5306982199091507,0.5306982199091507,0.5306982199091507,0.8,1.0,19.200000000000003,24.0,62.5,37.5,4.862594396738605,104.60635936275419,2,4.0,3,5,1,0,0,0,0,0,0,0,13.184690569275062,22.674632683380082,5.4618184199565745,20.451642983586737,18.646508989231638,33.60221941774853,27.978035562677324,3,37.5,,
20250516_155649,rl_aca,82,,,,,,,,,,,2,1,13.4,20.9,39,600,60,80,"(6.0, 6.0)",0.71,3.0,0.26666666666666666,False,82,0.01,"{'type': 'hourly', 'hourly_rates': {0: 1.59, 1: 4.38, 2: 2.38, 3: 1.15, 4: 0.84, 5: 0.76, 6: 1.0, 7: 2.25, 8: 2.86, 9: 1.94, 10: 1.23, 11: 0.85, 12: 0.55, 13: 0.37, 14: 0.21, 15: 0.13, 16: 0.08, 17: 0.05, 18: 0.04, 19: 0.04, 20: 0.12, 21: 0.24, 22: 0.41, 23: 0.53}}",False,15,3,10,3,2.0,13,,,12,12,81.12795815822142,-81.12795815822142,4,40.34129517707214,20.281989539555354,1119.158819103474,0,0.5605614824748957,0.5605614824748957,0.5605614824748957,1.2,1.5,28.799999999999997,36.0,66.66666666666666,33.33333333333333,20.281989539555354,93.2632349252895,2,6.0,4,8,0,1,16.666666666666664,2.0,100.0,5.375264111057788,7.037742993610584,-1.6624788825527954,13.22977340449698,18.207457470191514,12.221338779811655,51.386644877923175,25.45111218430863,69.34129517707214,23.863866394733357,5,41.66666666666667,,
20250516_155650,rl_aca,83,,,,,,,,,,,2,1,13.4,20.9,39,600,60,80,"(6.0, 6.0)",0.71,3.0,0.26666666666666666,False,83,0.01,"{'type': 'hourly', 'hourly_rates': {0: 1.59, 1: 4.38, 2: 2.38, 3: 1.15, 4: 0.84, 5: 0.76, 6: 1.0, 7: 2.25, 8: 2.86, 9: 1.94, 10: 1.23, 11: 0.85, 12: 0.55, 13: 0.37, 14: 0.21, 15: 0.13, 16: 0.08, 17: 0.05, 18: 0.04, 19: 0.04, 20: 0.12, 21: 0.24, 22: 0.41, 23: 0.53}}",False,15,3,10,3,2.0,13,,,14,10,36.493608469625855,-36.493608469625855,5,11.233547013610064,7.298721693925171,817.9130997726229,3,0.39904308443659864,0.39904308443659864,0.39904308443659864,1.0,1.25,24.0,30.0,50.0,50.0,7.298721693925171,81.79130997726229,2,5.0,5,5,0,2,20.0,2.0,100.0,9.717793053799284,0.728059418552153,8.98973363524713,12.649174944101356,18.566572025078997,7.654048527354762,26.34335693344292,20.303223471456118,34.75712432528053,28.836067950232593,5,50.0,,
20250516_155650,rl_aca,84,,,,,,,,,,,2,1,13.4,20.9,39,600,60,80,"(6.0, 6.0)",0.71,3.0,0.26666666666666666,False,84,0.01,"{'type': 'hourly', 'hourly_rates': {0: 1.59, 1: 4.38, 2: 2.38, 3: 1.15, 4: 0.84, 5: 0.76, 6: 1.0, 7: 2.25, 8: 2.86, 9: 1.94, 10: 1.23, 11: 0.85, 12: 0.55, 13: 0.37, 14: 0.21, 15: 0.13, 16: 0.08, 17: 0.05, 18: 0.04, 19: 0.04, 20: 0.12, 21: 0.24, 22: 0.41, 23: 0.53}}",False,15,3,10,3,2.0,13,,,12,0,0,0,0,0,0,0,12,1.0,1.0,1.0,0.0,0.0,0.0,0.0,0,0,0,0,0,0,0,0,,0,0,0,0,0,0,0,0,0.0,0,0.0,0,0.0,0.0,0,0,,
20250516_155651,rl_aca,85,,,,,,,,,,,2,1,13.4,20.9,39,600,60,80,"(6.0, 6.0)",0.71,3.0,0.26666666666666666,False,85,0.01,"{'type': 'hourly', 'hourly_rates': {0: 1.59, 1: 4.38, 2: 2.38, 3: 1.15, 4: 0.84, 5: 0.76, 6: 1.0, 7: 2.25, 8: 2.86, 9: 1.94, 10: 1.23, 11: 0.85, 12: 0.55, 13: 0.37, 14: 0.21, 15: 0.13, 16: 0.08, 17: 0.05, 18: 0.04, 19: 0.04, 20: 0.12, 21: 0.24, 22: 0.41, 23: 0.53}}",False,15,3,10,3,2.0,13,,,14,6,231.48980743538925,-231.48980743538922,8,49.16826376085572,28.936225929423657,1000.5242051910634,14,0.5378506386185208,0.5378506386185208,0.5378506386185208,0.6,0.75,14.399999999999999,18.0,-33.33333333333333,133.33333333333331,28.936225929423657,166.75403419851057,2,3.0,2,4,1,4,33.33333333333333,2.25,100.0,29.364865267500818,26.780169250860734,2.584696016640084,15.026649365139578,26.74700497826278,30.448418557934517,46.302837952795784,45.4750679230741,56.16826376085572,0.0,0,0.0,,
20250516_155651,rl_aca,86,,,,,,,,,,,2,1,13.4,20.9,39,600,60,80,"(6.0, 6.0)",0.71,3.0,0.26666666666666666,False,86,0.01,"{'type': 'hourly', 'hourly_rates': {0: 1.59, 1: 4.38, 2: 2.38, 3: 1.15, 4: 0.84, 5: 0.76, 6: 1.0, 7: 2.25, 8: 2.86, 9: 1.94, 10: 1.23, 11: 0.85, 12: 0.55, 13: 0.37, 14: 0.21, 15: 0.13, 16: 0.08, 17: 0.05, 18: 0.04, 19: 0.04, 20: 0.12, 21: 0.24, 22: 0.41, 23: 0.53}}",False,15,3,10,3,2.0,13,,,16,13,121.76706483724922,-121.76706483724922,10,24.868517741353315,12.176706483724923,1931.949890816208,11,0.2536573655785678,0.2536573655785678,0.2536573655785678,1.3,1.625,31.200000000000003,39.0,23.076923076923077,76.92307692307693,12.176706483724923,148.61153006278522,2,6.5,6,7,1,1,7.6923076923076925,3.0,100.0,24.868517741353315,5.746800150269531,19.121717591083783,14.524114869029692,28.642333482210887,9.806677140911354,25.553681613124922,24.33079200994105,42.20890583323566,15.210447388961498,3,23.076923076923077,,
20250516_155652,rl_aca,87,,,,,,,,,,,2,1,13.4,20.9,39,600,60,80,"(6.0, 6.0)",0.71,3.0,0.26666666666666666,False,87,0.01,"{'type': 'hourly', 'hourly_rates': {0: 1.59, 1: 4.38, 2: 2.38, 3: 1.15, 4: 0.84, 5: 0.76, 6: 1.0, 7: 2.25, 8: 2.86, 9: 1.94, 10: 1.23, 11: 0.85, 12: 0.55, 13: 0.37, 14: 0.21, 15: 0.13, 16: 0.08, 17: 0.05, 18: 0.04, 19: 0.04, 20: 0.12, 21: 0.24, 22: 0.41, 23: 0.53}}",False,15,3,10,3,2.0,13,,,12,0,0,0,0,0,0,0,12,1.0,1.0,1.0,0.0,0.0,0.0,0.0,0,0,0,0,0,0,0,0,,0,0,0,0,0,0,0,0,0.0,0,0.0,0,0.0,0.0,0,0,,
20250516_155653,rl_aca,88,,,,,,,,,,,2,1,13.4,20.9,39,600,60,80,"(6.0, 6.0)",0.71,3.0,0.26666666666666666,False,88,0.01,"{'type': 'hourly', 'hourly_rates': {0: 1.59, 1: 4.38, 2: 2.38, 3: 1.15, 4: 0.84, 5: 0.76, 6: 1.0, 7: 2.25, 8: 2.86, 9: 1.94, 10: 1.23, 11: 0.85, 12: 0.55, 13: 0.37, 14: 0.21, 15: 0.13, 16: 0.08, 17: 0.05, 18: 0.04, 19: 0.04, 20: 0.12, 21: 0.24, 22: 0.41, 23: 0.53}}",False,15,3,10,3,2.0,13,,,17,0,0,0,0,0,0,0,17,1.0,1.0,1.0,0.0,0.0,0.0,0.0,0,0,0,0,0,0,0,0,,0,0,0,0,0,0,0,0,0.0,0,0.0,0,0.0,0.0,0,0,,
20250516_155653,rl_aca,89,,,,,,,,,,,2,1,13.4,20.9,39,600,60,80,"(6.0, 6.0)",0.71,3.0,0.26666666666666666,False,89,0.01,"{'type': 'hourly', 'hourly_rates': {0: 1.59, 1: 4.38, 2: 2.38, 3: 1.15, 4: 0.84, 5: 0.76, 6: 1.0, 7: 2.25, 8: 2.86, 9: 1.94, 10: 1.23, 11: 0.85, 12: 0.55, 13: 0.37, 14: 0.21, 15: 0.13, 16: 0.08, 17: 0.05, 18: 0.04, 19: 0.04, 20: 0.12, 21: 0.24, 22: 0.41, 23: 0.53}}",False,15,3,10,3,2.0,13,,,16,10,0,0,0,0,0,1034.3168167937858,6,0.4257462160740141,0.4257462160740141,0.4257462160740141,1.0,1.25,24.0,30.0,100.0,0.0,0,103.43168167937858,2,5.0,5,5,0,0,0,0,0,0,0,0,10.63961383755037,16.49693164120481,2.130206748214886,4.317569683551636,12.769820585765256,17.12532628640784,24.606557042308026,4,40.0,,
20250516_155653,rl_aca,90,,,,,,,,,,,2,1,13.4,20.9,39,600,60,80,"(6.0, 6.0)",0.71,3.0,0.26666666666666666,False,90,0.01,"{'type': 'hourly', 'hourly_rates': {0: 1.59, 1: 4.38, 2: 2.38, 3: 1.15, 4: 0.84, 5: 0.76, 6: 1.0, 7: 2.25, 8: 2.86, 9: 1.94, 10: 1.23, 11: 0.85, 12: 0.55, 13: 0.37, 14: 0.21, 15: 0.13, 16: 0.08, 17: 0.05, 18: 0.04, 19: 0.04, 20: 0.12, 21: 0.24, 22: 0.41, 23: 0.53}}",False,15,3,10,3,2.0,13,,,9,9,5.140258879622877,-5.140258879622877,1,5.140258879622877,5.140258879622877,730.9947936159685,0,0.5681552989398231,0.5681552989398231,0.5681552989398231,0.9,1.125,21.6,27.0,88.88888888888889,11.11111111111111,5.140258879622877,81.22164373510762,2,4.5,3,6,0,0,0,0,0,0,0,0,13.103199843072916,18.984525671770598,3.719990115301668,14.155733207852279,16.823189958374584,33.14025887962288,34.29032832553018,6,66.66666666666666,,
20250516_155654,rl_aca,91,,,,,,,,,,,2,1,13.4,20.9,39,600,60,80,"(6.0, 6.0)",0.71,3.0,0.26666666666666666,False,91,0.01,"{'type': 'hourly', 'hourly_rates': {0: 1.59, 1: 4.38, 2: 2.38, 3: 1.15, 4: 0.84, 5: 0.76, 6: 1.0, 7: 2.25, 8: 2.86, 9: 1.94, 10: 1.23, 11: 0.85, 12: 0.55, 13: 0.37, 14: 0.21, 15: 0.13, 16: 0.08, 17: 0.05, 18: 0.04, 19: 0.04, 20: 0.12, 21: 0.24, 22: 0.41, 23: 0.53}}",False,15,3,10,3,2.0,13,,,18,11,106.1180494677654,-106.1180494677654,5,53.70731114748514,21.223609893553082,1289.3036532136477,18,0.26118992533425217,0.26118992533425217,0.26118992533425217,1.1,1.375,26.400000000000002,33.0,54.54545454545454,45.45454545454545,21.223609893553082,117.20942301942252,2,5.5,3,8,1,1,9.090909090909092,3.0,100.0,53.70731114748514,0.3112313051600367,53.39607984232511,12.337894385894185,16.89706057903709,6.142834893550705,18.61104430218994,18.48072927944489,28.70731114748513,22.37758318358872,4,36.36363636363637,,
20250516_155655,rl_aca,92,,,,,,,,,,,2,1,13.4,20.9,39,600,60,80,"(6.0, 6.0)",0.71,3.0,0.26666666666666666,False,92,0.01,"{'type': 'hourly', 'hourly_rates': {0: 1.59, 1: 4.38, 2: 2.38, 3: 1.15, 4: 0.84, 5: 0.76, 6: 1.0, 7: 2.25, 8: 2.86, 9: 1.94, 10: 1.23, 11: 0.85, 12: 0.55, 13: 0.37, 14: 0.21, 15: 0.13, 16: 0.08, 17: 0.05, 18: 0.04, 19: 0.04, 20: 0.12, 21: 0.24, 22: 0.41, 23: 0.53}}",False,15,3,10,3,2.0,13,,,7,7,1.5723655314146754,-1.5723655314146754,1,1.5723655314146754,1.5723655314146754,726.9682924627805,7,0.608749112379036,0.608749112379036,0.608749112379036,0.7,0.875,16.799999999999997,21.0,85.71428571428571,14.285714285714285,1.5723655314146754,103.85261320896863,2,3.5,1,6,0,0,0,0,0,0,0,0,12.601533454709573,16.946040851224666,6.637112984460726,17.47354815924359,19.2386464391703,22.789890363630207,0.0,0,0.0,,
20250516_155655,rl_aca,93,,,,,,,,,,,2,1,13.4,20.9,39,600,60,80,"(6.0, 6.0)",0.71,3.0,0.26666666666666666,False,93,0.01,"{'type': 'hourly', 'hourly_rates': {0: 1.59, 1: 4.38, 2: 2.38, 3: 1.15, 4: 0.84, 5: 0.76, 6: 1.0, 7: 2.25, 8: 2.86, 9: 1.94, 10: 1.23, 11: 0.85, 12: 0.55, 13: 0.37, 14: 0.21, 15: 0.13, 16: 0.08, 17: 0.05, 18: 0.04, 19: 0.04, 20: 0.12, 21: 0.24, 22: 0.41, 23: 0.53}}",False,15,3,10,3,2.0,13,,,11,4,0,0,0,0,0,437.55367904279,7,0.9362268941485189,0.9362268941485189,0.9362268941485189,0.4,0.5,9.600000000000001,12.0,100.0,0.0,0,109.3884197606975,2,2.0,2,2,1,0,0,0,0,0,0,0,11.151648180986484,20.349682277759655,5.39060008915105,10.254382111057225,16.542248270137534,21.22946487929613,15.120217398463524,1,25.0,,
20250516_155656,rl_aca,94,,,,,,,,,,,2,1,13.4,20.9,39,600,60,80,"(6.0, 6.0)",0.71,3.0,0.26666666666666666,False,94,0.01,"{'type': 'hourly', 'hourly_rates': {0: 1.59, 1: 4.38, 2: 2.38, 3: 1.15, 4: 0.84, 5: 0.76, 6: 1.0, 7: 2.25, 8: 2.86, 9: 1.94, 10: 1.23, 11: 0.85, 12: 0.55, 13: 0.37, 14: 0.21, 15: 0.13, 16: 0.08, 17: 0.05, 18: 0.04, 19: 0.04, 20: 0.12, 21: 0.24, 22: 0.41, 23: 0.53}}",False,15,3,10,3,2.0,13,,,13,0,0,0,0,0,0,0,13,1.0,1.0,1.0,0.0,0.0,0.0,0.0,0,0,0,0,0,0,0,0,,0,0,0,0,0,0,0,0,0.0,0,0.0,0,0.0,0.0,0,0,,
20250516_155656,rl_aca,95,,,,,,,,,,,2,1,13.4,20.9,39,600,60,80,"(6.0, 6.0)",0.71,3.0,0.26666666666666666,False,95,0.01,"{'type': 'hourly', 'hourly_rates': {0: 1.59, 1: 4.38, 2: 2.38, 3: 1.15, 4: 0.84, 5: 0.76, 6: 1.0, 7: 2.25, 8: 2.86, 9: 1.94, 10: 1.23, 11: 0.85, 12: 0.55, 13: 0.37, 14: 0.21, 15: 0.13, 16: 0.08, 17: 0.05, 18: 0.04, 19: 0.04, 20: 0.12, 21: 0.24, 22: 0.41, 23: 0.53}}",False,15,3,10,3,2.0,13,,,5,5,21.725692179096797,-21.725692179096797,3,11.144053954623075,7.241897393032265,1053.0394729279587,0,0.43031790918391144,0.43031790918391144,0.43031790918391144,0.5,0.625,12.0,15.0,40.0,60.0,7.241897393032265,210.60789458559174,2,2.5,2,3,1,0,0,0,0,0,0,0,18.171466690063948,35.40625359156735,5.964704735916129,13.70254072488899,24.136171425980077,35.81428964223005,28.454858326776275,2,40.0,,
20250516_155657,rl_aca,96,,,,,,,,,,,2,1,13.4,20.9,39,600,60,80,"(6.0, 6.0)",0.71,3.0,0.26666666666666666,False,96,0.01,"{'type': 'hourly', 'hourly_rates': {0: 1.59, 1: 4.38, 2: 2.38, 3: 1.15, 4: 0.84, 5: 0.76, 6: 1.0, 7: 2.25, 8: 2.86, 9: 1.94, 10: 1.23, 11: 0.85, 12: 0.55, 13: 0.37, 14: 0.21, 15: 0.13, 16: 0.08, 17: 0.05, 18: 0.04, 19: 0.04, 20: 0.12, 21: 0.24, 22: 0.41, 23: 0.53}}",False,15,3,10,3,2.0,13,,,9,0,0,0,0,0,0,0,9,1.0,1.0,1.0,0.0,0.0,0.0,0.0,0,0,0,0,0,0,0,0,,0,0,0,0,0,0,0,0,0.0,0,0.0,0,0.0,0.0,0,0,,
20250516_155657,rl_aca,97,,,,,,,,,,,2,1,13.4,20.9,39,600,60,80,"(6.0, 6.0)",0.71,3.0,0.26666666666666666,False,97,0.01,"{'type': 'hourly', 'hourly_rates': {0: 1.59, 1: 4.38, 2: 2.38, 3: 1.15, 4: 0.84, 5: 0.76, 6: 1.0, 7: 2.25, 8: 2.86, 9: 1.94, 10: 1.23, 11: 0.85, 12: 0.55, 13: 0.37, 14: 0.21, 15: 0.13, 16: 0.08, 17: 0.05, 18: 0.04, 19: 0.04, 20: 0.12, 21: 0.24, 22: 0.41, 23: 0.53}}",False,15,3,10,3,2.0,13,,,10,1,28.936594964406424,-28.936594964406424,1,28.936594964406424,28.936594964406424,226.28845178113934,10,0.9238330499237802,0.9238330499237802,0.9238330499237802,0.1,0.125,2.4000000000000004,3.0,0.0,100.0,28.936594964406424,226.28845178113934,1,1.0,1,1,0,0,0,0,0,0,0,0,10.408145801966015,10.408145801966015,35.52844916244041,35.52844916244041,45.936594964406424,45.936594964406424,0.0,0,0.0,,
20250516_155657,rl_aca,98,,,,,,,,,,,2,1,13.4,20.9,39,600,60,80,"(6.0, 6.0)",0.71,3.0,0.26666666666666666,False,98,0.01,"{'type': 'hourly', 'hourly_rates': {0: 1.59, 1: 4.38, 2: 2.38, 3: 1.15, 4: 0.84, 5: 0.76, 6: 1.0, 7: 2.25, 8: 2.86, 9: 1.94, 10: 1.23, 11: 0.85, 12: 0.55, 13: 0.37, 14: 0.21, 15: 0.13, 16: 0.08, 17: 0.05, 18: 0.04, 19: 0.04, 20: 0.12, 21: 0.24, 22: 0.41, 23: 0.53}}",False,15,3,10,3,2.0,13,,,11,10,136.04900048779592,-136.04900048779592,4,64.37172887467895,34.01225012194898,983.5544357508402,0,0.35796077031598766,0.35796077031598766,0.35796077031598766,1.0,1.25,24.0,30.0,60.0,40.0,34.01225012194898,98.35544357508402,2,5.0,4,6,0,1,10.0,2.0,100.0,32.195225857671744,7.672856469192142,24.522369388479603,15.297693401143501,27.260902420123273,12.207407007342084,81.09351081251789,27.505100408485582,88.37172887467895,50.87140453412755,6,60.0,,
20250516_155658,rl_aca,99,,,,,,,,,,,2,1,13.4,20.9,39,600,60,80,"(6.0, 6.0)",0.71,3.0,0.26666666666666666,False,99,0.01,"{'type': 'hourly', 'hourly_rates': {0: 1.59, 1: 4.38, 2: 2.38, 3: 1.15, 4: 0.84, 5: 0.76, 6: 1.0, 7: 2.25, 8: 2.86, 9: 1.94, 10: 1.23, 11: 0.85, 12: 0.55, 13: 0.37, 14: 0.21, 15: 0.13, 16: 0.08, 17: 0.05, 18: 0.04, 19: 0.04, 20: 0.12, 21: 0.24, 22: 0.41, 23: 0.53}}",False,15,3,10,3,2.0,13,,,17,1,0,0,0,0,0,24.770081866105293,16,0.8813836649520462,0.8813836649520462,0.8813836649520462,0.1,0.125,2.4000000000000004,3.0,100.0,0.0,0,24.770081866105293,1,1.0,1,1,1,0,0,0,0,0,0,0,12.252513009485344,12.252513009485344,0.7474869905146555,0.7474869905146555,13.0,13,9.252513009485344,1,100.0,,
20250516_155659,rl_aca,100,,,,,,,,,,,2,1,13.4,20.9,39,600,60,80,"(6.0, 6.0)",0.71,3.0,0.26666666666666666,False,100,0.01,"{'type': 'hourly', 'hourly_rates': {0: 1.59, 1: 4.38, 2: 2.38, 3: 1.15, 4: 0.84, 5: 0.76, 6: 1.0, 7: 2.25, 8: 2.86, 9: 1.94, 10: 1.23, 11: 0.85, 12: 0.55, 13: 0.37, 14: 0.21, 15: 0.13, 16: 0.08, 17: 0.05, 18: 0.04, 19: 0.04, 20: 0.12, 21: 0.24, 22: 0.41, 23: 0.53}}",False,15,3,10,3,2.0,13,,,10,9,96.50940009186078,-96.50940009186078,6,40.132426012833236,16.08490001531013,941.1291015451117,10,0.4722011684177222,0.4722011684177222,0.4722011684177222,0.9,1.125,21.6,27.0,33.33333333333333,66.66666666666666,16.08490001531013,104.56990017167908,2,4.5,2,7,0,1,11.11111111111111,2.0,100.0,22.982779424051103,6.078029004735853,16.90475041931525,14.842691918875216,21.584532440664077,9.739407512185872,44.201776928161394,24.582099431061092,59.132426012833236,3.2633490566107923,2,22.22222222222222,,
20250516_155659,rl_aca,101,,,,,,,,,,,2,1,13.4,20.9,39,600,60,80,"(6.0, 6.0)",0.71,3.0,0.26666666666666666,False,101,0.01,"{'type': 'hourly', 'hourly_rates': {0: 1.59, 1: 4.38, 2: 2.38, 3: 1.15, 4: 0.84, 5: 0.76, 6: 1.0, 7: 2.25, 8: 2.86, 9: 1.94, 10: 1.23, 11: 0.85, 12: 0.55, 13: 0.37, 14: 0.21, 15: 0.13, 16: 0.08, 17: 0.05, 18: 0.04, 19: 0.04, 20: 0.12, 21: 0.24, 22: 0.41, 23: 0.53}}",False,15,3,10,3,2.0,13,,,14,10,119.27191017789329,-119.27191017789329,8,28.184589590244798,14.908988772236661,1323.07895512912,2,0.27080778684945195,0.27080778684945195,0.27080778684945195,1.0,1.25,24.0,30.0,20.0,80.0,14.908988772236661,132.307895512912,2,5.0,4,6,0,2,10.0,2.5,100.0,22.605471733296326,8.318656145757144,14.286815587539182,16.570782727958566,29.22045397916105,10.71864964751757,30.532113049569176,27.28943237547613,48.1845895902448,23.96508145220561,4,40.0,,
20250516_155659,rl_aca,102,,,,,,,,,,,2,1,13.4,20.9,39,600,60,80,"(6.0, 6.0)",0.71,3.0,0.26666666666666666,False,102,0.01,"{'type': 'hourly', 'hourly_rates': {0: 1.59, 1: 4.38, 2: 2.38, 3: 1.15, 4: 0.84, 5: 0.76, 6: 1.0, 7: 2.25, 8: 2.86, 9: 1.94, 10: 1.23, 11: 0.85, 12: 0.55, 13: 0.37, 14: 0.21, 15: 0.13, 16: 0.08, 17: 0.05, 18: 0.04, 19: 0.04, 20: 0.12, 21: 0.24, 22: 0.41, 23: 0.53}}",False,15,3,10,3,2.0,13,,,11,11,2.383439629197369,-2.383439629197369,1,2.383439629197369,2.383439629197369,817.6684775692918,0,0.30168793182184306,0.30168793182184306,0.30168793182184306,1.1,1.375,26.400000000000002,33.0,90.9090909090909,9.090909090909092,2.383439629197369,74.33349796084471,2,5.5,3,8,0,0,0,0,0,0,0,0,13.202504827624939,21.896425756715576,3.933926812005896,13.141890521251725,17.136431639630835,22.490939743350594,35.05648708635805,5,45.45454545454545,,
20250516_155700,rl_aca,103,,,,,,,,,,,2,1,13.4,20.9,39,600,60,80,"(6.0, 6.0)",0.71,3.0,0.26666666666666666,False,103,0.01,"{'type': 'hourly', 'hourly_rates': {0: 1.59, 1: 4.38, 2: 2.38, 3: 1.15, 4: 0.84, 5: 0.76, 6: 1.0, 7: 2.25, 8: 2.86, 9: 1.94, 10: 1.23, 11: 0.85, 12: 0.55, 13: 0.37, 14: 0.21, 15: 0.13, 16: 0.08, 17: 0.05, 18: 0.04, 19: 0.04, 20: 0.12, 21: 0.24, 22: 0.41, 23: 0.53}}",False,15,3,10,3,2.0,13,,,15,6,146.40966028198687,-146.40966028198687,6,31.68876635347658,24.401610046997813,1505.160681251851,14,0.5499918211598629,0.5499918211598629,0.5499918211598629,0.6,0.75,14.399999999999999,18.0,0.0,100.0,24.401610046997813,250.86011354197515,2,3.0,1,5,1,0,0,0,0,0,0,0,14.129010659722598,20.94206648314332,26.439266053941882,38.94706255114097,40.56827671366448,48.25069232488718,0.344428832902679,1,16.666666666666664,,
20250516_155700,rl_aca,104,,,,,,,,,,,2,1,13.4,20.9,39,600,60,80,"(6.0, 6.0)",0.71,3.0,0.26666666666666666,False,104,0.01,"{'type': 'hourly', 'hourly_rates': {0: 1.59, 1: 4.38, 2: 2.38, 3: 1.15, 4: 0.84, 5: 0.76, 6: 1.0, 7: 2.25, 8: 2.86, 9: 1.94, 10: 1.23, 11: 0.85, 12: 0.55, 13: 0.37, 14: 0.21, 15: 0.13, 16: 0.08, 17: 0.05, 18: 0.04, 19: 0.04, 20: 0.12, 21: 0.24, 22: 0.41, 23: 0.53}}",False,15,3,10,3,2.0,13,,,11,9,144.04026436613202,-144.04026436613202,9,27.20133164279332,16.004473818459115,1613.778875647429,11,0.4002428801177563,0.4002428801177563,0.4002428801177563,0.9,1.125,21.6,27.0,0.0,100.0,16.004473818459115,179.30876396082544,2,4.5,3,6,0,1,11.11111111111111,2.0,100.0,27.20133164279332,13.612225050927712,13.589106591865608,12.502590417157625,25.27677258189297,21.147081453421702,37.563019067692544,33.649671870579326,49.31500609916813,1.5288577968940444,1,11.11111111111111,,
20250516_155701,rl_aca,105,,,,,,,,,,,2,1,13.4,20.9,39,600,60,80,"(6.0, 6.0)",0.71,3.0,0.26666666666666666,False,105,0.01,"{'type': 'hourly', 'hourly_rates': {0: 1.59, 1: 4.38, 2: 2.38, 3: 1.15, 4: 0.84, 5: 0.76, 6: 1.0, 7: 2.25, 8: 2.86, 9: 1.94, 10: 1.23, 11: 0.85, 12: 0.55, 13: 0.37, 14: 0.21, 15: 0.13, 16: 0.08, 17: 0.05, 18: 0.04, 19: 0.04, 20: 0.12, 21: 0.24, 22: 0.41, 23: 0.53}}",False,15,3,10,3,2.0,13,,,13,8,399.7631922154293,-399.76319221542934,10,73.67200631621158,39.97631922154293,1622.770001982091,13,0.12419616150234693,0.12419616150234693,0.12419616150234693,0.8,1.0,19.200000000000003,24.0,-25.0,125.0,39.97631922154293,202.84625024776136,2,4.0,4,4,0,7,75.0,2.142857142857143,100.0,30.968186394470063,0.0,30.968186394470063,14.861182895273112,22.98119238519581,19.54669107813763,53.35520908994778,34.407873973410744,65.66946987075235,10.470115330754503,2,25.0,,
20250516_155702,rl_aca,106,,,,,,,,,,,2,1,13.4,20.9,39,600,60,80,"(6.0, 6.0)",0.71,3.0,0.26666666666666666,False,106,0.01,"{'type': 'hourly', 'hourly_rates': {0: 1.59, 1: 4.38, 2: 2.38, 3: 1.15, 4: 0.84, 5: 0.76, 6: 1.0, 7: 2.25, 8: 2.86, 9: 1.94, 10: 1.23, 11: 0.85, 12: 0.55, 13: 0.37, 14: 0.21, 15: 0.13, 16: 0.08, 17: 0.05, 18: 0.04, 19: 0.04, 20: 0.12, 21: 0.24, 22: 0.41, 23: 0.53}}",False,15,3,10,3,2.0,13,,,7,0,0,0,0,0,0,0,7,1.0,1.0,1.0,0.0,0.0,0.0,0.0,0,0,0,0,0,0,0,0,,0,0,0,0,0,0,0,0,0.0,0,0.0,0,0.0,0.0,0,0,,
20250516_155702,rl_aca,107,,,,,,,,,,,2,1,13.4,20.9,39,600,60,80,"(6.0, 6.0)",0.71,3.0,0.26666666666666666,False,107,0.01,"{'type': 'hourly', 'hourly_rates': {0: 1.59, 1: 4.38, 2: 2.38, 3: 1.15, 4: 0.84, 5: 0.76, 6: 1.0, 7: 2.25, 8: 2.86, 9: 1.94, 10: 1.23, 11: 0.85, 12: 0.55, 13: 0.37, 14: 0.21, 15: 0.13, 16: 0.08, 17: 0.05, 18: 0.04, 19: 0.04, 20: 0.12, 21: 0.24, 22: 0.41, 23: 0.53}}",False,15,3,10,3,2.0,13,,,20,15,241.45838569164712,-241.45838569164712,12,50.45077234292066,20.121532140970594,1784.6573959259865,7,0.1300210224786222,0.1300210224786222,0.1300210224786222,1.5,1.875,36.0,45.0,20.0,80.0,20.121532140970594,118.9771597283991,2,7.5,7,8,0,4,20.0,2.0,100.0,19.43495295951962,7.362615462421192,12.072337497098427,13.065976960786948,26.18005622397368,14.347246901389513,37.43547495265645,27.41322386217646,48.83332952251091,7.133486682833393,2,13.333333333333334,,
20250516_155702,rl_aca,108,,,,,,,,,,,2,1,13.4,20.9,39,600,60,80,"(6.0, 6.0)",0.71,3.0,0.26666666666666666,False,108,0.01,"{'type': 'hourly', 'hourly_rates': {0: 1.59, 1: 4.38, 2: 2.38, 3: 1.15, 4: 0.84, 5: 0.76, 6: 1.0, 7: 2.25, 8: 2.86, 9: 1.94, 10: 1.23, 11: 0.85, 12: 0.55, 13: 0.37, 14: 0.21, 15: 0.13, 16: 0.08, 17: 0.05, 18: 0.04, 19: 0.04, 20: 0.12, 21: 0.24, 22: 0.41, 23: 0.53}}",False,15,3,10,3,2.0,13,,,16,12,358.08552385693764,-358.08552385693764,11,97.26508385263804,32.553229441539784,1859.1567535821894,0,0.19675536109249775,0.19675536109249775,0.19675536109249775,1.2,1.5,28.799999999999997,36.0,8.333333333333332,91.66666666666666,32.553229441539784,154.92972946518245,2,6.0,5,7,0,4,25.0,2.25,100.0,47.14048358248041,5.591233467565344,41.54925011491506,12.842437488429878,16.65459591391405,17.606546343510885,81.34288359176227,30.448983831940765,96.82540460896273,2.782726574342121,2,16.666666666666664,,
20250516_155703,rl_aca,109,,,,,,,,,,,2,1,13.4,20.9,39,600,60,80,"(6.0, 6.0)",0.71,3.0,0.26666666666666666,False,109,0.01,"{'type': 'hourly', 'hourly_rates': {0: 1.59, 1: 4.38, 2: 2.38, 3: 1.15, 4: 0.84, 5: 0.76, 6: 1.0, 7: 2.25, 8: 2.86, 9: 1.94, 10: 1.23, 11: 0.85, 12: 0.55, 13: 0.37, 14: 0.21, 15: 0.13, 16: 0.08, 17: 0.05, 18: 0.04, 19: 0.04, 20: 0.12, 21: 0.24, 22: 0.41, 23: 0.53}}",False,15,3,10,3,2.0,13,,,14,0,0,0,0,0,0,0,14,1.0,1.0,1.0,0.0,0.0,0.0,0.0,0,0,0,0,0,0,0,0,,0,0,0,0,0,0,0,0,0.0,0,0.0,0,0.0,0.0,0,0,,
20250516_155703,rl_aca,110,,,,,,,,,,,2,1,13.4,20.9,39,600,60,80,"(6.0, 6.0)",0.71,3.0,0.26666666666666666,False,110,0.01,"{'type': 'hourly', 'hourly_rates': {0: 1.59, 1: 4.38, 2: 2.38, 3: 1.15, 4: 0.84, 5: 0.76, 6: 1.0, 7: 2.25, 8: 2.86, 9: 1.94, 10: 1.23, 11: 0.85, 12: 0.55, 13: 0.37, 14: 0.21, 15: 0.13, 16: 0.08, 17: 0.05, 18: 0.04, 19: 0.04, 20: 0.12, 21: 0.24, 22: 0.41, 23: 0.53}}",False,15,3,10,3,2.0,13,,,13,9,347.5109922389746,-347.5109922389746,7,72.04388933691678,49.64442746271066,1724.7219248194451,9,0.2631341460567084,0.2631341460567084,0.2631341460567084,0.9,1.125,21.6,27.0,22.22222222222222,77.77777777777779,49.64442746271066,191.6357694243828,2,4.5,4,5,1,4,44.44444444444444,2.5,100.0,25.744723101212678,3.4123818722244095,22.33234122898827,13.20979429503133,21.246483473143826,10.234573364391105,40.307493843395775,23.444367659422436,52.92505258973344,4.927717764498709,1,11.11111111111111,,
20250516_155704,rl_aca,111,,,,,,,,,,,2,1,13.4,20.9,39,600,60,80,"(6.0, 6.0)",0.71,3.0,0.26666666666666666,False,111,0.01,"{'type': 'hourly', 'hourly_rates': {0: 1.59, 1: 4.38, 2: 2.38, 3: 1.15, 4: 0.84, 5: 0.76, 6: 1.0, 7: 2.25, 8: 2.86, 9: 1.94, 10: 1.23, 11: 0.85, 12: 0.55, 13: 0.37, 14: 0.21, 15: 0.13, 16: 0.08, 17: 0.05, 18: 0.04, 19: 0.04, 20: 0.12, 21: 0.24, 22: 0.41, 23: 0.53}}",False,15,3,10,3,2.0,13,,,17,10,460.42807987864705,-460.428079878647,12,114.74014131393129,38.36900665655392,2208.9573493744524,17,0.43101142867473263,0.43101142867473263,0.43101142867473263,1.0,1.25,24.0,30.0,-20.0,120.0,38.36900665655392,220.89573493744524,2,5.0,4,6,1,5,40.0,2.4,100.0,39.00273538292196,5.56851464692987,33.43422073599209,12.308498849042499,15.213544953380747,15.031056184251863,38.412722297534444,27.339555033294364,53.62626725091519,6.465461318857109,1,10.0,,
20250516_155704,rl_aca,112,,,,,,,,,,,2,1,13.4,20.9,39,600,60,80,"(6.0, 6.0)",0.71,3.0,0.26666666666666666,False,112,0.01,"{'type': 'hourly', 'hourly_rates': {0: 1.59, 1: 4.38, 2: 2.38, 3: 1.15, 4: 0.84, 5: 0.76, 6: 1.0, 7: 2.25, 8: 2.86, 9: 1.94, 10: 1.23, 11: 0.85, 12: 0.55, 13: 0.37, 14: 0.21, 15: 0.13, 16: 0.08, 17: 0.05, 18: 0.04, 19: 0.04, 20: 0.12, 21: 0.24, 22: 0.41, 23: 0.53}}",False,15,3,10,3,2.0,13,,,10,10,22.68548597343751,-22.68548597343751,3,19.040557344057063,7.5618286578125025,964.5302290209286,3,0.382128602528875,0.382128602528875,0.382128602528875,1.0,1.25,24.0,30.0,70.0,30.0,7.5618286578125025,96.45302290209285,2,5.0,5,5,0,0,0,0,0,0,0,0,13.300223535305719,20.70358644633348,7.16222486807235,31.20410209620193,20.46244840337807,39.04055734405706,34.0145806065291,4,40.0,,
20250516_155704,rl_aca,113,,,,,,,,,,,2,1,13.4,20.9,39,600,60,80,"(6.0, 6.0)",0.71,3.0,0.26666666666666666,False,113,0.01,"{'type': 'hourly', 'hourly_rates': {0: 1.59, 1: 4.38, 2: 2.38, 3: 1.15, 4: 0.84, 5: 0.76, 6: 1.0, 7: 2.25, 8: 2.86, 9: 1.94, 10: 1.23, 11: 0.85, 12: 0.55, 13: 0.37, 14: 0.21, 15: 0.13, 16: 0.08, 17: 0.05, 18: 0.04, 19: 0.04, 20: 0.12, 21: 0.24, 22: 0.41, 23: 0.53}}",False,15,3,10,3,2.0,13,,,15,15,5.203677976332898,-5.203677976332898,4,2.479266071465844,1.3009194940832245,1648.9446043851576,0,0.183224340375164,0.183224340375164,0.183224340375164,1.5,1.875,36.0,45.0,73.33333333333333,26.666666666666668,1.3009194940832245,109.92964029234385,2,7.5,7,8,1,0,0,0,0,0,0,0,12.209072384571337,18.725192413418597,4.9794181890292935,16.851962945953744,17.18849057360063,27.479266071465844,35.38471177002293,7,46.666666666666664,,
20250516_155705,rl_aca,114,,,,,,,,,,,2,1,13.4,20.9,39,600,60,80,"(6.0, 6.0)",0.71,3.0,0.26666666666666666,False,114,0.01,"{'type': 'hourly', 'hourly_rates': {0: 1.59, 1: 4.38, 2: 2.38, 3: 1.15, 4: 0.84, 5: 0.76, 6: 1.0, 7: 2.25, 8: 2.86, 9: 1.94, 10: 1.23, 11: 0.85, 12: 0.55, 13: 0.37, 14: 0.21, 15: 0.13, 16: 0.08, 17: 0.05, 18: 0.04, 19: 0.04, 20: 0.12, 21: 0.24, 22: 0.41, 23: 0.53}}",False,15,3,10,3,2.0,13,,,14,11,212.9157584762134,-212.9157584762134,7,73.07601898700386,30.416536925173343,1400.0031682239476,10,0.20829181390564372,0.20829181390564372,0.20829181390564372,1.1,1.375,26.400000000000002,33.0,36.36363636363637,63.63636363636363,30.416536925173343,127.27301529308615,2,5.5,5,6,0,4,27.27272727272727,2.25,100.0,31.560859805031637,0.050228238121494684,31.510631566910142,11.799026313259173,16.808173119106183,11.905025832458447,50.76087267995234,23.70405214571762,61.906190298110246,0.0,0,0.0,,
20250516_155706,rl_aca,115,,,,,,,,,,,2,1,13.4,20.9,39,600,60,80,"(6.0, 6.0)",0.71,3.0,0.26666666666666666,False,115,0.01,"{'type': 'hourly', 'hourly_rates': {0: 1.59, 1: 4.38, 2: 2.38, 3: 1.15, 4: 0.84, 5: 0.76, 6: 1.0, 7: 2.25, 8: 2.86, 9: 1.94, 10: 1.23, 11: 0.85, 12: 0.55, 13: 0.37, 14: 0.21, 15: 0.13, 16: 0.08, 17: 0.05, 18: 0.04, 19: 0.04, 20: 0.12, 21: 0.24, 22: 0.41, 23: 0.53}}",False,15,3,10,3,2.0,13,,,14,0,0,0,0,0,0,0,14,1.0,1.0,1.0,0.0,0.0,0.0,0.0,0,0,0,0,0,0,0,0,,0,0,0,0,0,0,0,0,0.0,0,0.0,0,0.0,0.0,0,0,,
20250516_155706,rl_aca,116,,,,,,,,,,,2,1,13.4,20.9,39,600,60,80,"(6.0, 6.0)",0.71,3.0,0.26666666666666666,False,116,0.01,"{'type': 'hourly', 'hourly_rates': {0: 1.59, 1: 4.38, 2: 2.38, 3: 1.15, 4: 0.84, 5: 0.76, 6: 1.0, 7: 2.25, 8: 2.86, 9: 1.94, 10: 1.23, 11: 0.85, 12: 0.55, 13: 0.37, 14: 0.21, 15: 0.13, 16: 0.08, 17: 0.05, 18: 0.04, 19: 0.04, 20: 0.12, 21: 0.24, 22: 0.41, 23: 0.53}}",False,15,3,10,3,2.0,13,,,7,0,0,0,0,0,0,0,7,1.0,1.0,1.0,0.0,0.0,0.0,0.0,0,0,0,0,0,0,0,0,,0,0,0,0,0,0,0,0,0.0,0,0.0,0,0.0,0.0,0,0,,
20250516_155706,rl_aca,117,,,,,,,,,,,2,1,13.4,20.9,39,600,60,80,"(6.0, 6.0)",0.71,3.0,0.26666666666666666,False,117,0.01,"{'type': 'hourly', 'hourly_rates': {0: 1.59, 1: 4.38, 2: 2.38, 3: 1.15, 4: 0.84, 5: 0.76, 6: 1.0, 7: 2.25, 8: 2.86, 9: 1.94, 10: 1.23, 11: 0.85, 12: 0.55, 13: 0.37, 14: 0.21, 15: 0.13, 16: 0.08, 17: 0.05, 18: 0.04, 19: 0.04, 20: 0.12, 21: 0.24, 22: 0.41, 23: 0.53}}",False,15,3,10,3,2.0,13,,,8,8,17.12622117362133,-17.12622117362133,1,17.12622117362133,17.12622117362133,596.7476760303439,0,0.6695098480247323,0.6695098480247323,0.6695098480247323,0.8,1.0,19.200000000000003,24.0,87.5,12.5,17.12622117362133,74.59345950379299,2,4.0,3,5,0,0,0,0,0,0,0,0,11.61673133648915,15.0790188864529,3.692590057081563,26.097328254047966,15.309321393570713,39.12622117362133,27.093334172969012,6,75.0,,
20250516_155706,rl_aca,118,,,,,,,,,,,2,1,13.4,20.9,39,600,60,80,"(6.0, 6.0)",0.71,3.0,0.26666666666666666,False,118,0.01,"{'type': 'hourly', 'hourly_rates': {0: 1.59, 1: 4.38, 2: 2.38, 3: 1.15, 4: 0.84, 5: 0.76, 6: 1.0, 7: 2.25, 8: 2.86, 9: 1.94, 10: 1.23, 11: 0.85, 12: 0.55, 13: 0.37, 14: 0.21, 15: 0.13, 16: 0.08, 17: 0.05, 18: 0.04, 19: 0.04, 20: 0.12, 21: 0.24, 22: 0.41, 23: 0.53}}",False,15,3,10,3,2.0,13,,,5,5,17.026102866228285,-17.026102866228285,3,7.428875604978913,5.675367622076095,1195.0519784237724,0,0.616062552510461,0.616062552510461,0.616062552510461,0.5,0.625,12.0,15.0,40.0,60.0,5.675367622076095,239.01039568475449,2,2.5,2,3,0,0,0,0,0,0,0,0,13.297332768070115,15.973442565207648,4.391143355859529,7.865062197186262,17.688476123929643,20.428875604978913,1.7177416737824274,1,20.0,,
20250516_155707,rl_aca,119,,,,,,,,,,,2,1,13.4,20.9,39,600,60,80,"(6.0, 6.0)",0.71,3.0,0.26666666666666666,False,119,0.01,"{'type': 'hourly', 'hourly_rates': {0: 1.59, 1: 4.38, 2: 2.38, 3: 1.15, 4: 0.84, 5: 0.76, 6: 1.0, 7: 2.25, 8: 2.86, 9: 1.94, 10: 1.23, 11: 0.85, 12: 0.55, 13: 0.37, 14: 0.21, 15: 0.13, 16: 0.08, 17: 0.05, 18: 0.04, 19: 0.04, 20: 0.12, 21: 0.24, 22: 0.41, 23: 0.53}}",False,15,3,10,3,2.0,13,,,21,12,1252.4156559257915,-1252.4156559257917,17,151.1736147465516,73.67150917210539,2854.2497060656387,0,0.22651842548879303,0.22651842548879303,0.22651842548879303,1.2,1.5,28.799999999999997,36.0,-41.66666666666667,141.66666666666669,73.67150917210539,237.85414217213656,2,6.0,5,7,1,7,41.66666666666667,2.2857142857142856,100.0,88.70811743728294,32.87188050325663,55.83623693402631,15.021683215097726,22.38591692665686,49.09825854445694,101.37584976525017,64.11994175955466,119.49326781253188,16.27923535892839,1,8.333333333333332,,
20250516_155708,rl_aca,120,,,,,,,,,,,2,1,13.4,20.9,39,600,60,80,"(6.0, 6.0)",0.71,3.0,0.26666666666666666,False,120,0.01,"{'type': 'hourly', 'hourly_rates': {0: 1.59, 1: 4.38, 2: 2.38, 3: 1.15, 4: 0.84, 5: 0.76, 6: 1.0, 7: 2.25, 8: 2.86, 9: 1.94, 10: 1.23, 11: 0.85, 12: 0.55, 13: 0.37, 14: 0.21, 15: 0.13, 16: 0.08, 17: 0.05, 18: 0.04, 19: 0.04, 20: 0.12, 21: 0.24, 22: 0.41, 23: 0.53}}",False,15,3,10,3,2.0,13,,,5,0,0,0,0,0,0,0,5,1.0,1.0,1.0,0.0,0.0,0.0,0.0,0,0,0,0,0,0,0,0,,0,0,0,0,0,0,0,0,0.0,0,0.0,0,0.0,0.0,0,0,,
20250516_155708,rl_aca,121,,,,,,,,,,,2,1,13.4,20.9,39,600,60,80,"(6.0, 6.0)",0.71,3.0,0.26666666666666666,False,121,0.01,"{'type': 'hourly', 'hourly_rates': {0: 1.59, 1: 4.38, 2: 2.38, 3: 1.15, 4: 0.84, 5: 0.76, 6: 1.0, 7: 2.25, 8: 2.86, 9: 1.94, 10: 1.23, 11: 0.85, 12: 0.55, 13: 0.37, 14: 0.21, 15: 0.13, 16: 0.08, 17: 0.05, 18: 0.04, 19: 0.04, 20: 0.12, 21: 0.24, 22: 0.41, 23: 0.53}}",False,15,3,10,3,2.0,13,,,7,7,29.044978149738434,-29.044978149738434,2,14.707709952603274,14.522489074869217,812.5023764302333,3,0.4983038749851826,0.4983038749851826,0.4983038749851826,0.7,0.875,16.799999999999997,21.0,71.42857142857143,28.57142857142857,14.522489074869217,116.0717680614619,1,7.0,7,7,1,0,0,0,0,0,0,0,14.195984924713047,22.162912389315636,6.684874817464269,24.062945051867757,20.880859742177314,39.33726819713516,18.32037580219326,3,42.857142857142854,,
20250516_155708,rl_aca,122,,,,,,,,,,,2,1,13.4,20.9,39,600,60,80,"(6.0, 6.0)",0.71,3.0,0.26666666666666666,False,122,0.01,"{'type': 'hourly', 'hourly_rates': {0: 1.59, 1: 4.38, 2: 2.38, 3: 1.15, 4: 0.84, 5: 0.76, 6: 1.0, 7: 2.25, 8: 2.86, 9: 1.94, 10: 1.23, 11: 0.85, 12: 0.55, 13: 0.37, 14: 0.21, 15: 0.13, 16: 0.08, 17: 0.05, 18: 0.04, 19: 0.04, 20: 0.12, 21: 0.24, 22: 0.41, 23: 0.53}}",False,15,3,10,3,2.0,13,,,11,10,819.2655762765837,-819.2655762765837,4,418.8465910681858,204.81639406914593,888.9845969426561,6,0.3925164246483824,0.3925164246483824,0.3925164246483824,1.0,1.25,24.0,30.0,60.0,40.0,204.81639406914593,88.89845969426561,2,5.0,4,6,0,1,10.0,2.0,100.0,14.995886620236092,88.7025556169234,-73.70666899668731,12.550476601155358,18.78414337150511,84.4465616670124,424.0624476966807,96.99703826816776,442.8465910681858,27.880348195079787,6,60.0,,
20250516_155709,rl_aca,123,,,,,,,,,,,2,1,13.4,20.9,39,600,60,80,"(6.0, 6.0)",0.71,3.0,0.26666666666666666,False,123,0.01,"{'type': 'hourly', 'hourly_rates': {0: 1.59, 1: 4.38, 2: 2.38, 3: 1.15, 4: 0.84, 5: 0.76, 6: 1.0, 7: 2.25, 8: 2.86, 9: 1.94, 10: 1.23, 11: 0.85, 12: 0.55, 13: 0.37, 14: 0.21, 15: 0.13, 16: 0.08, 17: 0.05, 18: 0.04, 19: 0.04, 20: 0.12, 21: 0.24, 22: 0.41, 23: 0.53}}",False,15,3,10,3,2.0,13,,,15,10,9.344657462936368,-9.344657462936368,2,6.0622346105921,4.672328731468184,546.1543482493696,5,0.4225052542509665,0.4225052542509665,0.4225052542509665,1.0,1.25,24.0,30.0,80.0,20.0,4.672328731468184,54.61543482493696,2,5.0,4,6,0,0,0,0,0,0,0,0,11.632056441039037,17.887375565071324,3.760459890442315,19.24455873165428,15.392516331481351,28.0622346105921,35.568949297496324,6,60.0,,
20250516_155709,rl_aca,124,,,,,,,,,,,2,1,13.4,20.9,39,600,60,80,"(6.0, 6.0)",0.71,3.0,0.26666666666666666,False,124,0.01,"{'type': 'hourly', 'hourly_rates': {0: 1.59, 1: 4.38, 2: 2.38, 3: 1.15, 4: 0.84, 5: 0.76, 6: 1.0, 7: 2.25, 8: 2.86, 9: 1.94, 10: 1.23, 11: 0.85, 12: 0.55, 13: 0.37, 14: 0.21, 15: 0.13, 16: 0.08, 17: 0.05, 18: 0.04, 19: 0.04, 20: 0.12, 21: 0.24, 22: 0.41, 23: 0.53}}",False,15,3,10,3,2.0,13,,,10,8,94.07513984990975,-94.07513984990975,5,36.40012392648441,18.815027969981948,1005.9083467497395,0,0.2915952819959306,0.2915952819959306,0.2915952819959306,0.8,1.0,19.200000000000003,24.0,37.5,62.5,18.815027969981948,125.73854334371744,2,4.0,2,6,0,2,25.0,2.0,100.0,23.95543374868356,0.6750532523834281,23.280380496300133,13.090369802878802,21.686407883118775,8.499735019439623,22.838310414813748,21.590104822318423,35.40012392648441,12.77108981311767,3,37.5,,
20250516_155710,rl_aca,125,,,,,,,,,,,2,1,13.4,20.9,39,600,60,80,"(6.0, 6.0)",0.71,3.0,0.26666666666666666,False,125,0.01,"{'type': 'hourly', 'hourly_rates': {0: 1.59, 1: 4.38, 2: 2.38, 3: 1.15, 4: 0.84, 5: 0.76, 6: 1.0, 7: 2.25, 8: 2.86, 9: 1.94, 10: 1.23, 11: 0.85, 12: 0.55, 13: 0.37, 14: 0.21, 15: 0.13, 16: 0.08, 17: 0.05, 18: 0.04, 19: 0.04, 20: 0.12, 21: 0.24, 22: 0.41, 23: 0.53}}",False,15,3,10,3,2.0,13,,,18,11,249.0105442793925,-249.0105442793925,8,58.25775338307966,31.12631803492406,1415.3644729517066,5,0.41668763520323154,0.41668763520323154,0.41668763520323154,1.1,1.375,26.400000000000002,33.0,27.27272727272727,72.72727272727273,31.12631803492406,128.66949754106423,2,5.5,5,6,0,2,18.181818181818183,2.0,100.0,33.770985085052274,12.566898646492442,21.204086438559834,13.885329113377884,29.775700731568634,17.96834397886084,59.15755024442507,31.853673092238726,71.59520939213354,32.48197805678831,2,18.181818181818183,,
20250516_155710,rl_aca,126,,,,,,,,,,,2,1,13.4,20.9,39,600,60,80,"(6.0, 6.0)",0.71,3.0,0.26666666666666666,False,126,0.01,"{'type': 'hourly', 'hourly_rates': {0: 1.59, 1: 4.38, 2: 2.38, 3: 1.15, 4: 0.84, 5: 0.76, 6: 1.0, 7: 2.25, 8: 2.86, 9: 1.94, 10: 1.23, 11: 0.85, 12: 0.55, 13: 0.37, 14: 0.21, 15: 0.13, 16: 0.08, 17: 0.05, 18: 0.04, 19: 0.04, 20: 0.12, 21: 0.24, 22: 0.41, 23: 0.53}}",False,15,3,10,3,2.0,13,,,8,0,0,0,0,0,0,0,8,1.0,1.0,1.0,0.0,0.0,0.0,0.0,0,0,0,0,0,0,0,0,,0,0,0,0,0,0,0,0,0.0,0,0.0,0,0.0,0.0,0,0,,
20250516_155711,rl_aca,127,,,,,,,,,,,2,1,13.4,20.9,39,600,60,80,"(6.0, 6.0)",0.71,3.0,0.26666666666666666,False,127,0.01,"{'type': 'hourly', 'hourly_rates': {0: 1.59, 1: 4.38, 2: 2.38, 3: 1.15, 4: 0.84, 5: 0.76, 6: 1.0, 7: 2.25, 8: 2.86, 9: 1.94, 10: 1.23, 11: 0.85, 12: 0.55, 13: 0.37, 14: 0.21, 15: 0.13, 16: 0.08, 17: 0.05, 18: 0.04, 19: 0.04, 20: 0.12, 21: 0.24, 22: 0.41, 23: 0.53}}",False,15,3,10,3,2.0,13,,,14,10,260.1978752858914,-260.1978752858914,10,53.679833081439824,26.01978752858914,1426.8675730740204,0,0.2632245993528814,0.2632245993528814,0.2632245993528814,1.0,1.25,24.0,30.0,0.0,100.0,26.01978752858914,142.68675730740205,2,5.0,5,5,1,4,40.0,2.0,100.0,25.63234173008746,5.609545466027659,20.022796264059803,12.40485829851233,21.552572597754704,14.928490343846107,56.71688691871128,27.333348642358438,68.67983308143982,17.565392920485507,3,30.0,,
20250516_155711,rl_aca,128,,,,,,,,,,,2,1,13.4,20.9,39,600,60,80,"(6.0, 6.0)",0.71,3.0,0.26666666666666666,False,128,0.01,"{'type': 'hourly', 'hourly_rates': {0: 1.59, 1: 4.38, 2: 2.38, 3: 1.15, 4: 0.84, 5: 0.76, 6: 1.0, 7: 2.25, 8: 2.86, 9: 1.94, 10: 1.23, 11: 0.85, 12: 0.55, 13: 0.37, 14: 0.21, 15: 0.13, 16: 0.08, 17: 0.05, 18: 0.04, 19: 0.04, 20: 0.12, 21: 0.24, 22: 0.41, 23: 0.53}}",False,15,3,10,3,2.0,13,,,11,2,184.73168163253013,-184.73168163253013,3,89.86247995907053,61.577227210843375,307.0652728387306,10,0.770487722875853,0.770487722875853,0.770487722875853,0.2,0.25,4.800000000000001,6.0,-50.0,150.0,61.577227210843375,153.5326364193653,1,2.0,2,2,1,1,50.0,3.0,100.0,21.869201673459585,0.0,21.869201673459585,15.191585183212958,15.752184224635116,1.4929810293807577,2.8689446099370457,16.684566212593715,17.499930751727845,7.88298255117553,1,50.0,,
20250516_155712,rl_aca,129,,,,,,,,,,,2,1,13.4,20.9,39,600,60,80,"(6.0, 6.0)",0.71,3.0,0.26666666666666666,False,129,0.01,"{'type': 'hourly', 'hourly_rates': {0: 1.59, 1: 4.38, 2: 2.38, 3: 1.15, 4: 0.84, 5: 0.76, 6: 1.0, 7: 2.25, 8: 2.86, 9: 1.94, 10: 1.23, 11: 0.85, 12: 0.55, 13: 0.37, 14: 0.21, 15: 0.13, 16: 0.08, 17: 0.05, 18: 0.04, 19: 0.04, 20: 0.12, 21: 0.24, 22: 0.41, 23: 0.53}}",False,15,3,10,3,2.0,13,,,21,14,602.6946979531737,-602.6946979531737,12,158.99140561449246,50.224558162764474,2833.7319360599904,1,0.05969898740349712,0.05969898740349712,0.05969898740349712,1.4,1.75,33.599999999999994,42.0,14.285714285714285,85.71428571428571,50.224558162764474,202.40942400428503,2,7.0,5,9,0,8,57.14285714285714,2.125,100.0,22.375607621836284,15.141005052602585,7.234602569233699,11.204808107776984,15.84045655578268,17.649796271670734,89.68833119344566,28.854604379447718,99.38288747393625,7.384095114029293,3,21.428571428571427,,
20250516_155713,rl_aca,130,,,,,,,,,,,2,1,13.4,20.9,39,600,60,80,"(6.0, 6.0)",0.71,3.0,0.26666666666666666,False,130,0.01,"{'type': 'hourly', 'hourly_rates': {0: 1.59, 1: 4.38, 2: 2.38, 3: 1.15, 4: 0.84, 5: 0.76, 6: 1.0, 7: 2.25, 8: 2.86, 9: 1.94, 10: 1.23, 11: 0.85, 12: 0.55, 13: 0.37, 14: 0.21, 15: 0.13, 16: 0.08, 17: 0.05, 18: 0.04, 19: 0.04, 20: 0.12, 21: 0.24, 22: 0.41, 23: 0.53}}",False,15,3,10,3,2.0,13,,,10,0,0,0,0,0,0,0,10,1.0,1.0,1.0,0.0,0.0,0.0,0.0,0,0,0,0,0,0,0,0,,0,0,0,0,0,0,0,0,0.0,0,0.0,0,0.0,0.0,0,0,,
20250516_155713,rl_aca,131,,,,,,,,,,,2,1,13.4,20.9,39,600,60,80,"(6.0, 6.0)",0.71,3.0,0.26666666666666666,False,131,0.01,"{'type': 'hourly', 'hourly_rates': {0: 1.59, 1: 4.38, 2: 2.38, 3: 1.15, 4: 0.84, 5: 0.76, 6: 1.0, 7: 2.25, 8: 2.86, 9: 1.94, 10: 1.23, 11: 0.85, 12: 0.55, 13: 0.37, 14: 0.21, 15: 0.13, 16: 0.08, 17: 0.05, 18: 0.04, 19: 0.04, 20: 0.12, 21: 0.24, 22: 0.41, 23: 0.53}}",False,15,3,10,3,2.0,13,,,10,8,42.31084473407397,-42.31084473407397,3,22.104950670404918,14.103614911357989,704.8242329003562,2,0.4366756698416301,0.4366756698416301,0.4366756698416301,0.8,1.0,19.200000000000003,24.0,62.5,37.5,14.103614911357989,88.10302911254452,2,4.0,4,4,1,0,0,0,0,0,0,0,10.870726435511063,15.005258272217269,10.436197249139934,34.544530527230535,21.306923684650997,46.10495067040492,16.9179336524304,3,37.5,,
20250516_155714,rl_aca,132,,,,,,,,,,,2,1,13.4,20.9,39,600,60,80,"(6.0, 6.0)",0.71,3.0,0.26666666666666666,False,132,0.01,"{'type': 'hourly', 'hourly_rates': {0: 1.59, 1: 4.38, 2: 2.38, 3: 1.15, 4: 0.84, 5: 0.76, 6: 1.0, 7: 2.25, 8: 2.86, 9: 1.94, 10: 1.23, 11: 0.85, 12: 0.55, 13: 0.37, 14: 0.21, 15: 0.13, 16: 0.08, 17: 0.05, 18: 0.04, 19: 0.04, 20: 0.12, 21: 0.24, 22: 0.41, 23: 0.53}}",False,15,3,10,3,2.0,13,,,14,6,286.6320638258037,-286.6320638258037,8,96.46614532408381,35.82900797822546,1005.299075286467,12,0.482512231147117,0.482512231147117,0.482512231147117,0.6,0.75,14.399999999999999,18.0,-33.33333333333333,133.33333333333331,35.82900797822546,167.54984588107783,2,3.0,3,3,1,4,50.0,2.5,100.0,18.732429439298716,0.0,18.732429439298716,13.769577660813306,19.599439437829673,3.0582567832977308,10.422877395970257,16.827834444111037,21,21.842939634057103,4,66.66666666666666,,
20250516_155714,rl_aca,133,,,,,,,,,,,2,1,13.4,20.9,39,600,60,80,"(6.0, 6.0)",0.71,3.0,0.26666666666666666,False,133,0.01,"{'type': 'hourly', 'hourly_rates': {0: 1.59, 1: 4.38, 2: 2.38, 3: 1.15, 4: 0.84, 5: 0.76, 6: 1.0, 7: 2.25, 8: 2.86, 9: 1.94, 10: 1.23, 11: 0.85, 12: 0.55, 13: 0.37, 14: 0.21, 15: 0.13, 16: 0.08, 17: 0.05, 18: 0.04, 19: 0.04, 20: 0.12, 21: 0.24, 22: 0.41, 23: 0.53}}",False,15,3,10,3,2.0,13,,,9,9,7.415244453034063,-7.415244453034063,1,7.415244453034063,7.415244453034063,909.074000079295,0,0.450951657565079,0.450951657565079,0.450951657565079,0.9,1.125,21.6,27.0,88.88888888888889,11.11111111111111,7.415244453034063,101.00822223103279,2,4.5,3,6,1,0,0,0,0,0,0,0,10.26976715094803,18.31894389419574,4.678951732146008,15.376349929308216,14.948718883094038,28.415244453034063,7.6485345722589795,4,44.44444444444444,,
20250516_155715,rl_aca,134,,,,,,,,,,,2,1,13.4,20.9,39,600,60,80,"(6.0, 6.0)",0.71,3.0,0.26666666666666666,False,134,0.01,"{'type': 'hourly', 'hourly_rates': {0: 1.59, 1: 4.38, 2: 2.38, 3: 1.15, 4: 0.84, 5: 0.76, 6: 1.0, 7: 2.25, 8: 2.86, 9: 1.94, 10: 1.23, 11: 0.85, 12: 0.55, 13: 0.37, 14: 0.21, 15: 0.13, 16: 0.08, 17: 0.05, 18: 0.04, 19: 0.04, 20: 0.12, 21: 0.24, 22: 0.41, 23: 0.53}}",False,15,3,10,3,2.0,13,,,10,7,64.23972209278668,-64.23972209278668,4,34.94964069134727,16.05993052319667,1088.4126717069057,10,0.5197030541763993,0.5197030541763993,0.5197030541763993,0.7,0.875,16.799999999999997,21.0,42.857142857142854,57.14285714285714,16.05993052319667,155.48752452955796,2,3.5,2,5,1,3,28.57142857142857,2.3333333333333335,100.0,20.233601381460744,1.300195154446476,18.933406227014267,16.10421214960218,19.85159101905981,4.196670346349039,9.657445844896358,20.30088249595122,28.94964069134727,9.946076367675246,3,42.857142857142854,,
20250516_155715,rl_aca,135,,,,,,,,,,,2,1,13.4,20.9,39,600,60,80,"(6.0, 6.0)",0.71,3.0,0.26666666666666666,False,135,0.01,"{'type': 'hourly', 'hourly_rates': {0: 1.59, 1: 4.38, 2: 2.38, 3: 1.15, 4: 0.84, 5: 0.76, 6: 1.0, 7: 2.25, 8: 2.86, 9: 1.94, 10: 1.23, 11: 0.85, 12: 0.55, 13: 0.37, 14: 0.21, 15: 0.13, 16: 0.08, 17: 0.05, 18: 0.04, 19: 0.04, 20: 0.12, 21: 0.24, 22: 0.41, 23: 0.53}}",False,15,3,10,3,2.0,13,,,8,2,0,0,0,0,0,220.75488212292598,6,0.9618102079892928,0.9618102079892928,0.9618102079892928,0.2,0.25,4.800000000000001,6.0,100.0,0.0,0,110.37744106146299,1,2.0,2,2,1,0,0,0,0,0,0,0,10.327594377566783,10.76357119237582,2.274739069022843,3.9554047261390224,12.602333446589626,14.718975918514843,0.4059265880933367,1,50.0,,
20250516_155716,rl_aca,136,,,,,,,,,,,2,1,13.4,20.9,39,600,60,80,"(6.0, 6.0)",0.71,3.0,0.26666666666666666,False,136,0.01,"{'type': 'hourly', 'hourly_rates': {0: 1.59, 1: 4.38, 2: 2.38, 3: 1.15, 4: 0.84, 5: 0.76, 6: 1.0, 7: 2.25, 8: 2.86, 9: 1.94, 10: 1.23, 11: 0.85, 12: 0.55, 13: 0.37, 14: 0.21, 15: 0.13, 16: 0.08, 17: 0.05, 18: 0.04, 19: 0.04, 20: 0.12, 21: 0.24, 22: 0.41, 23: 0.53}}",False,15,3,10,3,2.0,13,,,13,9,306.9993341096007,-306.99933410960074,9,73.06179487444123,34.111037123288966,1235.0995835488409,7,0.176431562079044,0.176431562079044,0.176431562079044,0.9,1.125,21.6,27.0,0.0,100.0,34.111037123288966,137.23328706098232,2,4.5,4,5,1,4,33.33333333333333,2.25,100.0,30.5059809140879,4.2227038636901275,26.28327705039777,12.613493853600028,17.233165612584358,14.554409391178828,44.394124768624465,27.167903244778856,59.49150681712082,17.688915573534956,2,22.22222222222222,,
20250516_155716,rl_aca,137,,,,,,,,,,,2,1,13.4,20.9,39,600,60,80,"(6.0, 6.0)",0.71,3.0,0.26666666666666666,False,137,0.01,"{'type': 'hourly', 'hourly_rates': {0: 1.59, 1: 4.38, 2: 2.38, 3: 1.15, 4: 0.84, 5: 0.76, 6: 1.0, 7: 2.25, 8: 2.86, 9: 1.94, 10: 1.23, 11: 0.85, 12: 0.55, 13: 0.37, 14: 0.21, 15: 0.13, 16: 0.08, 17: 0.05, 18: 0.04, 19: 0.04, 20: 0.12, 21: 0.24, 22: 0.41, 23: 0.53}}",False,15,3,10,3,2.0,13,,,12,5,1463.815218015277,-1463.815218015277,8,292.16455931590394,182.97690225190962,969.5250517770467,10,0.7626767290343323,0.7626767290343323,0.7626767290343323,0.5,0.625,12.0,15.0,-60.0,160.0,182.97690225190962,193.90501035540933,2,2.5,2,3,1,3,60.0,2.3333333333333335,100.0,151.64001166451555,4.35817104293119,147.28184062158437,16.550555700745537,18.66394851636946,85.66151602884223,172.17847311674922,102.21207172958778,190.84242163311868,8.40378753631478,1,20.0,,
20250516_155717,rl_aca,138,,,,,,,,,,,2,1,13.4,20.9,39,600,60,80,"(6.0, 6.0)",0.71,3.0,0.26666666666666666,False,138,0.01,"{'type': 'hourly', 'hourly_rates': {0: 1.59, 1: 4.38, 2: 2.38, 3: 1.15, 4: 0.84, 5: 0.76, 6: 1.0, 7: 2.25, 8: 2.86, 9: 1.94, 10: 1.23, 11: 0.85, 12: 0.55, 13: 0.37, 14: 0.21, 15: 0.13, 16: 0.08, 17: 0.05, 18: 0.04, 19: 0.04, 20: 0.12, 21: 0.24, 22: 0.41, 23: 0.53}}",False,15,3,10,3,2.0,13,,,6,4,0,0,0,0,0,362.13199511438273,6,0.7007305397024414,0.7007305397024414,0.7007305397024414,0.4,0.5,9.600000000000001,12.0,100.0,0.0,0,90.53299877859568,2,2.0,1,3,1,0,0,0,0,0,0,0,13.81192285632318,18.0194892321295,4.428465738955763,10.569039762589512,18.240388595278944,19.857885940427423,8.078319621374142,2,50.0,,
20250516_155717,rl_aca,139,,,,,,,,,,,2,1,13.4,20.9,39,600,60,80,"(6.0, 6.0)",0.71,3.0,0.26666666666666666,False,139,0.01,"{'type': 'hourly', 'hourly_rates': {0: 1.59, 1: 4.38, 2: 2.38, 3: 1.15, 4: 0.84, 5: 0.76, 6: 1.0, 7: 2.25, 8: 2.86, 9: 1.94, 10: 1.23, 11: 0.85, 12: 0.55, 13: 0.37, 14: 0.21, 15: 0.13, 16: 0.08, 17: 0.05, 18: 0.04, 19: 0.04, 20: 0.12, 21: 0.24, 22: 0.41, 23: 0.53}}",False,15,3,10,3,2.0,13,,,12,10,131.3560146175755,-131.3560146175755,7,50.43551333147184,18.76514494536793,1385.484196307862,8,0.5267358964740262,0.5267358964740262,0.5267358964740262,1.0,1.25,24.0,30.0,30.0,70.0,18.76514494536793,138.5484196307862,2,5.0,5,5,1,3,30.0,2.3333333333333335,100.0,25.411832040892666,7.555348550226406,17.85648349066626,12.999211772105577,22.217831691052993,16.879335193763893,45.60359178195901,29.878546965869468,59.43551333147184,23.853572512476724,3,30.0,,
20250516_155717,rl_aca,140,,,,,,,,,,,2,1,13.4,20.9,39,600,60,80,"(6.0, 6.0)",0.71,3.0,0.26666666666666666,False,140,0.01,"{'type': 'hourly', 'hourly_rates': {0: 1.59, 1: 4.38, 2: 2.38, 3: 1.15, 4: 0.84, 5: 0.76, 6: 1.0, 7: 2.25, 8: 2.86, 9: 1.94, 10: 1.23, 11: 0.85, 12: 0.55, 13: 0.37, 14: 0.21, 15: 0.13, 16: 0.08, 17: 0.05, 18: 0.04, 19: 0.04, 20: 0.12, 21: 0.24, 22: 0.41, 23: 0.53}}",False,15,3,10,3,2.0,13,,,8,8,10.451204291551875,-10.451204291551875,2,7.2449096122730055,5.225602145775937,870.4440731149439,0,0.4601238711867283,0.4601238711867283,0.4601238711867283,0.8,1.0,19.200000000000003,24.0,75.0,25.0,5.225602145775937,108.80550913936798,2,4.0,4,4,1,0,0,0,0,0,0,0,13.256312792706098,22.275239618839464,7.412400241521216,16.08356039657184,20.668713034227313,29.20629467927887,10.80276413992425,1,12.5,,
20250516_155718,rl_aca,141,,,,,,,,,,,2,1,13.4,20.9,39,600,60,80,"(6.0, 6.0)",0.71,3.0,0.26666666666666666,False,141,0.01,"{'type': 'hourly', 'hourly_rates': {0: 1.59, 1: 4.38, 2: 2.38, 3: 1.15, 4: 0.84, 5: 0.76, 6: 1.0, 7: 2.25, 8: 2.86, 9: 1.94, 10: 1.23, 11: 0.85, 12: 0.55, 13: 0.37, 14: 0.21, 15: 0.13, 16: 0.08, 17: 0.05, 18: 0.04, 19: 0.04, 20: 0.12, 21: 0.24, 22: 0.41, 23: 0.53}}",False,15,3,10,3,2.0,13,,,15,14,72.09878040684241,-72.09878040684241,7,25.76554790753471,10.299825772406058,1140.4598367614292,11,0.20546440634808197,0.20546440634808197,0.20546440634808197,1.4,1.75,33.599999999999994,42.0,50.0,50.0,10.299825772406058,81.46141691153066,2,7.0,6,8,1,2,21.428571428571427,2.0,100.0,7.163715914647118,3.8705454554639194,3.2931704591831985,13.442917343817586,20.99156765486623,9.646009223537655,32.95161270774872,23.08892656735524,47.76554790753465,13.724701540714218,6,42.857142857142854,,
20250516_161703,aca,42,,,,,,,,,,,2,1,13.4,20.9,39,600,60,80,"(6.0, 6.0)",0.71,3.0,0.26666666666666666,False,42,0.01,"{'type': 'hourly', 'hourly_rates': {0: 1.59, 1: 4.38, 2: 2.38, 3: 1.15, 4: 0.84, 5: 0.76, 6: 1.0, 7: 2.25, 8: 2.86, 9: 1.94, 10: 1.23, 11: 0.85, 12: 0.55, 13: 0.37, 14: 0.21, 15: 0.13, 16: 0.08, 17: 0.05, 18: 0.04, 19: 0.04, 20: 0.12, 21: 0.24, 22: 0.41, 23: 0.53}}",False,15,0,0,5,4.0,13,,,11,11,39.642693041767785,-39.642693041767785,3,24.94018548847771,13.214231013922594,700.6507972446076,0,0.5125971922350657,0.5125971922350657,0.5125971922350657,1.1,1.375,26.400000000000002,33.0,72.72727272727273,27.27272727272727,13.214231013922594,63.69552702223705,2,5.5,5,6,1,0,0,0,0,0,0,0,12.86671866578355,21.33402659090094,8.406778328628365,39.56899433942601,21.273496994411918,49.94018548847771,30.70743463193318,7,63.63636363636363,,
20250516_161704,aca,43,,,,,,,,,,,2,1,13.4,20.9,39,600,60,80,"(6.0, 6.0)",0.71,3.0,0.26666666666666666,False,43,0.01,"{'type': 'hourly', 'hourly_rates': {0: 1.59, 1: 4.38, 2: 2.38, 3: 1.15, 4: 0.84, 5: 0.76, 6: 1.0, 7: 2.25, 8: 2.86, 9: 1.94, 10: 1.23, 11: 0.85, 12: 0.55, 13: 0.37, 14: 0.21, 15: 0.13, 16: 0.08, 17: 0.05, 18: 0.04, 19: 0.04, 20: 0.12, 21: 0.24, 22: 0.41, 23: 0.53}}",False,15,0,0,5,4.0,13,,,8,8,12.520618450436395,-12.520618450436395,2,10.152806915903547,6.260309225218197,687.7044236144242,0,0.4178327208858847,0.4178327208858847,0.4178327208858847,0.8,1.0,19.200000000000003,24.0,75.0,25.0,6.260309225218197,85.96305295180302,2,4.0,3,5,0,0,0,0,0,0,0,0,14.582244712669356,24.154144049648437,3.673486570609028,25.930579552337516,18.255731283278383,35.15280691590355,36.0770220098328,6,75.0,,
20250516_161704,aca,44,,,,,,,,,,,2,1,13.4,20.9,39,600,60,80,"(6.0, 6.0)",0.71,3.0,0.26666666666666666,False,44,0.01,"{'type': 'hourly', 'hourly_rates': {0: 1.59, 1: 4.38, 2: 2.38, 3: 1.15, 4: 0.84, 5: 0.76, 6: 1.0, 7: 2.25, 8: 2.86, 9: 1.94, 10: 1.23, 11: 0.85, 12: 0.55, 13: 0.37, 14: 0.21, 15: 0.13, 16: 0.08, 17: 0.05, 18: 0.04, 19: 0.04, 20: 0.12, 21: 0.24, 22: 0.41, 23: 0.53}}",False,15,0,0,5,4.0,13,,,13,10,293.87566183081327,-293.87566183081327,7,80.36085165802285,41.98223740440189,1073.44063882894,0,0.25332105916459996,0.25332105916459996,0.25332105916459996,1.0,1.25,24.0,30.0,30.0,70.0,41.98223740440189,107.344063882894,2,5.0,2,8,1,2,10.0,3.0,100.0,39.11672119838994,11.754456482209706,27.362264716180235,14.319931256557894,23.13672698726552,13.963229117539148,88.41430713371116,28.283160374097044,105.36085165802285,38.82699337798053,4,40.0,,
20250516_161705,aca,45,,,,,,,,,,,2,1,13.4,20.9,39,600,60,80,"(6.0, 6.0)",0.71,3.0,0.26666666666666666,False,45,0.01,"{'type': 'hourly', 'hourly_rates': {0: 1.59, 1: 4.38, 2: 2.38, 3: 1.15, 4: 0.84, 5: 0.76, 6: 1.0, 7: 2.25, 8: 2.86, 9: 1.94, 10: 1.23, 11: 0.85, 12: 0.55, 13: 0.37, 14: 0.21, 15: 0.13, 16: 0.08, 17: 0.05, 18: 0.04, 19: 0.04, 20: 0.12, 21: 0.24, 22: 0.41, 23: 0.53}}",False,15,0,0,5,4.0,13,,,19,13,281.69676509082774,-281.69676509082774,14,35.29458816355162,20.121197506487697,1887.5956515624173,0,0.14945315271560786,0.14945315271560786,0.14945315271560786,1.3,1.625,31.200000000000003,39.0,-7.6923076923076925,107.6923076923077,20.121197506487697,145.19966550480132,2,6.5,6,7,0,5,30.76923076923077,2.2,100.0,23.175474108835125,8.159753904088154,15.015720204746971,13.304724371807232,25.81215418832207,15.517825120538987,34.01936729389604,28.82254949234622,47.42015349479098,7.853214932887909,1,7.6923076923076925,,
20250516_161705,aca,46,,,,,,,,,,,2,1,13.4,20.9,39,600,60,80,"(6.0, 6.0)",0.71,3.0,0.26666666666666666,False,46,0.01,"{'type': 'hourly', 'hourly_rates': {0: 1.59, 1: 4.38, 2: 2.38, 3: 1.15, 4: 0.84, 5: 0.76, 6: 1.0, 7: 2.25, 8: 2.86, 9: 1.94, 10: 1.23, 11: 0.85, 12: 0.55, 13: 0.37, 14: 0.21, 15: 0.13, 16: 0.08, 17: 0.05, 18: 0.04, 19: 0.04, 20: 0.12, 21: 0.24, 22: 0.41, 23: 0.53}}",False,15,0,0,5,4.0,13,,,12,11,24.373218264282343,-24.373218264282343,4,20.647761740605887,6.093304566070586,1094.948636737366,0,0.30782295852970837,0.30782295852970837,0.30782295852970837,1.1,1.375,26.400000000000002,33.0,63.63636363636363,36.36363636363637,6.093304566070586,99.54078515794237,2,5.5,5,6,1,1,9.090909090909092,2.0,100.0,0.0,2.07429145770125,-2.07429145770125,14.322967391676395,21.61474449333633,6.216859569517497,30.402094903094167,20.539826961193896,51.64776174060589,35.30694131975625,5,45.45454545454545,,
20250516_161705,aca,47,,,,,,,,,,,2,1,13.4,20.9,39,600,60,80,"(6.0, 6.0)",0.71,3.0,0.26666666666666666,False,47,0.01,"{'type': 'hourly', 'hourly_rates': {0: 1.59, 1: 4.38, 2: 2.38, 3: 1.15, 4: 0.84, 5: 0.76, 6: 1.0, 7: 2.25, 8: 2.86, 9: 1.94, 10: 1.23, 11: 0.85, 12: 0.55, 13: 0.37, 14: 0.21, 15: 0.13, 16: 0.08, 17: 0.05, 18: 0.04, 19: 0.04, 20: 0.12, 21: 0.24, 22: 0.41, 23: 0.53}}",False,15,0,0,5,4.0,13,,,10,8,114.23092054101376,-114.23092054101376,7,32.86910029621299,16.318702934430537,867.091420255193,0,0.4029180560000885,0.4029180560000885,0.4029180560000885,0.8,1.0,19.200000000000003,24.0,12.5,87.5,16.318702934430537,108.38642753189913,2,4.0,4,4,1,2,12.5,2.5,100.0,31.371370806730226,5.374412742837042,25.996958063893185,13.44885909528555,19.664688961149693,13.129578681441801,41.37903943305281,26.578437776727352,59.86910029621299,22.535202327008342,4,50.0,,
20250516_161705,aca,48,,,,,,,,,,,2,1,13.4,20.9,39,600,60,80,"(6.0, 6.0)",0.71,3.0,0.26666666666666666,False,48,0.01,"{'type': 'hourly', 'hourly_rates': {0: 1.59, 1: 4.38, 2: 2.38, 3: 1.15, 4: 0.84, 5: 0.76, 6: 1.0, 7: 2.25, 8: 2.86, 9: 1.94, 10: 1.23, 11: 0.85, 12: 0.55, 13: 0.37, 14: 0.21, 15: 0.13, 16: 0.08, 17: 0.05, 18: 0.04, 19: 0.04, 20: 0.12, 21: 0.24, 22: 0.41, 23: 0.53}}",False,15,0,0,5,4.0,13,,,13,12,60.70724469556227,-60.70724469556227,6,19.095368828613005,10.117874115927044,1572.423753514789,0,0.18642300083022129,0.18642300083022129,0.18642300083022129,1.2,1.5,28.799999999999997,36.0,50.0,50.0,10.117874115927044,131.03531279289908,2,6.0,5,7,1,1,8.333333333333332,2.0,100.0,12.426109215231946,2.6532515137924833,9.772857701439463,14.44779020528375,26.355292018407994,5.059430869868975,21.428689795767667,19.507221075152724,37.71121380626907,22.27225746319789,4,33.33333333333333,,
20250516_161706,aca,49,,,,,,,,,,,2,1,13.4,20.9,39,600,60,80,"(6.0, 6.0)",0.71,3.0,0.26666666666666666,False,49,0.01,"{'type': 'hourly', 'hourly_rates': {0: 1.59, 1: 4.38, 2: 2.38, 3: 1.15, 4: 0.84, 5: 0.76, 6: 1.0, 7: 2.25, 8: 2.86, 9: 1.94, 10: 1.23, 11: 0.85, 12: 0.55, 13: 0.37, 14: 0.21, 15: 0.13, 16: 0.08, 17: 0.05, 18: 0.04, 19: 0.04, 20: 0.12, 21: 0.24, 22: 0.41, 23: 0.53}}",False,15,0,0,5,4.0,13,,,12,10,57.46024406647052,-57.46024406647052,5,27.55395343772534,11.492048813294105,1547.0052976254992,0,0.5484921062336238,0.5484921062336238,0.5484921062336238,1.0,1.25,24.0,30.0,50.0,50.0,11.492048813294105,154.70052976254993,2,5.0,4,6,1,2,20.0,2.0,100.0,9.531283120470476,4.033846718527592,5.497436401942885,11.235704686011113,20.03507424706629,8.33506088533937,27.589546236449905,19.570765571350485,39.55395343772534,17.731691465259928,2,20.0,,
20250516_161706,aca,50,,,,,,,,,,,2,1,13.4,20.9,39,600,60,80,"(6.0, 6.0)",0.71,3.0,0.26666666666666666,False,50,0.01,"{'type': 'hourly', 'hourly_rates': {0: 1.59, 1: 4.38, 2: 2.38, 3: 1.15, 4: 0.84, 5: 0.76, 6: 1.0, 7: 2.25, 8: 2.86, 9: 1.94, 10: 1.23, 11: 0.85, 12: 0.55, 13: 0.37, 14: 0.21, 15: 0.13, 16: 0.08, 17: 0.05, 18: 0.04, 19: 0.04, 20: 0.12, 21: 0.24, 22: 0.41, 23: 0.53}}",False,15,0,0,5,4.0,13,,,5,5,0.9984151655883693,-0.9984151655883693,1,0.9984151655883693,0.9984151655883693,533.379508980324,0,0.6782147618265476,0.6782147618265476,0.6782147618265476,0.5,0.625,12.0,15.0,80.0,20.0,0.9984151655883693,106.67590179606479,2,2.5,2,3,1,0,0,0,0,0,0,0,12.886658306960848,20.301619231550035,1.4827162679573145,3.078328266135543,14.369374574918163,20.99841516558837,11.5888485670854,3,60.0,,
20250516_161706,aca,51,,,,,,,,,,,2,1,13.4,20.9,39,600,60,80,"(6.0, 6.0)",0.71,3.0,0.26666666666666666,False,51,0.01,"{'type': 'hourly', 'hourly_rates': {0: 1.59, 1: 4.38, 2: 2.38, 3: 1.15, 4: 0.84, 5: 0.76, 6: 1.0, 7: 2.25, 8: 2.86, 9: 1.94, 10: 1.23, 11: 0.85, 12: 0.55, 13: 0.37, 14: 0.21, 15: 0.13, 16: 0.08, 17: 0.05, 18: 0.04, 19: 0.04, 20: 0.12, 21: 0.24, 22: 0.41, 23: 0.53}}",False,15,0,0,5,4.0,13,,,9,9,35.30017466904707,-35.30017466904707,3,18.32447266091839,11.766724889682356,1086.1994111666365,0,0.5082934073469108,0.5082934073469108,0.5082934073469108,0.9,1.125,21.6,27.0,66.66666666666666,33.33333333333333,11.766724889682356,120.68882346295962,2,4.5,4,5,0,0,0,0,0,0,0,0,12.76868486451527,22.93815343623038,7.763345292732295,28.38164482677621,20.532030157247565,38.41054924857656,22.527685273776513,4,44.44444444444444,,
20250516_161707,aca,52,,,,,,,,,,,2,1,13.4,20.9,39,600,60,80,"(6.0, 6.0)",0.71,3.0,0.26666666666666666,False,52,0.01,"{'type': 'hourly', 'hourly_rates': {0: 1.59, 1: 4.38, 2: 2.38, 3: 1.15, 4: 0.84, 5: 0.76, 6: 1.0, 7: 2.25, 8: 2.86, 9: 1.94, 10: 1.23, 11: 0.85, 12: 0.55, 13: 0.37, 14: 0.21, 15: 0.13, 16: 0.08, 17: 0.05, 18: 0.04, 19: 0.04, 20: 0.12, 21: 0.24, 22: 0.41, 23: 0.53}}",False,15,0,0,5,4.0,13,,,7,7,16.584093357783644,-16.584093357783644,3,13,5.528031119261215,1334.4290134914422,0,0.4950813316525161,0.4950813316525161,0.4950813316525161,0.7,0.875,16.799999999999997,21.0,57.14285714285714,42.857142857142854,5.528031119261215,190.63271621306316,2,3.5,3,4,1,1,28.57142857142857,2.0,100.0,6.649568848146302,0.6569911322982079,5.992577715848094,13.202065786747507,20.633399046563,4.871971250777675,17.309845693058193,18.074037037525184,25.299137696292597,22.848888504727455,4,57.14285714285714,,
20250516_161707,aca,53,,,,,,,,,,,2,1,13.4,20.9,39,600,60,80,"(6.0, 6.0)",0.71,3.0,0.26666666666666666,False,53,0.01,"{'type': 'hourly', 'hourly_rates': {0: 1.59, 1: 4.38, 2: 2.38, 3: 1.15, 4: 0.84, 5: 0.76, 6: 1.0, 7: 2.25, 8: 2.86, 9: 1.94, 10: 1.23, 11: 0.85, 12: 0.55, 13: 0.37, 14: 0.21, 15: 0.13, 16: 0.08, 17: 0.05, 18: 0.04, 19: 0.04, 20: 0.12, 21: 0.24, 22: 0.41, 23: 0.53}}",False,15,0,0,5,4.0,13,,,14,11,250.1495640153901,-250.1495640153901,9,63.24375273202422,27.794396001710012,1661.7176251385558,0,0.15036291970691185,0.15036291970691185,0.15036291970691185,1.1,1.375,26.400000000000002,33.0,18.181818181818183,81.81818181818183,27.794396001710012,151.06523864895962,2,5.5,3,8,0,4,36.36363636363637,2.25,100.0,25.39590263514426,1.5570832023614298,23.83881943278283,11.211015962993153,18.849314490912555,11.377584046250627,44.299876267702615,22.58860000924378,50.020735833380485,17.012946623594242,4,36.36363636363637,,
20250516_161708,aca,54,,,,,,,,,,,2,1,13.4,20.9,39,600,60,80,"(6.0, 6.0)",0.71,3.0,0.26666666666666666,False,54,0.01,"{'type': 'hourly', 'hourly_rates': {0: 1.59, 1: 4.38, 2: 2.38, 3: 1.15, 4: 0.84, 5: 0.76, 6: 1.0, 7: 2.25, 8: 2.86, 9: 1.94, 10: 1.23, 11: 0.85, 12: 0.55, 13: 0.37, 14: 0.21, 15: 0.13, 16: 0.08, 17: 0.05, 18: 0.04, 19: 0.04, 20: 0.12, 21: 0.24, 22: 0.41, 23: 0.53}}",False,15,0,0,5,4.0,13,,,9,7,113.2859995074347,-113.2859995074347,6,45.891584249823836,18.880999917905783,1372.7972193384433,0,0.5748370660328384,0.5748370660328384,0.5748370660328384,0.7,0.875,16.799999999999997,21.0,14.285714285714285,85.71428571428571,18.880999917905783,196.11388847692047,2,3.5,3,4,1,2,28.57142857142857,2.0,100.0,8.9790360359233,9.887268637152852,-0.9082326012295514,11.741663734013851,16.45476851228443,16.779026963205816,40.02399307321082,28.520690697219667,56.47876158549525,8.322250698928514,1,14.285714285714285,,
20250516_161708,aca,55,,,,,,,,,,,2,1,13.4,20.9,39,600,60,80,"(6.0, 6.0)",0.71,3.0,0.26666666666666666,False,55,0.01,"{'type': 'hourly', 'hourly_rates': {0: 1.59, 1: 4.38, 2: 2.38, 3: 1.15, 4: 0.84, 5: 0.76, 6: 1.0, 7: 2.25, 8: 2.86, 9: 1.94, 10: 1.23, 11: 0.85, 12: 0.55, 13: 0.37, 14: 0.21, 15: 0.13, 16: 0.08, 17: 0.05, 18: 0.04, 19: 0.04, 20: 0.12, 21: 0.24, 22: 0.41, 23: 0.53}}",False,15,0,0,5,4.0,13,,,11,11,187.81535845823234,-187.81535845823234,7,49.87418826053346,26.83076549403319,2087.145341356481,0,0.06978777633075103,0.06978777633075103,0.06978777633075103,1.1,1.375,26.400000000000002,33.0,36.36363636363637,63.63636363636363,26.83076549403319,189.7404855778619,2,5.5,5,6,1,1,18.181818181818183,2.0,100.0,0.0,20.868373162025815,-20.868373162025815,13.228654269974276,21.88595859026904,21.480844445232265,54.47828273489358,34.70949871520654,70.87418826053346,2.5211042269400536,1,9.090909090909092,,
20250516_161708,aca,56,,,,,,,,,,,2,1,13.4,20.9,39,600,60,80,"(6.0, 6.0)",0.71,3.0,0.26666666666666666,False,56,0.01,"{'type': 'hourly', 'hourly_rates': {0: 1.59, 1: 4.38, 2: 2.38, 3: 1.15, 4: 0.84, 5: 0.76, 6: 1.0, 7: 2.25, 8: 2.86, 9: 1.94, 10: 1.23, 11: 0.85, 12: 0.55, 13: 0.37, 14: 0.21, 15: 0.13, 16: 0.08, 17: 0.05, 18: 0.04, 19: 0.04, 20: 0.12, 21: 0.24, 22: 0.41, 23: 0.53}}",False,15,0,0,5,4.0,13,,,10,6,210.47738212136136,-210.47738212136136,7,90.13072417475408,30.068197445908766,825.9267941728765,0,0.4291657746716042,0.4291657746716042,0.4291657746716042,0.6,0.75,14.399999999999999,18.0,-16.666666666666664,116.66666666666667,30.068197445908766,137.65446569547942,2,3.0,2,4,0,4,50.0,2.25,100.0,29.04449747862098,0.0,29.04449747862098,15.534348630915703,17.904820851693955,8.663487979121829,26.640319038881017,24.19783661003753,43.7720915123968,15.136636921503907,2,33.33333333333333,,
20250516_161709,aca,57,,,,,,,,,,,2,1,13.4,20.9,39,600,60,80,"(6.0, 6.0)",0.71,3.0,0.26666666666666666,False,57,0.01,"{'type': 'hourly', 'hourly_rates': {0: 1.59, 1: 4.38, 2: 2.38, 3: 1.15, 4: 0.84, 5: 0.76, 6: 1.0, 7: 2.25, 8: 2.86, 9: 1.94, 10: 1.23, 11: 0.85, 12: 0.55, 13: 0.37, 14: 0.21, 15: 0.13, 16: 0.08, 17: 0.05, 18: 0.04, 19: 0.04, 20: 0.12, 21: 0.24, 22: 0.41, 23: 0.53}}",False,15,0,0,5,4.0,13,,,12,11,84.80173540567367,-84.80173540567367,4,55.74059191955524,21.200433851418417,1234.7837796960573,0,0.3885698160175649,0.3885698160175649,0.3885698160175649,1.1,1.375,26.400000000000002,33.0,63.63636363636363,36.36363636363637,21.200433851418417,112.25307088145975,2,5.5,5,6,1,1,9.090909090909092,2.0,100.0,9.60374330674722,7.138354322876938,2.465388983870281,12.379666160712713,18.227635137720426,10.475128185758452,64.85102060310032,22.854794346471166,76.74059191955524,41.600375130529955,6,54.54545454545454,,
20250516_161709,aca,58,,,,,,,,,,,2,1,13.4,20.9,39,600,60,80,"(6.0, 6.0)",0.71,3.0,0.26666666666666666,False,58,0.01,"{'type': 'hourly', 'hourly_rates': {0: 1.59, 1: 4.38, 2: 2.38, 3: 1.15, 4: 0.84, 5: 0.76, 6: 1.0, 7: 2.25, 8: 2.86, 9: 1.94, 10: 1.23, 11: 0.85, 12: 0.55, 13: 0.37, 14: 0.21, 15: 0.13, 16: 0.08, 17: 0.05, 18: 0.04, 19: 0.04, 20: 0.12, 21: 0.24, 22: 0.41, 23: 0.53}}",False,15,0,0,5,4.0,13,,,15,13,180.84537437294597,-180.84537437294597,6,54.409623076099024,30.14089572882433,1468.5884375643266,0,0.5559089306479402,0.5559089306479402,0.5559089306479402,1.3,1.625,31.200000000000003,39.0,53.84615384615385,46.15384615384615,30.14089572882433,112.96834135110204,2,6.5,6,7,0,3,30.76923076923077,2.0,100.0,20.91906793477449,3.142865334226662,17.776202600547826,10.14835990045416,14.602652880719859,11.409798994594901,35.85574572949935,21.558158895049058,49.409623076099024,7.629531651831705,3,23.076923076923077,,
20250516_161710,aca,59,,,,,,,,,,,2,1,13.4,20.9,39,600,60,80,"(6.0, 6.0)",0.71,3.0,0.26666666666666666,False,59,0.01,"{'type': 'hourly', 'hourly_rates': {0: 1.59, 1: 4.38, 2: 2.38, 3: 1.15, 4: 0.84, 5: 0.76, 6: 1.0, 7: 2.25, 8: 2.86, 9: 1.94, 10: 1.23, 11: 0.85, 12: 0.55, 13: 0.37, 14: 0.21, 15: 0.13, 16: 0.08, 17: 0.05, 18: 0.04, 19: 0.04, 20: 0.12, 21: 0.24, 22: 0.41, 23: 0.53}}",False,15,0,0,5,4.0,13,,,17,13,426.6316742158727,-426.6316742158727,10,74.8134168809784,42.66316742158727,1396.4718653631262,0,0.23432523452513296,0.23432523452513296,0.23432523452513296,1.3,1.625,31.200000000000003,39.0,23.076923076923077,76.92307692307693,42.66316742158727,107.42091272024048,2,6.5,5,8,1,5,30.76923076923077,2.2,100.0,33.56642400189436,10.503265119781892,23.063158882112468,12.402326484334349,18.2773929406236,18.651759893201604,63.590728005427536,31.054086377535953,76.9916655318886,17.189853634670854,4,30.76923076923077,,
20250516_161710,aca,60,,,,,,,,,,,2,1,13.4,20.9,39,600,60,80,"(6.0, 6.0)",0.71,3.0,0.26666666666666666,False,60,0.01,"{'type': 'hourly', 'hourly_rates': {0: 1.59, 1: 4.38, 2: 2.38, 3: 1.15, 4: 0.84, 5: 0.76, 6: 1.0, 7: 2.25, 8: 2.86, 9: 1.94, 10: 1.23, 11: 0.85, 12: 0.55, 13: 0.37, 14: 0.21, 15: 0.13, 16: 0.08, 17: 0.05, 18: 0.04, 19: 0.04, 20: 0.12, 21: 0.24, 22: 0.41, 23: 0.53}}",False,15,0,0,5,4.0,13,,,7,7,13.416446474629481,-13.416446474629481,1,13.416446474629481,13.416446474629481,643.5138299525388,0,0.4605292318759108,0.4605292318759108,0.4605292318759108,0.7,0.875,16.799999999999997,21.0,85.71428571428571,14.285714285714285,13.416446474629481,91.93054713607697,2,3.5,1,6,0,0,0,0,0,0,0,0,12.656601682931418,18.85002114693401,3.735225043978878,16.56642532769547,16.391826726910296,35.41644647462948,31.680516638995968,4,57.14285714285714,,
20250516_161710,aca,61,,,,,,,,,,,2,1,13.4,20.9,39,600,60,80,"(6.0, 6.0)",0.71,3.0,0.26666666666666666,False,61,0.01,"{'type': 'hourly', 'hourly_rates': {0: 1.59, 1: 4.38, 2: 2.38, 3: 1.15, 4: 0.84, 5: 0.76, 6: 1.0, 7: 2.25, 8: 2.86, 9: 1.94, 10: 1.23, 11: 0.85, 12: 0.55, 13: 0.37, 14: 0.21, 15: 0.13, 16: 0.08, 17: 0.05, 18: 0.04, 19: 0.04, 20: 0.12, 21: 0.24, 22: 0.41, 23: 0.53}}",False,15,0,0,5,4.0,13,,,12,12,27.479546118382473,-27.479546118382473,3,12.474371593206712,9.159848706127491,580.9571509348042,0,0.25385037915185954,0.25385037915185954,0.25385037915185954,1.2,1.5,28.799999999999997,36.0,75.0,25.0,9.159848706127491,48.41309591123368,2,6.0,5,7,1,1,16.666666666666664,2.0,100.0,7.5025872625878804,1.2474371593206712,6.255150103267209,11.599429616835602,18.014898570393513,7.293556549301115,32.16509664308958,18.89298616613672,37.47437159320671,36.30708539265783,4,33.33333333333333,,
20250516_161710,aca,62,,,,,,,,,,,2,1,13.4,20.9,39,600,60,80,"(6.0, 6.0)",0.71,3.0,0.26666666666666666,False,62,0.01,"{'type': 'hourly', 'hourly_rates': {0: 1.59, 1: 4.38, 2: 2.38, 3: 1.15, 4: 0.84, 5: 0.76, 6: 1.0, 7: 2.25, 8: 2.86, 9: 1.94, 10: 1.23, 11: 0.85, 12: 0.55, 13: 0.37, 14: 0.21, 15: 0.13, 16: 0.08, 17: 0.05, 18: 0.04, 19: 0.04, 20: 0.12, 21: 0.24, 22: 0.41, 23: 0.53}}",False,15,0,0,5,4.0,13,,,11,9,166.38749054348028,-166.38749054348028,9,49.02723442500576,18.487498949275587,1510.5273487270993,0,0.4535421533788605,0.4535421533788605,0.4535421533788605,0.9,1.125,21.6,27.0,0.0,100.0,18.487498949275587,167.8363720807888,2,4.5,4,5,1,3,44.44444444444444,2.0,100.0,16.34445628461579,6.42912600482652,9.915330279789272,11.904809338474788,21.41563357030668,14.758805228600892,37.23487616844497,26.66361456707568,47.44608400927322,16.47245990385741,2,22.22222222222222,,
20250516_161711,aca,63,,,,,,,,,,,2,1,13.4,20.9,39,600,60,80,"(6.0, 6.0)",0.71,3.0,0.26666666666666666,False,63,0.01,"{'type': 'hourly', 'hourly_rates': {0: 1.59, 1: 4.38, 2: 2.38, 3: 1.15, 4: 0.84, 5: 0.76, 6: 1.0, 7: 2.25, 8: 2.86, 9: 1.94, 10: 1.23, 11: 0.85, 12: 0.55, 13: 0.37, 14: 0.21, 15: 0.13, 16: 0.08, 17: 0.05, 18: 0.04, 19: 0.04, 20: 0.12, 21: 0.24, 22: 0.41, 23: 0.53}}",False,15,0,0,5,4.0,13,,,12,10,151.61383114179225,-151.61383114179225,6,50.92206777906402,25.268971856965376,1375.4992523293254,0,0.2237658336117207,0.2237658336117207,0.2237658336117207,1.0,1.25,24.0,30.0,40.0,60.0,25.268971856965376,137.54992523293254,2,5.0,2,8,0,4,40.0,2.25,100.0,23.93782165929096,0.0,23.93782165929096,14.182044309113843,18.535051709784028,10.362589762931448,41.20527874274504,24.54463407204529,59.1817336951633,15.235542467647804,4,40.0,,
20250516_161712,aca,64,,,,,,,,,,,2,1,13.4,20.9,39,600,60,80,"(6.0, 6.0)",0.71,3.0,0.26666666666666666,False,64,0.01,"{'type': 'hourly', 'hourly_rates': {0: 1.59, 1: 4.38, 2: 2.38, 3: 1.15, 4: 0.84, 5: 0.76, 6: 1.0, 7: 2.25, 8: 2.86, 9: 1.94, 10: 1.23, 11: 0.85, 12: 0.55, 13: 0.37, 14: 0.21, 15: 0.13, 16: 0.08, 17: 0.05, 18: 0.04, 19: 0.04, 20: 0.12, 21: 0.24, 22: 0.41, 23: 0.53}}",False,15,0,0,5,4.0,13,,,16,8,1204.131966300073,-1204.1319663000731,14,184.33037744154905,86.00942616429093,2557.8914730695706,0,0.036492232385138205,0.036492232385138205,0.036492232385138205,0.8,1.0,19.200000000000003,24.0,-75.0,175.0,86.00942616429093,319.7364341336963,2,4.0,2,6,0,8,62.5,2.625,100.0,75.42125265648136,3.047550771323818,72.37370188515754,10.027500801538592,18.468071783869842,38.12024581075855,115.23484995820621,48.14774661229714,122.89695182979574,9.468071783869842,1,12.5,,
20250516_161712,aca,65,,,,,,,,,,,2,1,13.4,20.9,39,600,60,80,"(6.0, 6.0)",0.71,3.0,0.26666666666666666,False,65,0.01,"{'type': 'hourly', 'hourly_rates': {0: 1.59, 1: 4.38, 2: 2.38, 3: 1.15, 4: 0.84, 5: 0.76, 6: 1.0, 7: 2.25, 8: 2.86, 9: 1.94, 10: 1.23, 11: 0.85, 12: 0.55, 13: 0.37, 14: 0.21, 15: 0.13, 16: 0.08, 17: 0.05, 18: 0.04, 19: 0.04, 20: 0.12, 21: 0.24, 22: 0.41, 23: 0.53}}",False,15,0,0,5,4.0,13,,,17,15,66.16689887227264,-66.16689887227264,6,21.969680515423505,11.027816478712106,1192.8760144057774,0,0.33955363631752594,0.33955363631752594,0.33955363631752594,1.5,1.875,36.0,45.0,60.0,40.0,11.027816478712106,79.52506762705183,2,7.5,6,9,0,2,13.333333333333334,2.0,100.0,10.984840257711753,2.4937828055623843,8.491057452149368,12.179395430526398,24.14162089048675,8.58281628886822,31.27752535240876,20.762211719394617,35.969680515423505,22.870231728649145,4,26.666666666666668,,
20250516_161712,aca,66,,,,,,,,,,,2,1,13.4,20.9,39,600,60,80,"(6.0, 6.0)",0.71,3.0,0.26666666666666666,False,66,0.01,"{'type': 'hourly', 'hourly_rates': {0: 1.59, 1: 4.38, 2: 2.38, 3: 1.15, 4: 0.84, 5: 0.76, 6: 1.0, 7: 2.25, 8: 2.86, 9: 1.94, 10: 1.23, 11: 0.85, 12: 0.55, 13: 0.37, 14: 0.21, 15: 0.13, 16: 0.08, 17: 0.05, 18: 0.04, 19: 0.04, 20: 0.12, 21: 0.24, 22: 0.41, 23: 0.53}}",False,15,0,0,5,4.0,13,,,16,14,128.08436259928544,-128.08436259928544,8,35.523310943937986,16.01054532491068,1173.0729338912108,0,0.3887537347605795,0.3887537347605795,0.3887537347605795,1.4,1.75,33.599999999999994,42.0,42.857142857142854,57.14285714285714,16.01054532491068,83.7909238493722,2,7.0,6,8,1,2,14.285714285714285,2.0,100.0,19.18297612593591,4.902578842767483,14.280397283168426,13.54275212697107,21.51278231748637,12.761987295829462,50.35858467218566,26.304739422800534,58.523310943937986,33.52212151614081,4,28.57142857142857,,
20250516_161713,aca,67,,,,,,,,,,,2,1,13.4,20.9,39,600,60,80,"(6.0, 6.0)",0.71,3.0,0.26666666666666666,False,67,0.01,"{'type': 'hourly', 'hourly_rates': {0: 1.59, 1: 4.38, 2: 2.38, 3: 1.15, 4: 0.84, 5: 0.76, 6: 1.0, 7: 2.25, 8: 2.86, 9: 1.94, 10: 1.23, 11: 0.85, 12: 0.55, 13: 0.37, 14: 0.21, 15: 0.13, 16: 0.08, 17: 0.05, 18: 0.04, 19: 0.04, 20: 0.12, 21: 0.24, 22: 0.41, 23: 0.53}}",False,15,0,0,5,4.0,13,,,10,9,63.26947459794464,-63.26947459794464,4,27.24773227978318,15.81736864948616,1063.0231660606198,0,0.2146431959442093,0.2146431959442093,0.2146431959442093,0.9,1.125,21.6,27.0,55.55555555555556,44.44444444444444,15.81736864948616,118.11368511784664,2,4.5,2,7,0,1,11.11111111111111,2.0,100.0,27.24773227978318,2.6121046750415076,24.63562760474167,10.421994748997706,18.62925187589079,10.315764214814173,26.394882072857683,20.73775896381188,38.16633403787897,11.166570383762153,2,22.22222222222222,,
20250516_161713,aca,68,,,,,,,,,,,2,1,13.4,20.9,39,600,60,80,"(6.0, 6.0)",0.71,3.0,0.26666666666666666,False,68,0.01,"{'type': 'hourly', 'hourly_rates': {0: 1.59, 1: 4.38, 2: 2.38, 3: 1.15, 4: 0.84, 5: 0.76, 6: 1.0, 7: 2.25, 8: 2.86, 9: 1.94, 10: 1.23, 11: 0.85, 12: 0.55, 13: 0.37, 14: 0.21, 15: 0.13, 16: 0.08, 17: 0.05, 18: 0.04, 19: 0.04, 20: 0.12, 21: 0.24, 22: 0.41, 23: 0.53}}",False,15,0,0,5,4.0,13,,,12,10,192.43621692500824,-192.43621692500824,7,79.01017593465627,27.490888132144033,1665.2755421595095,0,0.1753666999883562,0.1753666999883562,0.1753666999883562,1.0,1.25,24.0,30.0,30.0,70.0,27.490888132144033,166.52755421595094,2,5.0,4,6,1,4,50.0,2.0,100.0,31.62586228969486,0.0,31.62586228969486,13.733650751984976,23.555211437256304,16.669046384550203,91.74054788284607,30.402697136535174,106.01017593465627,10.345401161053722,3,30.0,,
20250516_161713,aca,69,,,,,,,,,,,2,1,13.4,20.9,39,600,60,80,"(6.0, 6.0)",0.71,3.0,0.26666666666666666,False,69,0.01,"{'type': 'hourly', 'hourly_rates': {0: 1.59, 1: 4.38, 2: 2.38, 3: 1.15, 4: 0.84, 5: 0.76, 6: 1.0, 7: 2.25, 8: 2.86, 9: 1.94, 10: 1.23, 11: 0.85, 12: 0.55, 13: 0.37, 14: 0.21, 15: 0.13, 16: 0.08, 17: 0.05, 18: 0.04, 19: 0.04, 20: 0.12, 21: 0.24, 22: 0.41, 23: 0.53}}",False,15,0,0,5,4.0,13,,,13,11,207.61548517726376,-207.61548517726376,7,79.86152271118965,29.659355025323396,1581.4992680391483,0,0.3173937942076235,0.3173937942076235,0.3173937942076235,1.1,1.375,26.400000000000002,33.0,36.36363636363637,63.63636363636363,29.659355025323396,143.77266073083166,2,5.5,5,6,0,2,9.090909090909092,2.5,100.0,40.258070887854586,11.642909218728724,28.61516166912586,12.804363780187048,21.412870900379062,15.860258860033507,94.61748473136572,28.664622640220557,100.86152271118965,18.22222036639639,4,36.36363636363637,,
20250516_161714,aca,70,,,,,,,,,,,2,1,13.4,20.9,39,600,60,80,"(6.0, 6.0)",0.71,3.0,0.26666666666666666,False,70,0.01,"{'type': 'hourly', 'hourly_rates': {0: 1.59, 1: 4.38, 2: 2.38, 3: 1.15, 4: 0.84, 5: 0.76, 6: 1.0, 7: 2.25, 8: 2.86, 9: 1.94, 10: 1.23, 11: 0.85, 12: 0.55, 13: 0.37, 14: 0.21, 15: 0.13, 16: 0.08, 17: 0.05, 18: 0.04, 19: 0.04, 20: 0.12, 21: 0.24, 22: 0.41, 23: 0.53}}",False,15,0,0,5,4.0,13,,,16,10,558.8291698071688,-558.8291698071688,14,87.28974655765379,39.91636927194063,1829.6677361163,0,0.062240672307707676,0.062240672307707676,0.062240672307707676,1.0,1.25,24.0,30.0,-40.0,140.0,39.91636927194063,182.96677361163,2,5.0,5,5,1,6,60.0,2.0,100.0,41.83636660061766,18.25513018936544,23.58123641125222,13.110825135412885,18.32225240464109,29.659412541730166,78.62370938990108,42.770237677143044,90.07980429615725,14.083243349479641,1,10.0,,
20250516_161714,aca,71,,,,,,,,,,,2,1,13.4,20.9,39,600,60,80,"(6.0, 6.0)",0.71,3.0,0.26666666666666666,False,71,0.01,"{'type': 'hourly', 'hourly_rates': {0: 1.59, 1: 4.38, 2: 2.38, 3: 1.15, 4: 0.84, 5: 0.76, 6: 1.0, 7: 2.25, 8: 2.86, 9: 1.94, 10: 1.23, 11: 0.85, 12: 0.55, 13: 0.37, 14: 0.21, 15: 0.13, 16: 0.08, 17: 0.05, 18: 0.04, 19: 0.04, 20: 0.12, 21: 0.24, 22: 0.41, 23: 0.53}}",False,15,0,0,5,4.0,13,,,16,13,377.9387316018875,-377.9387316018875,13,95.0123203236912,29.072210123222117,3081.6499138099766,0,0.18927832449502366,0.18927832449502366,0.18927832449502366,1.3,1.625,31.200000000000003,39.0,0.0,100.0,29.072210123222117,237.0499933699982,2,6.5,6,7,1,5,38.46153846153847,2.2,100.0,36.74035611891312,7.708344690166809,29.03201142874631,12.86901823957285,18.318694775793574,18.90012438286022,87.86227777107203,31.76914262243307,102.0123203236912,9.179568667072658,3,23.076923076923077,,
20250516_161715,aca,72,,,,,,,,,,,2,1,13.4,20.9,39,600,60,80,"(6.0, 6.0)",0.71,3.0,0.26666666666666666,False,72,0.01,"{'type': 'hourly', 'hourly_rates': {0: 1.59, 1: 4.38, 2: 2.38, 3: 1.15, 4: 0.84, 5: 0.76, 6: 1.0, 7: 2.25, 8: 2.86, 9: 1.94, 10: 1.23, 11: 0.85, 12: 0.55, 13: 0.37, 14: 0.21, 15: 0.13, 16: 0.08, 17: 0.05, 18: 0.04, 19: 0.04, 20: 0.12, 21: 0.24, 22: 0.41, 23: 0.53}}",False,15,0,0,5,4.0,13,,,11,11,26.501308898720993,-26.501308898720993,2,22.359978285638533,13.250654449360496,1098.9089412885298,0,0.2543013234597335,0.2543013234597335,0.2543013234597335,1.1,1.375,26.400000000000002,33.0,81.81818181818183,18.181818181818183,13.250654449360496,99.9008128444118,2,5.5,4,7,0,0,0,0,0,0,0,0,13.2064113190443,20.962578643474387,5.574950678111637,21.730225783682954,18.78136199715594,40.35997828563853,17.902627727532902,4,36.36363636363637,,
20250516_161715,aca,73,,,,,,,,,,,2,1,13.4,20.9,39,600,60,80,"(6.0, 6.0)",0.71,3.0,0.26666666666666666,False,73,0.01,"{'type': 'hourly', 'hourly_rates': {0: 1.59, 1: 4.38, 2: 2.38, 3: 1.15, 4: 0.84, 5: 0.76, 6: 1.0, 7: 2.25, 8: 2.86, 9: 1.94, 10: 1.23, 11: 0.85, 12: 0.55, 13: 0.37, 14: 0.21, 15: 0.13, 16: 0.08, 17: 0.05, 18: 0.04, 19: 0.04, 20: 0.12, 21: 0.24, 22: 0.41, 23: 0.53}}",False,15,0,0,5,4.0,13,,,15,12,208.0025619494826,-208.0025619494826,9,53.81801040160249,23.111395772164734,1287.0246369019515,0,0.1933992598487189,0.1933992598487189,0.1933992598487189,1.2,1.5,28.799999999999997,36.0,25.0,75.0,23.111395772164734,107.25205307516262,2,6.0,6,6,0,4,33.33333333333333,2.25,100.0,16.258859419729344,6.7557986283133715,9.503060791415972,14.62637299879605,24.987670002712193,10.247164474042332,36.87762356340913,24.873537472838382,48.83516342541678,43.00178308976368,4,33.33333333333333,,
20250516_161716,aca,74,,,,,,,,,,,2,1,13.4,20.9,39,600,60,80,"(6.0, 6.0)",0.71,3.0,0.26666666666666666,False,74,0.01,"{'type': 'hourly', 'hourly_rates': {0: 1.59, 1: 4.38, 2: 2.38, 3: 1.15, 4: 0.84, 5: 0.76, 6: 1.0, 7: 2.25, 8: 2.86, 9: 1.94, 10: 1.23, 11: 0.85, 12: 0.55, 13: 0.37, 14: 0.21, 15: 0.13, 16: 0.08, 17: 0.05, 18: 0.04, 19: 0.04, 20: 0.12, 21: 0.24, 22: 0.41, 23: 0.53}}",False,15,0,0,5,4.0,13,,,15,10,330.1837541099337,-330.18375410993366,12,85.55919081468372,27.515312842494478,1292.4176071185007,0,0.3024329854810634,0.3024329854810634,0.3024329854810634,1.0,1.25,24.0,30.0,-20.0,120.0,27.515312842494478,129.24176071185008,2,5.0,4,6,1,6,40.0,2.3333333333333335,100.0,27.011009096739805,3.1121703148763373,23.898838781863468,14.97259080133326,22.871027864788857,11.431664350967452,42.98064298131018,26.40425515230071,51.45522561515091,34.70354635193312,4,40.0,,
20250516_161716,aca,75,,,,,,,,,,,2,1,13.4,20.9,39,600,60,80,"(6.0, 6.0)",0.71,3.0,0.26666666666666666,False,75,0.01,"{'type': 'hourly', 'hourly_rates': {0: 1.59, 1: 4.38, 2: 2.38, 3: 1.15, 4: 0.84, 5: 0.76, 6: 1.0, 7: 2.25, 8: 2.86, 9: 1.94, 10: 1.23, 11: 0.85, 12: 0.55, 13: 0.37, 14: 0.21, 15: 0.13, 16: 0.08, 17: 0.05, 18: 0.04, 19: 0.04, 20: 0.12, 21: 0.24, 22: 0.41, 23: 0.53}}",False,15,0,0,5,4.0,13,,,12,10,171.92475654125496,-171.92475654125496,6,49.584917392891214,28.65412609020916,1412.8699039663766,0,0.6187026245710269,0.6187026245710269,0.6187026245710269,1.0,1.25,24.0,30.0,40.0,60.0,28.65412609020916,141.28699039663766,2,5.0,5,5,1,2,20.0,2.0,100.0,35.580033944543544,7.420216588895514,28.15981735564803,13.758773690765352,18.87484274895189,12.172776824062085,40.188334937834156,25.93155051482744,56.71211044067206,13.251712728154681,4,40.0,,
20250516_161716,aca,76,,,,,,,,,,,2,1,13.4,20.9,39,600,60,80,"(6.0, 6.0)",0.71,3.0,0.26666666666666666,False,76,0.01,"{'type': 'hourly', 'hourly_rates': {0: 1.59, 1: 4.38, 2: 2.38, 3: 1.15, 4: 0.84, 5: 0.76, 6: 1.0, 7: 2.25, 8: 2.86, 9: 1.94, 10: 1.23, 11: 0.85, 12: 0.55, 13: 0.37, 14: 0.21, 15: 0.13, 16: 0.08, 17: 0.05, 18: 0.04, 19: 0.04, 20: 0.12, 21: 0.24, 22: 0.41, 23: 0.53}}",False,15,0,0,5,4.0,13,,,6,6,28.36890585807359,-28.36890585807359,3,11.166482327598715,9.456301952691197,680.2128693182892,0,0.5618171533490248,0.5618171533490248,0.5618171533490248,0.6,0.75,14.399999999999999,18.0,50.0,50.0,9.456301952691197,113.3688115530482,2,3.0,2,4,1,0,0,0,0,0,0,0,13.241652385065764,17.571003546104652,9.579301407023125,20.0275165575718,22.82095379208889,32.14197325323951,9.724286668071063,2,33.33333333333333,,
20250516_161717,aca,77,,,,,,,,,,,2,1,13.4,20.9,39,600,60,80,"(6.0, 6.0)",0.71,3.0,0.26666666666666666,False,77,0.01,"{'type': 'hourly', 'hourly_rates': {0: 1.59, 1: 4.38, 2: 2.38, 3: 1.15, 4: 0.84, 5: 0.76, 6: 1.0, 7: 2.25, 8: 2.86, 9: 1.94, 10: 1.23, 11: 0.85, 12: 0.55, 13: 0.37, 14: 0.21, 15: 0.13, 16: 0.08, 17: 0.05, 18: 0.04, 19: 0.04, 20: 0.12, 21: 0.24, 22: 0.41, 23: 0.53}}",False,15,0,0,5,4.0,13,,,20,14,255.29577820505634,-255.29577820505634,12,44.88513002630191,21.274648183754696,2535.953822571001,0,0.11891689070444073,0.11891689070444073,0.11891689070444073,1.4,1.75,33.599999999999994,42.0,14.285714285714285,85.71428571428571,21.274648183754696,181.1395587550715,2,7.0,5,9,0,4,14.285714285714285,2.25,100.0,29.87335363003436,7.842122264430851,22.031231365603507,12.147445196999671,18.83302955267561,15.534473901701775,44.83440225912682,27.681919098701446,56.88513002630191,12.976765285499608,3,21.428571428571427,,
20250516_161717,aca,78,,,,,,,,,,,2,1,13.4,20.9,39,600,60,80,"(6.0, 6.0)",0.71,3.0,0.26666666666666666,False,78,0.01,"{'type': 'hourly', 'hourly_rates': {0: 1.59, 1: 4.38, 2: 2.38, 3: 1.15, 4: 0.84, 5: 0.76, 6: 1.0, 7: 2.25, 8: 2.86, 9: 1.94, 10: 1.23, 11: 0.85, 12: 0.55, 13: 0.37, 14: 0.21, 15: 0.13, 16: 0.08, 17: 0.05, 18: 0.04, 19: 0.04, 20: 0.12, 21: 0.24, 22: 0.41, 23: 0.53}}",False,15,0,0,5,4.0,13,,,7,6,149.37389576584084,-149.37389576584084,5,97.2727910408189,29.87477915316817,1500.1148154756231,0,0.3568535106481818,0.3568535106481818,0.3568535106481818,0.6,0.75,14.399999999999999,18.0,16.666666666666664,83.33333333333334,29.87477915316817,250.01913591260384,2,3.0,2,4,0,1,16.666666666666664,2.0,100.0,10.040432772307895,8.412134390542809,1.6282983817650862,13.506997709194069,16.9619316504797,10.663362287586018,26.909889963802286,24.17035999678009,43.066006200701054,2.377898511775811,1,16.666666666666664,,
20250516_161718,aca,79,,,,,,,,,,,2,1,13.4,20.9,39,600,60,80,"(6.0, 6.0)",0.71,3.0,0.26666666666666666,False,79,0.01,"{'type': 'hourly', 'hourly_rates': {0: 1.59, 1: 4.38, 2: 2.38, 3: 1.15, 4: 0.84, 5: 0.76, 6: 1.0, 7: 2.25, 8: 2.86, 9: 1.94, 10: 1.23, 11: 0.85, 12: 0.55, 13: 0.37, 14: 0.21, 15: 0.13, 16: 0.08, 17: 0.05, 18: 0.04, 19: 0.04, 20: 0.12, 21: 0.24, 22: 0.41, 23: 0.53}}",False,15,0,0,5,4.0,13,,,17,15,184.4268631386002,-184.4268631386002,9,55.87157069504981,20.49187368206669,1630.1413384419036,0,0.20054423109219396,0.20054423109219396,0.20054423109219396,1.5,1.875,36.0,45.0,40.0,60.0,20.49187368206669,108.67608922946025,2,7.5,7,8,1,2,13.333333333333334,2.0,100.0,15.710927388254163,8.75506747821398,6.955859910040182,13.103107718291167,20.595990981159446,13.697246603833095,62.67795689432319,26.80035432212426,75.87157069504981,22.906746209439802,4,26.666666666666668,,
20250516_161718,aca,80,,,,,,,,,,,2,1,13.4,20.9,39,600,60,80,"(6.0, 6.0)",0.71,3.0,0.26666666666666666,False,80,0.01,"{'type': 'hourly', 'hourly_rates': {0: 1.59, 1: 4.38, 2: 2.38, 3: 1.15, 4: 0.84, 5: 0.76, 6: 1.0, 7: 2.25, 8: 2.86, 9: 1.94, 10: 1.23, 11: 0.85, 12: 0.55, 13: 0.37, 14: 0.21, 15: 0.13, 16: 0.08, 17: 0.05, 18: 0.04, 19: 0.04, 20: 0.12, 21: 0.24, 22: 0.41, 23: 0.53}}",False,15,0,0,5,4.0,13,,,16,12,232.84501931789742,-232.84501931789742,10,90.42824574409786,23.28450193178974,1304.453865470374,0,0.30468306236077475,0.30468306236077475,0.30468306236077475,1.2,1.5,28.799999999999997,36.0,16.666666666666664,83.33333333333334,23.28450193178974,108.70448878919784,2,6.0,4,8,0,5,41.66666666666667,2.2,100.0,15.121417911922691,14.728088790404042,0.39332912151864896,15.084459986074092,28.84741953073518,16.624287995746865,106.0401576236039,31.708747981820952,112.42824574409786,39.891605378552555,5,41.66666666666667,,
20250516_161719,aca,81,,,,,,,,,,,2,1,13.4,20.9,39,600,60,80,"(6.0, 6.0)",0.71,3.0,0.26666666666666666,False,81,0.01,"{'type': 'hourly', 'hourly_rates': {0: 1.59, 1: 4.38, 2: 2.38, 3: 1.15, 4: 0.84, 5: 0.76, 6: 1.0, 7: 2.25, 8: 2.86, 9: 1.94, 10: 1.23, 11: 0.85, 12: 0.55, 13: 0.37, 14: 0.21, 15: 0.13, 16: 0.08, 17: 0.05, 18: 0.04, 19: 0.04, 20: 0.12, 21: 0.24, 22: 0.41, 23: 0.53}}",False,15,0,0,5,4.0,13,,,8,8,14.587783190215816,-14.587783190215816,3,7.602219417748529,4.862594396738605,836.8508749020335,0,0.5306982199091507,0.5306982199091507,0.5306982199091507,0.8,1.0,19.200000000000003,24.0,62.5,37.5,4.862594396738605,104.60635936275419,2,4.0,3,5,1,0,0,0,0,0,0,0,13.184690569275062,22.674632683380082,5.4618184199565745,20.451642983586737,18.646508989231638,33.60221941774853,27.978035562677324,3,37.5,,
20250516_161719,aca,82,,,,,,,,,,,2,1,13.4,20.9,39,600,60,80,"(6.0, 6.0)",0.71,3.0,0.26666666666666666,False,82,0.01,"{'type': 'hourly', 'hourly_rates': {0: 1.59, 1: 4.38, 2: 2.38, 3: 1.15, 4: 0.84, 5: 0.76, 6: 1.0, 7: 2.25, 8: 2.86, 9: 1.94, 10: 1.23, 11: 0.85, 12: 0.55, 13: 0.37, 14: 0.21, 15: 0.13, 16: 0.08, 17: 0.05, 18: 0.04, 19: 0.04, 20: 0.12, 21: 0.24, 22: 0.41, 23: 0.53}}",False,15,0,0,5,4.0,13,,,12,12,81.12795815822142,-81.12795815822142,4,40.34129517707214,20.281989539555354,1119.158819103474,0,0.5605614824748957,0.5605614824748957,0.5605614824748957,1.2,1.5,28.799999999999997,36.0,66.66666666666666,33.33333333333333,20.281989539555354,93.2632349252895,2,6.0,4,8,0,1,16.666666666666664,2.0,100.0,5.375264111057788,7.037742993610584,-1.6624788825527954,13.22977340449698,18.207457470191514,12.221338779811655,51.386644877923175,25.45111218430863,69.34129517707214,23.863866394733357,5,41.66666666666667,,
20250516_161720,aca,83,,,,,,,,,,,2,1,13.4,20.9,39,600,60,80,"(6.0, 6.0)",0.71,3.0,0.26666666666666666,False,83,0.01,"{'type': 'hourly', 'hourly_rates': {0: 1.59, 1: 4.38, 2: 2.38, 3: 1.15, 4: 0.84, 5: 0.76, 6: 1.0, 7: 2.25, 8: 2.86, 9: 1.94, 10: 1.23, 11: 0.85, 12: 0.55, 13: 0.37, 14: 0.21, 15: 0.13, 16: 0.08, 17: 0.05, 18: 0.04, 19: 0.04, 20: 0.12, 21: 0.24, 22: 0.41, 23: 0.53}}",False,15,0,0,5,4.0,13,,,14,9,414.6410454339933,-414.6410454339933,9,60.170163344062075,46.0712272704437,1259.7351033732887,0,0.32988701870787945,0.32988701870787945,0.32988701870787945,0.9,1.125,21.6,27.0,0.0,100.0,46.0712272704437,139.97056704147653,2,4.5,4,5,0,8,55.55555555555556,2.625,100.0,37.87220695550957,0.0,37.87220695550957,13.038288670463961,20.411036619882765,17.383114263775557,49.462138745343594,30.42140293423952,64.58294705995343,18.90030585836408,4,44.44444444444444,,
20250516_161721,aca,84,,,,,,,,,,,2,1,13.4,20.9,39,600,60,80,"(6.0, 6.0)",0.71,3.0,0.26666666666666666,False,84,0.01,"{'type': 'hourly', 'hourly_rates': {0: 1.59, 1: 4.38, 2: 2.38, 3: 1.15, 4: 0.84, 5: 0.76, 6: 1.0, 7: 2.25, 8: 2.86, 9: 1.94, 10: 1.23, 11: 0.85, 12: 0.55, 13: 0.37, 14: 0.21, 15: 0.13, 16: 0.08, 17: 0.05, 18: 0.04, 19: 0.04, 20: 0.12, 21: 0.24, 22: 0.41, 23: 0.53}}",False,15,0,0,5,4.0,13,,,12,10,271.3616568852537,-271.36165688525375,11,83.58467326678628,24.669241535023062,2860.7893166514823,0,0.14104358450515578,0.14104358450515578,0.14104358450515578,1.0,1.25,24.0,30.0,-10.0,110.00000000000001,24.669241535023062,286.0789316651482,2,5.0,4,6,0,2,20.0,2.0,100.0,47.04751628257988,10.692733243978445,36.35478303860143,12.150161845785266,24.784322038411844,16.031628161632494,46.698685995279206,28.18179000741776,55.02080383343193,11.80091918181516,3,30.0,,
20250516_161721,aca,85,,,,,,,,,,,2,1,13.4,20.9,39,600,60,80,"(6.0, 6.0)",0.71,3.0,0.26666666666666666,False,85,0.01,"{'type': 'hourly', 'hourly_rates': {0: 1.59, 1: 4.38, 2: 2.38, 3: 1.15, 4: 0.84, 5: 0.76, 6: 1.0, 7: 2.25, 8: 2.86, 9: 1.94, 10: 1.23, 11: 0.85, 12: 0.55, 13: 0.37, 14: 0.21, 15: 0.13, 16: 0.08, 17: 0.05, 18: 0.04, 19: 0.04, 20: 0.12, 21: 0.24, 22: 0.41, 23: 0.53}}",False,15,0,0,5,4.0,13,,,14,10,312.9552586289013,-312.9552586289013,9,82.38875969492852,34.77280651432236,1352.51034911321,0,0.23246991855155766,0.23246991855155766,0.23246991855155766,1.0,1.25,24.0,30.0,10.0,90.0,34.77280651432236,135.251034911321,2,5.0,4,6,0,6,40.0,2.3333333333333335,100.0,19.633549381502284,1.2716149518815716,18.361934429620714,13.202679322698966,26.74700497826278,6.301046148671566,19.302837952795784,19.503725471370537,27.75255719401642,18.883328765331818,3,30.0,,
20250516_161721,aca,86,,,,,,,,,,,2,1,13.4,20.9,39,600,60,80,"(6.0, 6.0)",0.71,3.0,0.26666666666666666,False,86,0.01,"{'type': 'hourly', 'hourly_rates': {0: 1.59, 1: 4.38, 2: 2.38, 3: 1.15, 4: 0.84, 5: 0.76, 6: 1.0, 7: 2.25, 8: 2.86, 9: 1.94, 10: 1.23, 11: 0.85, 12: 0.55, 13: 0.37, 14: 0.21, 15: 0.13, 16: 0.08, 17: 0.05, 18: 0.04, 19: 0.04, 20: 0.12, 21: 0.24, 22: 0.41, 23: 0.53}}",False,15,0,0,5,4.0,13,,,16,13,121.76706483724922,-121.76706483724922,10,24.868517741353315,12.176706483724923,1931.949890816208,0,0.2536573655785678,0.2536573655785678,0.2536573655785678,1.3,1.625,31.200000000000003,39.0,23.076923076923077,76.92307692307693,12.176706483724923,148.61153006278522,2,6.5,6,7,1,2,7.6923076923076925,2.5,100.0,24.868517741353315,5.746800150269531,19.121717591083783,14.524114869029692,28.642333482210887,9.806677140911354,25.553681613124922,24.33079200994105,42.20890583323566,15.210447388961498,3,23.076923076923077,,
20250516_161722,aca,87,,,,,,,,,,,2,1,13.4,20.9,39,600,60,80,"(6.0, 6.0)",0.71,3.0,0.26666666666666666,False,87,0.01,"{'type': 'hourly', 'hourly_rates': {0: 1.59, 1: 4.38, 2: 2.38, 3: 1.15, 4: 0.84, 5: 0.76, 6: 1.0, 7: 2.25, 8: 2.86, 9: 1.94, 10: 1.23, 11: 0.85, 12: 0.55, 13: 0.37, 14: 0.21, 15: 0.13, 16: 0.08, 17: 0.05, 18: 0.04, 19: 0.04, 20: 0.12, 21: 0.24, 22: 0.41, 23: 0.53}}",False,15,0,0,5,4.0,13,,,12,11,141.47962562049776,-141.47962562049776,7,59.35205937078064,20.211375088642537,1241.6861520192704,0,0.2905559757514348,0.2905559757514348,0.2905559757514348,1.1,1.375,26.400000000000002,33.0,36.36363636363637,63.63636363636363,20.211375088642537,112.88055927447913,2,5.5,5,6,1,1,9.090909090909092,2.0,100.0,28.064454633161233,11.18020084958073,16.884253783580505,12.191151774198635,22.42655886899233,18.589639009317384,74.4311610309567,30.780790783516014,83.35205937078064,22.829796835041307,3,27.27272727272727,,
20250516_161722,aca,88,,,,,,,,,,,2,1,13.4,20.9,39,600,60,80,"(6.0, 6.0)",0.71,3.0,0.26666666666666666,False,88,0.01,"{'type': 'hourly', 'hourly_rates': {0: 1.59, 1: 4.38, 2: 2.38, 3: 1.15, 4: 0.84, 5: 0.76, 6: 1.0, 7: 2.25, 8: 2.86, 9: 1.94, 10: 1.23, 11: 0.85, 12: 0.55, 13: 0.37, 14: 0.21, 15: 0.13, 16: 0.08, 17: 0.05, 18: 0.04, 19: 0.04, 20: 0.12, 21: 0.24, 22: 0.41, 23: 0.53}}",False,15,0,0,5,4.0,13,,,17,11,387.8142508516512,-387.8142508516512,11,152.7464803938103,35.255840986513746,1655.8988087196312,0,0.4074747677055864,0.4074747677055864,0.4074747677055864,1.1,1.375,26.400000000000002,33.0,0.0,100.0,35.255840986513746,150.5362553381483,2,5.5,4,7,1,6,36.36363636363637,2.6666666666666665,100.0,29.514846494387484,0.17850896829975632,29.33633752608773,15.991903417469473,26.622298815566978,4.3324848283386945,14.501832117559047,20.324388245808166,27.249562778098294,35.89426145753496,4,36.36363636363637,,
20250516_161723,aca,89,,,,,,,,,,,2,1,13.4,20.9,39,600,60,80,"(6.0, 6.0)",0.71,3.0,0.26666666666666666,False,89,0.01,"{'type': 'hourly', 'hourly_rates': {0: 1.59, 1: 4.38, 2: 2.38, 3: 1.15, 4: 0.84, 5: 0.76, 6: 1.0, 7: 2.25, 8: 2.86, 9: 1.94, 10: 1.23, 11: 0.85, 12: 0.55, 13: 0.37, 14: 0.21, 15: 0.13, 16: 0.08, 17: 0.05, 18: 0.04, 19: 0.04, 20: 0.12, 21: 0.24, 22: 0.41, 23: 0.53}}",False,15,0,0,5,4.0,13,,,16,13,212.28017406490875,-212.28017406490872,9,38.282131430717996,23.586686007212084,1256.6809218612948,0,0.18053463862556612,0.18053463862556612,0.18053463862556612,1.3,1.625,31.200000000000003,39.0,30.76923076923077,69.23076923076923,23.586686007212084,96.6677632200996,2,6.5,6,7,1,4,30.76923076923077,2.0,100.0,30.350508627265953,4.313061795712489,26.037446831553464,11.416079002726123,16.49693164120481,14.423490326585831,47.706512033547334,25.839569329311953,58.12532628640784,17.577552796187433,3,23.076923076923077,,
20250516_161723,aca,90,,,,,,,,,,,2,1,13.4,20.9,39,600,60,80,"(6.0, 6.0)",0.71,3.0,0.26666666666666666,False,90,0.01,"{'type': 'hourly', 'hourly_rates': {0: 1.59, 1: 4.38, 2: 2.38, 3: 1.15, 4: 0.84, 5: 0.76, 6: 1.0, 7: 2.25, 8: 2.86, 9: 1.94, 10: 1.23, 11: 0.85, 12: 0.55, 13: 0.37, 14: 0.21, 15: 0.13, 16: 0.08, 17: 0.05, 18: 0.04, 19: 0.04, 20: 0.12, 21: 0.24, 22: 0.41, 23: 0.53}}",False,15,0,0,5,4.0,13,,,9,9,5.140258879622877,-5.140258879622877,1,5.140258879622877,5.140258879622877,730.9947936159685,0,0.5681552989398231,0.5681552989398231,0.5681552989398231,0.9,1.125,21.6,27.0,88.88888888888889,11.11111111111111,5.140258879622877,81.22164373510762,2,4.5,3,6,0,0,0,0,0,0,0,0,13.103199843072916,18.984525671770598,3.719990115301668,14.155733207852279,16.823189958374584,33.14025887962288,34.29032832553018,6,66.66666666666666,,
20250516_161724,aca,91,,,,,,,,,,,2,1,13.4,20.9,39,600,60,80,"(6.0, 6.0)",0.71,3.0,0.26666666666666666,False,91,0.01,"{'type': 'hourly', 'hourly_rates': {0: 1.59, 1: 4.38, 2: 2.38, 3: 1.15, 4: 0.84, 5: 0.76, 6: 1.0, 7: 2.25, 8: 2.86, 9: 1.94, 10: 1.23, 11: 0.85, 12: 0.55, 13: 0.37, 14: 0.21, 15: 0.13, 16: 0.08, 17: 0.05, 18: 0.04, 19: 0.04, 20: 0.12, 21: 0.24, 22: 0.41, 23: 0.53}}",False,15,0,0,5,4.0,13,,,18,13,404.14573035922047,-404.14573035922047,10,80.24149787665829,40.41457303592205,1634.0309666482945,0,0.17787444878542413,0.17787444878542413,0.17787444878542413,1.3,1.625,31.200000000000003,39.0,23.076923076923077,76.92307692307693,40.41457303592205,125.6946897421765,2,6.5,6,7,1,4,23.076923076923077,2.5,100.0,46.18769198758097,0.3112313051600367,45.876460682420934,12.542862116430985,16.89706057903709,10.49207100260826,30.612028006724216,23.034933119039245,44.053604232199746,43.934796294615445,5,38.46153846153847,,
20250516_161724,aca,92,,,,,,,,,,,2,1,13.4,20.9,39,600,60,80,"(6.0, 6.0)",0.71,3.0,0.26666666666666666,False,92,0.01,"{'type': 'hourly', 'hourly_rates': {0: 1.59, 1: 4.38, 2: 2.38, 3: 1.15, 4: 0.84, 5: 0.76, 6: 1.0, 7: 2.25, 8: 2.86, 9: 1.94, 10: 1.23, 11: 0.85, 12: 0.55, 13: 0.37, 14: 0.21, 15: 0.13, 16: 0.08, 17: 0.05, 18: 0.04, 19: 0.04, 20: 0.12, 21: 0.24, 22: 0.41, 23: 0.53}}",False,15,0,0,5,4.0,13,,,7,7,0,0,0,0,0,725.8015271283131,0,0.5433936293164255,0.5433936293164255,0.5433936293164255,0.7,0.875,16.799999999999997,21.0,100.0,0.0,0,103.68593244690187,2,3.5,1,6,0,0,0,0,0,0,0,0,12.601533454709573,16.946040851224666,1.7799701273178685,8.473548159243592,14.381503582027443,17.153985955860605,22.577298232322935,5,71.42857142857143,,
20250516_161725,aca,93,,,,,,,,,,,2,1,13.4,20.9,39,600,60,80,"(6.0, 6.0)",0.71,3.0,0.26666666666666666,False,93,0.01,"{'type': 'hourly', 'hourly_rates': {0: 1.59, 1: 4.38, 2: 2.38, 3: 1.15, 4: 0.84, 5: 0.76, 6: 1.0, 7: 2.25, 8: 2.86, 9: 1.94, 10: 1.23, 11: 0.85, 12: 0.55, 13: 0.37, 14: 0.21, 15: 0.13, 16: 0.08, 17: 0.05, 18: 0.04, 19: 0.04, 20: 0.12, 21: 0.24, 22: 0.41, 23: 0.53}}",False,15,0,0,5,4.0,13,,,11,10,61.347650969478934,-61.347650969478934,4,22.845964168998194,15.336912742369734,1025.9912789076507,0,0.5361979616391365,0.5361979616391365,0.5361979616391365,1.0,1.25,24.0,30.0,60.0,40.0,15.336912742369734,102.59912789076506,2,5.0,5,5,0,0,0,0,0,0,0,0,15.630155300497028,23.577504543115595,11.042694276560013,34.39352951309439,26.672849577057043,46.513364050964014,58.64920450256199,6,60.0,,
20250516_161725,aca,94,,,,,,,,,,,2,1,13.4,20.9,39,600,60,80,"(6.0, 6.0)",0.71,3.0,0.26666666666666666,False,94,0.01,"{'type': 'hourly', 'hourly_rates': {0: 1.59, 1: 4.38, 2: 2.38, 3: 1.15, 4: 0.84, 5: 0.76, 6: 1.0, 7: 2.25, 8: 2.86, 9: 1.94, 10: 1.23, 11: 0.85, 12: 0.55, 13: 0.37, 14: 0.21, 15: 0.13, 16: 0.08, 17: 0.05, 18: 0.04, 19: 0.04, 20: 0.12, 21: 0.24, 22: 0.41, 23: 0.53}}",False,15,0,0,5,4.0,13,,,13,12,89.13674364907071,-89.13674364907071,5,31.81996414429534,17.82734872981414,1392.4910697372409,0,0.22838383776510635,0.22838383776510635,0.22838383776510635,1.2,1.5,28.799999999999997,36.0,58.333333333333336,41.66666666666667,17.82734872981414,116.04092247810341,2,6.0,6,6,0,3,33.33333333333333,2.0,100.0,16.76581612450557,0.4023858127811888,16.36343031172438,13.351262180154235,20.971985216361325,9.167273402224321,30.266908354959597,22.518535582378558,40.16577323831902,26.674251286833115,5,41.66666666666667,,
20250516_161725,aca,95,,,,,,,,,,,2,1,13.4,20.9,39,600,60,80,"(6.0, 6.0)",0.71,3.0,0.26666666666666666,False,95,0.01,"{'type': 'hourly', 'hourly_rates': {0: 1.59, 1: 4.38, 2: 2.38, 3: 1.15, 4: 0.84, 5: 0.76, 6: 1.0, 7: 2.25, 8: 2.86, 9: 1.94, 10: 1.23, 11: 0.85, 12: 0.55, 13: 0.37, 14: 0.21, 15: 0.13, 16: 0.08, 17: 0.05, 18: 0.04, 19: 0.04, 20: 0.12, 21: 0.24, 22: 0.41, 23: 0.53}}",False,15,0,0,5,4.0,13,,,5,5,21.725692179096797,-21.725692179096797,3,11.144053954623075,7.241897393032265,1053.0394729279587,0,0.43031790918391144,0.43031790918391144,0.43031790918391144,0.5,0.625,12.0,15.0,40.0,60.0,7.241897393032265,210.60789458559174,2,2.5,2,3,1,0,0,0,0,0,0,0,18.171466690063948,35.40625359156735,5.964704735916129,13.70254072488899,24.136171425980077,35.81428964223005,28.454858326776275,2,40.0,,
20250516_161726,aca,96,,,,,,,,,,,2,1,13.4,20.9,39,600,60,80,"(6.0, 6.0)",0.71,3.0,0.26666666666666666,False,96,0.01,"{'type': 'hourly', 'hourly_rates': {0: 1.59, 1: 4.38, 2: 2.38, 3: 1.15, 4: 0.84, 5: 0.76, 6: 1.0, 7: 2.25, 8: 2.86, 9: 1.94, 10: 1.23, 11: 0.85, 12: 0.55, 13: 0.37, 14: 0.21, 15: 0.13, 16: 0.08, 17: 0.05, 18: 0.04, 19: 0.04, 20: 0.12, 21: 0.24, 22: 0.41, 23: 0.53}}",False,15,0,0,5,4.0,13,,,9,6,257.7904419255653,-257.7904419255653,5,77.65196682556262,51.55808838511306,1393.9500187630606,0,0.4588554568777882,0.4588554568777882,0.4588554568777882,0.6,0.75,14.399999999999999,18.0,16.666666666666664,83.33333333333334,51.55808838511306,232.32500312717676,2,3.0,3,3,1,4,50.0,2.75,100.0,46.81057730660447,0.0,46.81057730660447,14.49234663994578,16.917338647084478,16.69525731542167,79.7572893605716,31.18760395536745,95.65196682556262,5.27814644645472,2,33.33333333333333,,
20250516_161726,aca,97,,,,,,,,,,,2,1,13.4,20.9,39,600,60,80,"(6.0, 6.0)",0.71,3.0,0.26666666666666666,False,97,0.01,"{'type': 'hourly', 'hourly_rates': {0: 1.59, 1: 4.38, 2: 2.38, 3: 1.15, 4: 0.84, 5: 0.76, 6: 1.0, 7: 2.25, 8: 2.86, 9: 1.94, 10: 1.23, 11: 0.85, 12: 0.55, 13: 0.37, 14: 0.21, 15: 0.13, 16: 0.08, 17: 0.05, 18: 0.04, 19: 0.04, 20: 0.12, 21: 0.24, 22: 0.41, 23: 0.53}}",False,15,0,0,5,4.0,13,,,10,10,21.132176497569958,-21.132176497569958,2,12.129963035220726,10.566088248784979,1261.4771689626364,0,0.4249524206933241,0.4249524206933241,0.4249524206933241,1.0,1.25,24.0,30.0,80.0,20.0,10.566088248784979,126.14771689626363,2,5.0,3,7,0,1,20.0,2.0,100.0,0.0,2.6415220621962447,-2.6415220621962447,10.440164833162537,14.673834316687419,7.5501965926479615,27.081004713824044,17.990361425810498,38.129963035220726,0.9195676835039706,2,20.0,,
20250516_161726,aca,98,,,,,,,,,,,2,1,13.4,20.9,39,600,60,80,"(6.0, 6.0)",0.71,3.0,0.26666666666666666,False,98,0.01,"{'type': 'hourly', 'hourly_rates': {0: 1.59, 1: 4.38, 2: 2.38, 3: 1.15, 4: 0.84, 5: 0.76, 6: 1.0, 7: 2.25, 8: 2.86, 9: 1.94, 10: 1.23, 11: 0.85, 12: 0.55, 13: 0.37, 14: 0.21, 15: 0.13, 16: 0.08, 17: 0.05, 18: 0.04, 19: 0.04, 20: 0.12, 21: 0.24, 22: 0.41, 23: 0.53}}",False,15,0,0,5,4.0,13,,,11,10,136.04900048779592,-136.04900048779592,4,64.37172887467895,34.01225012194898,983.5544357508402,0,0.35796077031598766,0.35796077031598766,0.35796077031598766,1.0,1.25,24.0,30.0,60.0,40.0,34.01225012194898,98.35544357508402,2,5.0,4,6,0,1,10.0,2.0,100.0,32.195225857671744,7.672856469192142,24.522369388479603,15.297693401143501,27.260902420123273,12.207407007342084,81.09351081251789,27.505100408485582,88.37172887467895,50.87140453412755,6,60.0,,
20250516_161727,aca,99,,,,,,,,,,,2,1,13.4,20.9,39,600,60,80,"(6.0, 6.0)",0.71,3.0,0.26666666666666666,False,99,0.01,"{'type': 'hourly', 'hourly_rates': {0: 1.59, 1: 4.38, 2: 2.38, 3: 1.15, 4: 0.84, 5: 0.76, 6: 1.0, 7: 2.25, 8: 2.86, 9: 1.94, 10: 1.23, 11: 0.85, 12: 0.55, 13: 0.37, 14: 0.21, 15: 0.13, 16: 0.08, 17: 0.05, 18: 0.04, 19: 0.04, 20: 0.12, 21: 0.24, 22: 0.41, 23: 0.53}}",False,15,0,0,5,4.0,13,,,17,14,162.16229268765062,-162.16229268765062,11,28.68012987562406,14.742026607968238,1543.038149782789,0,0.18949612859123108,0.18949612859123108,0.18949612859123108,1.4,1.75,33.599999999999994,42.0,21.428571428571427,78.57142857142857,14.742026607968238,110.21701069877065,2,7.0,5,9,1,4,28.57142857142857,2.0,100.0,13.301843072255746,8.683992266349733,4.617850805906013,12.660030984972456,24.476068344472537,14.46152415527238,46.935309948491806,27.12155514024484,53.680129875624004,18.23008020401372,3,21.428571428571427,,
20250516_161727,aca,100,,,,,,,,,,,2,1,13.4,20.9,39,600,60,80,"(6.0, 6.0)",0.71,3.0,0.26666666666666666,False,100,0.01,"{'type': 'hourly', 'hourly_rates': {0: 1.59, 1: 4.38, 2: 2.38, 3: 1.15, 4: 0.84, 5: 0.76, 6: 1.0, 7: 2.25, 8: 2.86, 9: 1.94, 10: 1.23, 11: 0.85, 12: 0.55, 13: 0.37, 14: 0.21, 15: 0.13, 16: 0.08, 17: 0.05, 18: 0.04, 19: 0.04, 20: 0.12, 21: 0.24, 22: 0.41, 23: 0.53}}",False,15,0,0,5,4.0,13,,,10,9,86.23188386188536,-86.23188386188536,6,36.132426012833236,14.37198064364756,923.8751784721157,0,0.4357063987673324,0.4357063987673324,0.4357063987673324,0.9,1.125,21.6,27.0,33.33333333333333,66.66666666666666,14.37198064364756,102.65279760801286,2,4.5,1,8,0,2,33.33333333333333,2.0,100.0,18.00586468893573,0.8240862149699902,17.18177847396574,15.11747432620885,21.584532440664077,8.646026896481644,31.201776928161394,23.763501222690493,46.132426012833236,23.923389343107516,4,44.44444444444444,,
20250516_161727,aca,101,,,,,,,,,,,2,1,13.4,20.9,39,600,60,80,"(6.0, 6.0)",0.71,3.0,0.26666666666666666,False,101,0.01,"{'type': 'hourly', 'hourly_rates': {0: 1.59, 1: 4.38, 2: 2.38, 3: 1.15, 4: 0.84, 5: 0.76, 6: 1.0, 7: 2.25, 8: 2.86, 9: 1.94, 10: 1.23, 11: 0.85, 12: 0.55, 13: 0.37, 14: 0.21, 15: 0.13, 16: 0.08, 17: 0.05, 18: 0.04, 19: 0.04, 20: 0.12, 21: 0.24, 22: 0.41, 23: 0.53}}",False,15,0,0,5,4.0,13,,,14,10,189.9787267572019,-189.9787267572019,9,46.70681657930862,21.10874741746688,1372.5773228510877,0,0.2521225960796489,0.2521225960796489,0.2521225960796489,1.0,1.25,24.0,30.0,10.0,90.0,21.10874741746688,137.25773228510877,2,5.0,4,6,0,3,20.0,2.3333333333333335,100.0,31.395030661770562,7.335414465196188,24.059616196574375,16.570782727958566,29.22045397916105,11.918649647517569,39.75966997028786,28.489432375476134,55.95262472089968,23.96508145220561,4,40.0,,
20250516_161728,aca,102,,,,,,,,,,,2,1,13.4,20.9,39,600,60,80,"(6.0, 6.0)",0.71,3.0,0.26666666666666666,False,102,0.01,"{'type': 'hourly', 'hourly_rates': {0: 1.59, 1: 4.38, 2: 2.38, 3: 1.15, 4: 0.84, 5: 0.76, 6: 1.0, 7: 2.25, 8: 2.86, 9: 1.94, 10: 1.23, 11: 0.85, 12: 0.55, 13: 0.37, 14: 0.21, 15: 0.13, 16: 0.08, 17: 0.05, 18: 0.04, 19: 0.04, 20: 0.12, 21: 0.24, 22: 0.41, 23: 0.53}}",False,15,0,0,5,4.0,13,,,11,11,2.383439629197369,-2.383439629197369,1,2.383439629197369,2.383439629197369,817.6684775692918,0,0.30168793182184306,0.30168793182184306,0.30168793182184306,1.1,1.375,26.400000000000002,33.0,90.9090909090909,9.090909090909092,2.383439629197369,74.33349796084471,2,5.5,3,8,0,0,0,0,0,0,0,0,13.202504827624939,21.896425756715576,3.933926812005896,13.141890521251725,17.136431639630835,22.490939743350594,35.05648708635805,5,45.45454545454545,,
20250516_161728,aca,103,,,,,,,,,,,2,1,13.4,20.9,39,600,60,80,"(6.0, 6.0)",0.71,3.0,0.26666666666666666,False,103,0.01,"{'type': 'hourly', 'hourly_rates': {0: 1.59, 1: 4.38, 2: 2.38, 3: 1.15, 4: 0.84, 5: 0.76, 6: 1.0, 7: 2.25, 8: 2.86, 9: 1.94, 10: 1.23, 11: 0.85, 12: 0.55, 13: 0.37, 14: 0.21, 15: 0.13, 16: 0.08, 17: 0.05, 18: 0.04, 19: 0.04, 20: 0.12, 21: 0.24, 22: 0.41, 23: 0.53}}",False,15,0,0,5,4.0,13,,,15,12,326.9490937043576,-326.9490937043576,11,84.25069232488718,29.72264488221433,2232.5061723936474,0,0.25005716122858934,0.25005716122858934,0.25005716122858934,1.2,1.5,28.799999999999997,36.0,8.333333333333332,91.66666666666666,29.72264488221433,186.04218103280394,2,6.0,4,8,0,4,33.33333333333333,2.0,100.0,25.657109186804874,13.92693912332345,11.730170063481424,14.40513832099073,20.94206648314332,16.50145370064821,46.3179430484779,30.90659202163894,56.68876635347658,3.405300827735175,2,16.666666666666664,,
20250516_161728,aca,104,,,,,,,,,,,2,1,13.4,20.9,39,600,60,80,"(6.0, 6.0)",0.71,3.0,0.26666666666666666,False,104,0.01,"{'type': 'hourly', 'hourly_rates': {0: 1.59, 1: 4.38, 2: 2.38, 3: 1.15, 4: 0.84, 5: 0.76, 6: 1.0, 7: 2.25, 8: 2.86, 9: 1.94, 10: 1.23, 11: 0.85, 12: 0.55, 13: 0.37, 14: 0.21, 15: 0.13, 16: 0.08, 17: 0.05, 18: 0.04, 19: 0.04, 20: 0.12, 21: 0.24, 22: 0.41, 23: 0.53}}",False,15,0,0,5,4.0,13,,,11,10,34.01055375880998,-34.01055375880998,4,16.099023230561556,8.502638439702496,1354.9295202674639,0,0.40179795831799164,0.40179795831799164,0.40179795831799164,1.0,1.25,24.0,30.0,60.0,40.0,8.502638439702496,135.4929520267464,2,5.0,4,6,0,0,0,0,0,0,0,0,12.783963718900226,25.27677258189297,8.184623354989691,24.563019067692544,20.968587073889918,41.099023230561556,8.142047079449156,2,20.0,,
20250516_161729,aca,105,,,,,,,,,,,2,1,13.4,20.9,39,600,60,80,"(6.0, 6.0)",0.71,3.0,0.26666666666666666,False,105,0.01,"{'type': 'hourly', 'hourly_rates': {0: 1.59, 1: 4.38, 2: 2.38, 3: 1.15, 4: 0.84, 5: 0.76, 6: 1.0, 7: 2.25, 8: 2.86, 9: 1.94, 10: 1.23, 11: 0.85, 12: 0.55, 13: 0.37, 14: 0.21, 15: 0.13, 16: 0.08, 17: 0.05, 18: 0.04, 19: 0.04, 20: 0.12, 21: 0.24, 22: 0.41, 23: 0.53}}",False,15,0,0,5,4.0,13,,,13,8,399.7631922154293,-399.76319221542934,10,73.67200631621158,39.97631922154293,1622.770001982091,0,0.11674165995322075,0.11674165995322075,0.11674165995322075,0.8,1.0,19.200000000000003,24.0,-25.0,125.0,39.97631922154293,202.84625024776136,2,4.0,4,4,0,5,62.5,2.0,100.0,37.161823673364076,0.0,37.161823673364076,14.861182895273112,22.98119238519581,19.04669107813763,53.35520908994778,33.907873973410744,65.66946987075235,13.470115330754503,2,25.0,,
20250516_161729,aca,106,,,,,,,,,,,2,1,13.4,20.9,39,600,60,80,"(6.0, 6.0)",0.71,3.0,0.26666666666666666,False,106,0.01,"{'type': 'hourly', 'hourly_rates': {0: 1.59, 1: 4.38, 2: 2.38, 3: 1.15, 4: 0.84, 5: 0.76, 6: 1.0, 7: 2.25, 8: 2.86, 9: 1.94, 10: 1.23, 11: 0.85, 12: 0.55, 13: 0.37, 14: 0.21, 15: 0.13, 16: 0.08, 17: 0.05, 18: 0.04, 19: 0.04, 20: 0.12, 21: 0.24, 22: 0.41, 23: 0.53}}",False,15,0,0,5,4.0,13,,,7,5,116.37736897558797,-116.37736897558797,7,38.043664008711005,16.625338425083996,1422.9964031578054,0,0.2897954442523267,0.2897954442523267,0.2897954442523267,0.5,0.625,12.0,15.0,-40.0,140.0,16.625338425083996,284.5992806315611,2,2.5,2,3,1,3,60.0,2.3333333333333335,100.0,10.154101224923261,5.960363752180967,4.193737472742294,13.422775562530337,25.224245305533206,6.253830673296007,12.566402741408325,19.676606235826345,26,8.224245305533206,1,20.0,,
20250516_161730,aca,107,,,,,,,,,,,2,1,13.4,20.9,39,600,60,80,"(6.0, 6.0)",0.71,3.0,0.26666666666666666,False,107,0.01,"{'type': 'hourly', 'hourly_rates': {0: 1.59, 1: 4.38, 2: 2.38, 3: 1.15, 4: 0.84, 5: 0.76, 6: 1.0, 7: 2.25, 8: 2.86, 9: 1.94, 10: 1.23, 11: 0.85, 12: 0.55, 13: 0.37, 14: 0.21, 15: 0.13, 16: 0.08, 17: 0.05, 18: 0.04, 19: 0.04, 20: 0.12, 21: 0.24, 22: 0.41, 23: 0.53}}",False,15,0,0,5,4.0,13,,,20,14,258.8925778009745,-258.89257780097444,14,49.45077234292066,18.492326985783894,1806.1278429235779,0,0.1268552795246359,0.1268552795246359,0.1268552795246359,1.4,1.75,33.599999999999994,42.0,0.0,100.0,18.492326985783894,129.0091316373984,2,7.0,5,9,0,5,28.57142857142857,2.0,100.0,14.984496204587252,7.229623738294802,7.75487246629245,12.281551655762554,15.403122569223115,14.292085992637823,36.43547495265645,26.573637648400375,47.83332952251091,7.133486682833393,2,14.285714285714285,,
20250516_161730,aca,108,,,,,,,,,,,2,1,13.4,20.9,39,600,60,80,"(6.0, 6.0)",0.71,3.0,0.26666666666666666,False,108,0.01,"{'type': 'hourly', 'hourly_rates': {0: 1.59, 1: 4.38, 2: 2.38, 3: 1.15, 4: 0.84, 5: 0.76, 6: 1.0, 7: 2.25, 8: 2.86, 9: 1.94, 10: 1.23, 11: 0.85, 12: 0.55, 13: 0.37, 14: 0.21, 15: 0.13, 16: 0.08, 17: 0.05, 18: 0.04, 19: 0.04, 20: 0.12, 21: 0.24, 22: 0.41, 23: 0.53}}",False,15,0,0,5,4.0,13,,,16,12,358.08552385693764,-358.08552385693764,11,97.26508385263804,32.553229441539784,1859.1567535821894,0,0.19675536109249775,0.19675536109249775,0.19675536109249775,1.2,1.5,28.799999999999997,36.0,8.333333333333332,91.66666666666666,32.553229441539784,154.92972946518245,2,6.0,5,7,0,4,25.0,2.25,100.0,47.14048358248041,5.591233467565344,41.54925011491506,12.842437488429878,16.65459591391405,17.606546343510885,81.34288359176227,30.448983831940765,96.82540460896273,2.782726574342121,2,16.666666666666664,,
20250516_161730,aca,109,,,,,,,,,,,2,1,13.4,20.9,39,600,60,80,"(6.0, 6.0)",0.71,3.0,0.26666666666666666,False,109,0.01,"{'type': 'hourly', 'hourly_rates': {0: 1.59, 1: 4.38, 2: 2.38, 3: 1.15, 4: 0.84, 5: 0.76, 6: 1.0, 7: 2.25, 8: 2.86, 9: 1.94, 10: 1.23, 11: 0.85, 12: 0.55, 13: 0.37, 14: 0.21, 15: 0.13, 16: 0.08, 17: 0.05, 18: 0.04, 19: 0.04, 20: 0.12, 21: 0.24, 22: 0.41, 23: 0.53}}",False,15,0,0,5,4.0,13,,,14,10,434.42387933865484,-434.4238793386548,9,119.25535066607304,48.269319926517205,1589.060474535712,0,0.18657877853778115,0.18657877853778115,0.18657877853778115,1.0,1.25,24.0,30.0,10.0,90.0,48.269319926517205,158.9060474535712,2,5.0,4,6,1,5,30.0,2.6,100.0,49.81259667905653,5.7248340048243165,44.087762674232216,15.533858114422856,27.208388821019106,14.177404409925021,91.31817414847185,29.711262524347877,102.25535066607304,39.17316231822956,7,70.0,,
20250516_161731,aca,110,,,,,,,,,,,2,1,13.4,20.9,39,600,60,80,"(6.0, 6.0)",0.71,3.0,0.26666666666666666,False,110,0.01,"{'type': 'hourly', 'hourly_rates': {0: 1.59, 1: 4.38, 2: 2.38, 3: 1.15, 4: 0.84, 5: 0.76, 6: 1.0, 7: 2.25, 8: 2.86, 9: 1.94, 10: 1.23, 11: 0.85, 12: 0.55, 13: 0.37, 14: 0.21, 15: 0.13, 16: 0.08, 17: 0.05, 18: 0.04, 19: 0.04, 20: 0.12, 21: 0.24, 22: 0.41, 23: 0.53}}",False,15,0,0,5,4.0,13,,,13,9,347.5109922389746,-347.5109922389746,7,72.04388933691678,49.64442746271066,1724.7219248194451,0,0.2631341460567084,0.2631341460567084,0.2631341460567084,0.9,1.125,21.6,27.0,22.22222222222222,77.77777777777779,49.64442746271066,191.6357694243828,2,4.5,4,5,1,4,22.22222222222222,2.5,100.0,51.489446202425356,2.4374156230174355,49.05203057940792,13.20979429503133,21.246483473143826,10.234573364391105,40.307493843395775,23.444367659422436,52.92505258973344,4.927717764498709,1,11.11111111111111,,
20250516_161731,aca,111,,,,,,,,,,,2,1,13.4,20.9,39,600,60,80,"(6.0, 6.0)",0.71,3.0,0.26666666666666666,False,111,0.01,"{'type': 'hourly', 'hourly_rates': {0: 1.59, 1: 4.38, 2: 2.38, 3: 1.15, 4: 0.84, 5: 0.76, 6: 1.0, 7: 2.25, 8: 2.86, 9: 1.94, 10: 1.23, 11: 0.85, 12: 0.55, 13: 0.37, 14: 0.21, 15: 0.13, 16: 0.08, 17: 0.05, 18: 0.04, 19: 0.04, 20: 0.12, 21: 0.24, 22: 0.41, 23: 0.53}}",False,15,0,0,5,4.0,13,,,17,9,428.51238567691337,-428.5123856769133,12,85.62626725091519,35.70936547307611,2167.8144502999157,0,0.39030783010353337,0.39030783010353337,0.39030783010353337,0.9,1.125,21.6,27.0,-33.33333333333333,133.33333333333331,35.70936547307611,240.8682722555462,2,4.5,3,6,1,7,33.33333333333333,3.0,100.0,42.857894149886754,4.56851464692987,38.28937950295688,12.875397058237647,15.213544953380747,12.675524191864135,38.412722297534444,25.55092125010178,53.62626725091519,16.280528223753443,3,33.33333333333333,,
20250516_161732,aca,112,,,,,,,,,,,2,1,13.4,20.9,39,600,60,80,"(6.0, 6.0)",0.71,3.0,0.26666666666666666,False,112,0.01,"{'type': 'hourly', 'hourly_rates': {0: 1.59, 1: 4.38, 2: 2.38, 3: 1.15, 4: 0.84, 5: 0.76, 6: 1.0, 7: 2.25, 8: 2.86, 9: 1.94, 10: 1.23, 11: 0.85, 12: 0.55, 13: 0.37, 14: 0.21, 15: 0.13, 16: 0.08, 17: 0.05, 18: 0.04, 19: 0.04, 20: 0.12, 21: 0.24, 22: 0.41, 23: 0.53}}",False,15,0,0,5,4.0,13,,,10,10,22.68548597343751,-22.68548597343751,3,19.040557344057063,7.5618286578125025,964.5302290209286,0,0.382128602528875,0.382128602528875,0.382128602528875,1.0,1.25,24.0,30.0,70.0,30.0,7.5618286578125025,96.45302290209285,2,5.0,5,5,0,0,0,0,0,0,0,0,13.300223535305719,20.70358644633348,7.16222486807235,31.20410209620193,20.46244840337807,39.04055734405706,34.0145806065291,4,40.0,,
20250516_161732,aca,113,,,,,,,,,,,2,1,13.4,20.9,39,600,60,80,"(6.0, 6.0)",0.71,3.0,0.26666666666666666,False,113,0.01,"{'type': 'hourly', 'hourly_rates': {0: 1.59, 1: 4.38, 2: 2.38, 3: 1.15, 4: 0.84, 5: 0.76, 6: 1.0, 7: 2.25, 8: 2.86, 9: 1.94, 10: 1.23, 11: 0.85, 12: 0.55, 13: 0.37, 14: 0.21, 15: 0.13, 16: 0.08, 17: 0.05, 18: 0.04, 19: 0.04, 20: 0.12, 21: 0.24, 22: 0.41, 23: 0.53}}",False,15,0,0,5,4.0,13,,,15,15,5.203677976332898,-5.203677976332898,4,2.479266071465844,1.3009194940832245,1648.9446043851576,0,0.183224340375164,0.183224340375164,0.183224340375164,1.5,1.875,36.0,45.0,73.33333333333333,26.666666666666668,1.3009194940832245,109.92964029234385,2,7.5,7,8,1,0,0,0,0,0,0,0,12.209072384571337,18.725192413418597,4.9794181890292935,16.851962945953744,17.18849057360063,27.479266071465844,35.38471177002293,7,46.666666666666664,,
20250516_161732,aca,114,,,,,,,,,,,2,1,13.4,20.9,39,600,60,80,"(6.0, 6.0)",0.71,3.0,0.26666666666666666,False,114,0.01,"{'type': 'hourly', 'hourly_rates': {0: 1.59, 1: 4.38, 2: 2.38, 3: 1.15, 4: 0.84, 5: 0.76, 6: 1.0, 7: 2.25, 8: 2.86, 9: 1.94, 10: 1.23, 11: 0.85, 12: 0.55, 13: 0.37, 14: 0.21, 15: 0.13, 16: 0.08, 17: 0.05, 18: 0.04, 19: 0.04, 20: 0.12, 21: 0.24, 22: 0.41, 23: 0.53}}",False,15,0,0,5,4.0,13,,,14,11,160.5139325712414,-160.5139325712414,6,69.06649976933062,26.752322095206903,1422.852930101668,0,0.16856067552273313,0.16856067552273313,0.16856067552273313,1.1,1.375,26.400000000000002,33.0,45.45454545454545,54.54545454545454,26.752322095206903,129.3502663728789,2,5.5,5,6,0,4,27.27272727272727,2.5,100.0,24.53098219344675,0.488273787263779,24.04270840618297,11.71047014324443,16.808173119106183,8.340541771869152,49.18750503667526,20.05101191511358,61.51692759333639,3.7828060862286677,1,9.090909090909092,,
20250516_161733,aca,115,,,,,,,,,,,2,1,13.4,20.9,39,600,60,80,"(6.0, 6.0)",0.71,3.0,0.26666666666666666,False,115,0.01,"{'type': 'hourly', 'hourly_rates': {0: 1.59, 1: 4.38, 2: 2.38, 3: 1.15, 4: 0.84, 5: 0.76, 6: 1.0, 7: 2.25, 8: 2.86, 9: 1.94, 10: 1.23, 11: 0.85, 12: 0.55, 13: 0.37, 14: 0.21, 15: 0.13, 16: 0.08, 17: 0.05, 18: 0.04, 19: 0.04, 20: 0.12, 21: 0.24, 22: 0.41, 23: 0.53}}",False,15,0,0,5,4.0,13,,,14,13,324.7467147556624,-324.74671475566237,10,113.64749440308267,32.47467147556624,3031.146312630693,0,0.11440406791344195,0.11440406791344195,0.11440406791344195,1.3,1.625,31.200000000000003,39.0,23.076923076923077,76.92307692307693,32.47467147556624,233.16510097159178,2,6.5,6,7,0,1,7.6923076923076925,2.0,100.0,39.71613289656767,21.87930945295555,17.836823443612122,15.023745484858647,23.57166594270337,22.203699873994047,110.73243652697997,37.22744535885269,124.64749440308267,3.9817849778804266,2,15.384615384615385,,
20250516_161733,aca,116,,,,,,,,,,,2,1,13.4,20.9,39,600,60,80,"(6.0, 6.0)",0.71,3.0,0.26666666666666666,False,116,0.01,"{'type': 'hourly', 'hourly_rates': {0: 1.59, 1: 4.38, 2: 2.38, 3: 1.15, 4: 0.84, 5: 0.76, 6: 1.0, 7: 2.25, 8: 2.86, 9: 1.94, 10: 1.23, 11: 0.85, 12: 0.55, 13: 0.37, 14: 0.21, 15: 0.13, 16: 0.08, 17: 0.05, 18: 0.04, 19: 0.04, 20: 0.12, 21: 0.24, 22: 0.41, 23: 0.53}}",False,15,0,0,5,4.0,13,,,7,7,16.512163012333914,-16.512163012333914,1,16.512163012333914,16.512163012333914,797.4891684386824,0,0.4328614665696228,0.4328614665696228,0.4328614665696228,0.7,0.875,16.799999999999997,21.0,85.71428571428571,14.285714285714285,16.512163012333914,113.92702406266892,2,3.5,1,6,1,0,0,0,0,0,0,0,12.282472714863095,20.892847491726258,4.544371213705245,24.400145477482262,16.82684392856834,32.512163012333914,29.26194571736659,5,71.42857142857143,,
20250516_161733,aca,117,,,,,,,,,,,2,1,13.4,20.9,39,600,60,80,"(6.0, 6.0)",0.71,3.0,0.26666666666666666,False,117,0.01,"{'type': 'hourly', 'hourly_rates': {0: 1.59, 1: 4.38, 2: 2.38, 3: 1.15, 4: 0.84, 5: 0.76, 6: 1.0, 7: 2.25, 8: 2.86, 9: 1.94, 10: 1.23, 11: 0.85, 12: 0.55, 13: 0.37, 14: 0.21, 15: 0.13, 16: 0.08, 17: 0.05, 18: 0.04, 19: 0.04, 20: 0.12, 21: 0.24, 22: 0.41, 23: 0.53}}",False,15,0,0,5,4.0,13,,,8,8,17.12622117362133,-17.12622117362133,1,17.12622117362133,17.12622117362133,596.7476760303439,0,0.6695098480247323,0.6695098480247323,0.6695098480247323,0.8,1.0,19.200000000000003,24.0,87.5,12.5,17.12622117362133,74.59345950379299,2,4.0,3,5,0,0,0,0,0,0,0,0,11.61673133648915,15.0790188864529,3.692590057081563,26.097328254047966,15.309321393570713,39.12622117362133,27.093334172969012,6,75.0,,
20250516_161734,aca,118,,,,,,,,,,,2,1,13.4,20.9,39,600,60,80,"(6.0, 6.0)",0.71,3.0,0.26666666666666666,False,118,0.01,"{'type': 'hourly', 'hourly_rates': {0: 1.59, 1: 4.38, 2: 2.38, 3: 1.15, 4: 0.84, 5: 0.76, 6: 1.0, 7: 2.25, 8: 2.86, 9: 1.94, 10: 1.23, 11: 0.85, 12: 0.55, 13: 0.37, 14: 0.21, 15: 0.13, 16: 0.08, 17: 0.05, 18: 0.04, 19: 0.04, 20: 0.12, 21: 0.24, 22: 0.41, 23: 0.53}}",False,15,0,0,5,4.0,13,,,5,5,17.026102866228285,-17.026102866228285,3,7.428875604978913,5.675367622076095,1195.0519784237724,0,0.616062552510461,0.616062552510461,0.616062552510461,0.5,0.625,12.0,15.0,40.0,60.0,5.675367622076095,239.01039568475449,2,2.5,2,3,0,0,0,0,0,0,0,0,13.297332768070115,15.973442565207648,4.391143355859529,7.865062197186262,17.688476123929643,20.428875604978913,1.7177416737824274,1,20.0,,
20250516_161734,aca,119,,,,,,,,,,,2,1,13.4,20.9,39,600,60,80,"(6.0, 6.0)",0.71,3.0,0.26666666666666666,False,119,0.01,"{'type': 'hourly', 'hourly_rates': {0: 1.59, 1: 4.38, 2: 2.38, 3: 1.15, 4: 0.84, 5: 0.76, 6: 1.0, 7: 2.25, 8: 2.86, 9: 1.94, 10: 1.23, 11: 0.85, 12: 0.55, 13: 0.37, 14: 0.21, 15: 0.13, 16: 0.08, 17: 0.05, 18: 0.04, 19: 0.04, 20: 0.12, 21: 0.24, 22: 0.41, 23: 0.53}}",False,15,0,0,5,4.0,13,,,21,10,1016.8184038495203,-1016.8184038495205,17,148.64075814211,59.8128472852659,2744.0314790568946,0,0.2434479268176844,0.2434479268176844,0.2434479268176844,1.0,1.25,24.0,30.0,-70.0,170.0,59.8128472852659,274.4031479056895,2,5.0,5,5,0,9,40.0,2.7777777777777777,100.0,53.11357749255734,11.846786628863137,41.266790863694204,14.514541045179172,19.449204101191498,20.218516969706158,49.375849765250166,34.73305801488533,67.49326781253188,16.27923535892839,1,10.0,,
20250516_161735,aca,120,,,,,,,,,,,2,1,13.4,20.9,39,600,60,80,"(6.0, 6.0)",0.71,3.0,0.26666666666666666,False,120,0.01,"{'type': 'hourly', 'hourly_rates': {0: 1.59, 1: 4.38, 2: 2.38, 3: 1.15, 4: 0.84, 5: 0.76, 6: 1.0, 7: 2.25, 8: 2.86, 9: 1.94, 10: 1.23, 11: 0.85, 12: 0.55, 13: 0.37, 14: 0.21, 15: 0.13, 16: 0.08, 17: 0.05, 18: 0.04, 19: 0.04, 20: 0.12, 21: 0.24, 22: 0.41, 23: 0.53}}",False,15,0,0,5,4.0,13,,,5,5,0,0,0,0,0,323.3066327222439,0,0.5831062855439859,0.5831062855439859,0.5831062855439859,0.5,0.625,12.0,15.0,100.0,0.0,0,64.66132654444877,2,2.5,1,4,0,0,0,0,0,0,0,0,15.051194204520556,24.254074649272127,2.923555156422327,11.204108932984013,17.974749360942884,25.98641802710233,28.033983012628347,3,60.0,,
20250516_161735,aca,121,,,,,,,,,,,2,1,13.4,20.9,39,600,60,80,"(6.0, 6.0)",0.71,3.0,0.26666666666666666,False,121,0.01,"{'type': 'hourly', 'hourly_rates': {0: 1.59, 1: 4.38, 2: 2.38, 3: 1.15, 4: 0.84, 5: 0.76, 6: 1.0, 7: 2.25, 8: 2.86, 9: 1.94, 10: 1.23, 11: 0.85, 12: 0.55, 13: 0.37, 14: 0.21, 15: 0.13, 16: 0.08, 17: 0.05, 18: 0.04, 19: 0.04, 20: 0.12, 21: 0.24, 22: 0.41, 23: 0.53}}",False,15,0,0,5,4.0,13,,,7,7,29.044978149738434,-29.044978149738434,2,14.707709952603274,14.522489074869217,812.5023764302333,0,0.4983038749851826,0.4983038749851826,0.4983038749851826,0.7,0.875,16.799999999999997,21.0,71.42857142857143,28.57142857142857,14.522489074869217,116.0717680614619,1,7.0,7,7,1,0,0,0,0,0,0,0,14.195984924713047,22.162912389315636,6.684874817464269,24.062945051867757,20.880859742177314,39.33726819713516,18.32037580219326,3,42.857142857142854,,
20250516_161735,aca,122,,,,,,,,,,,2,1,13.4,20.9,39,600,60,80,"(6.0, 6.0)",0.71,3.0,0.26666666666666666,False,122,0.01,"{'type': 'hourly', 'hourly_rates': {0: 1.59, 1: 4.38, 2: 2.38, 3: 1.15, 4: 0.84, 5: 0.76, 6: 1.0, 7: 2.25, 8: 2.86, 9: 1.94, 10: 1.23, 11: 0.85, 12: 0.55, 13: 0.37, 14: 0.21, 15: 0.13, 16: 0.08, 17: 0.05, 18: 0.04, 19: 0.04, 20: 0.12, 21: 0.24, 22: 0.41, 23: 0.53}}",False,15,0,0,5,4.0,13,,,11,10,81.26557627658372,-81.26557627658372,4,49.846591068185774,20.31639406914593,876.3039593125446,0,0.3080933708160308,0.3080933708160308,0.3080933708160308,1.0,1.25,24.0,30.0,60.0,40.0,20.31639406914593,87.63039593125447,2,5.0,4,6,0,1,10.0,2.0,100.0,14.995886620236092,6.702555616923405,8.293331003312687,12.550476601155358,18.78414337150511,10.646561667012403,55.062447696680664,23.197038268167763,73.84659106818577,25.77864927318188,5,50.0,,
20250516_161736,aca,123,,,,,,,,,,,2,1,13.4,20.9,39,600,60,80,"(6.0, 6.0)",0.71,3.0,0.26666666666666666,False,123,0.01,"{'type': 'hourly', 'hourly_rates': {0: 1.59, 1: 4.38, 2: 2.38, 3: 1.15, 4: 0.84, 5: 0.76, 6: 1.0, 7: 2.25, 8: 2.86, 9: 1.94, 10: 1.23, 11: 0.85, 12: 0.55, 13: 0.37, 14: 0.21, 15: 0.13, 16: 0.08, 17: 0.05, 18: 0.04, 19: 0.04, 20: 0.12, 21: 0.24, 22: 0.41, 23: 0.53}}",False,15,0,0,5,4.0,13,,,15,11,142.66893827865923,-142.66893827865923,8,40.638776895348286,17.833617284832403,1030.4339133512788,0,0.23471441121560346,0.23471441121560346,0.23471441121560346,1.1,1.375,26.400000000000002,33.0,27.27272727272727,72.72727272727273,17.833617284832403,93.67581030466171,2,5.5,4,7,0,5,36.36363636363637,2.2,100.0,16.57107994127822,0.8660335157988713,15.705046425479349,10.793634364816702,17.887375565071324,10.60543715210869,28.702733853988548,21.399071516925392,43.3924503939777,22.813615762935008,3,27.27272727272727,,
20250516_161736,aca,124,,,,,,,,,,,2,1,13.4,20.9,39,600,60,80,"(6.0, 6.0)",0.71,3.0,0.26666666666666666,False,124,0.01,"{'type': 'hourly', 'hourly_rates': {0: 1.59, 1: 4.38, 2: 2.38, 3: 1.15, 4: 0.84, 5: 0.76, 6: 1.0, 7: 2.25, 8: 2.86, 9: 1.94, 10: 1.23, 11: 0.85, 12: 0.55, 13: 0.37, 14: 0.21, 15: 0.13, 16: 0.08, 17: 0.05, 18: 0.04, 19: 0.04, 20: 0.12, 21: 0.24, 22: 0.41, 23: 0.53}}",False,15,0,0,5,4.0,13,,,10,8,94.07513984990975,-94.07513984990975,5,36.40012392648441,18.815027969981948,1005.9083467497395,0,0.2915952819959306,0.2915952819959306,0.2915952819959306,0.8,1.0,19.200000000000003,24.0,37.5,62.5,18.815027969981948,125.73854334371744,2,4.0,2,6,0,3,25.0,2.3333333333333335,100.0,23.95543374868356,0.6750532523834281,23.280380496300133,13.090369802878802,21.686407883118775,8.499735019439623,22.838310414813748,21.590104822318423,35.40012392648441,12.77108981311767,3,37.5,,
20250516_161736,aca,125,,,,,,,,,,,2,1,13.4,20.9,39,600,60,80,"(6.0, 6.0)",0.71,3.0,0.26666666666666666,False,125,0.01,"{'type': 'hourly', 'hourly_rates': {0: 1.59, 1: 4.38, 2: 2.38, 3: 1.15, 4: 0.84, 5: 0.76, 6: 1.0, 7: 2.25, 8: 2.86, 9: 1.94, 10: 1.23, 11: 0.85, 12: 0.55, 13: 0.37, 14: 0.21, 15: 0.13, 16: 0.08, 17: 0.05, 18: 0.04, 19: 0.04, 20: 0.12, 21: 0.24, 22: 0.41, 23: 0.53}}",False,15,0,0,5,4.0,13,,,18,15,388.95697978999954,-388.95697978999954,13,77.25775338307966,29.91976767615381,1754.4814314454266,0,0.28776793396147776,0.28776793396147776,0.28776793396147776,1.5,1.875,36.0,45.0,13.333333333333334,86.66666666666667,29.91976767615381,116.96542876302844,2,7.5,7,8,0,4,33.33333333333333,2.0,100.0,38.46389061896755,8.036935372237881,30.426955246729666,13.280361412231665,29.775700731568634,21.91292625753423,77.16628272268181,35.1932876697659,92.08751097176855,22.341536052055176,2,13.333333333333334,,
20250516_161737,aca,126,,,,,,,,,,,2,1,13.4,20.9,39,600,60,80,"(6.0, 6.0)",0.71,3.0,0.26666666666666666,False,126,0.01,"{'type': 'hourly', 'hourly_rates': {0: 1.59, 1: 4.38, 2: 2.38, 3: 1.15, 4: 0.84, 5: 0.76, 6: 1.0, 7: 2.25, 8: 2.86, 9: 1.94, 10: 1.23, 11: 0.85, 12: 0.55, 13: 0.37, 14: 0.21, 15: 0.13, 16: 0.08, 17: 0.05, 18: 0.04, 19: 0.04, 20: 0.12, 21: 0.24, 22: 0.41, 23: 0.53}}",False,15,0,0,5,4.0,13,,,8,8,26.347500638629697,-26.347500638629697,2,18.190884004402847,13.173750319314848,527.7420755650616,0,0.5473665179034015,0.5473665179034015,0.5473665179034015,0.8,1.0,19.200000000000003,24.0,75.0,25.0,13.173750319314848,65.9677594456327,2,4.0,4,4,1,0,0,0,0,0,0,0,15.360760139730559,20.578738499202444,6.529974968241907,22.612145505200402,21.890735107972464,43.19088400440285,38.02225730353974,3,37.5,,
20250516_161737,aca,127,,,,,,,,,,,2,1,13.4,20.9,39,600,60,80,"(6.0, 6.0)",0.71,3.0,0.26666666666666666,False,127,0.01,"{'type': 'hourly', 'hourly_rates': {0: 1.59, 1: 4.38, 2: 2.38, 3: 1.15, 4: 0.84, 5: 0.76, 6: 1.0, 7: 2.25, 8: 2.86, 9: 1.94, 10: 1.23, 11: 0.85, 12: 0.55, 13: 0.37, 14: 0.21, 15: 0.13, 16: 0.08, 17: 0.05, 18: 0.04, 19: 0.04, 20: 0.12, 21: 0.24, 22: 0.41, 23: 0.53}}",False,15,0,0,5,4.0,13,,,14,10,260.1978752858914,-260.1978752858914,10,53.679833081439824,26.01978752858914,1426.8675730740204,0,0.2632245993528814,0.2632245993528814,0.2632245993528814,1.0,1.25,24.0,30.0,0.0,100.0,26.01978752858914,142.68675730740205,2,5.0,5,5,1,5,40.0,2.2,100.0,25.63234173008746,5.609545466027659,20.022796264059803,12.40485829851233,21.552572597754704,14.928490343846107,56.71688691871128,27.333348642358438,68.67983308143982,17.565392920485507,3,30.0,,
20250516_161738,aca,128,,,,,,,,,,,2,1,13.4,20.9,39,600,60,80,"(6.0, 6.0)",0.71,3.0,0.26666666666666666,False,128,0.01,"{'type': 'hourly', 'hourly_rates': {0: 1.59, 1: 4.38, 2: 2.38, 3: 1.15, 4: 0.84, 5: 0.76, 6: 1.0, 7: 2.25, 8: 2.86, 9: 1.94, 10: 1.23, 11: 0.85, 12: 0.55, 13: 0.37, 14: 0.21, 15: 0.13, 16: 0.08, 17: 0.05, 18: 0.04, 19: 0.04, 20: 0.12, 21: 0.24, 22: 0.41, 23: 0.53}}",False,15,0,0,5,4.0,13,,,11,9,132.17980973212593,-132.17980973212593,7,32.16561856947017,18.882829961732277,982.0253630213118,0,0.17874839857832794,0.17874839857832794,0.17874839857832794,0.9,1.125,21.6,27.0,22.22222222222222,77.77777777777779,18.882829961732277,109.11392922459021,2,4.5,2,7,1,3,22.22222222222222,2.3333333333333335,100.0,15.778412218456161,6.452706329635389,9.325705888820771,13.65077493259675,15.859378847174861,10.762565920765514,28.00310111189566,24.413340853362264,43.86247995907052,17.48209636978052,4,44.44444444444444,,
20250516_161738,aca,129,,,,,,,,,,,2,1,13.4,20.9,39,600,60,80,"(6.0, 6.0)",0.71,3.0,0.26666666666666666,False,129,0.01,"{'type': 'hourly', 'hourly_rates': {0: 1.59, 1: 4.38, 2: 2.38, 3: 1.15, 4: 0.84, 5: 0.76, 6: 1.0, 7: 2.25, 8: 2.86, 9: 1.94, 10: 1.23, 11: 0.85, 12: 0.55, 13: 0.37, 14: 0.21, 15: 0.13, 16: 0.08, 17: 0.05, 18: 0.04, 19: 0.04, 20: 0.12, 21: 0.24, 22: 0.41, 23: 0.53}}",False,15,0,0,5,4.0,13,,,21,14,597.8805079971744,-597.8805079971743,13,139.18581004400068,45.99080830747495,2856.4632713815436,0,0.06155755698990668,0.06155755698990668,0.06155755698990668,1.4,1.75,33.599999999999994,42.0,7.142857142857142,92.85714285714286,45.99080830747495,204.0330908129674,2,7.0,5,9,0,11,64.28571428571429,2.3636363636363638,100.0,25.444029621020306,18.169206063123102,7.274823557897204,11.135368081033192,15.84045655578268,21.705350267735366,67.80531336954854,32.84071834876856,79.18501469505026,3.8656357943095827,2,14.285714285714285,,
20250516_161738,aca,130,,,,,,,,,,,2,1,13.4,20.9,39,600,60,80,"(6.0, 6.0)",0.71,3.0,0.26666666666666666,False,130,0.01,"{'type': 'hourly', 'hourly_rates': {0: 1.59, 1: 4.38, 2: 2.38, 3: 1.15, 4: 0.84, 5: 0.76, 6: 1.0, 7: 2.25, 8: 2.86, 9: 1.94, 10: 1.23, 11: 0.85, 12: 0.55, 13: 0.37, 14: 0.21, 15: 0.13, 16: 0.08, 17: 0.05, 18: 0.04, 19: 0.04, 20: 0.12, 21: 0.24, 22: 0.41, 23: 0.53}}",False,15,0,0,5,4.0,13,,,10,9,38.253175874160824,-38.253175874160824,4,15.668478268964577,9.563293968540206,1414.4823204144966,0,0.4746984971453383,0.4746984971453383,0.4746984971453383,0.9,1.125,21.6,27.0,55.55555555555556,44.44444444444444,9.563293968540206,157.1647022682774,2,4.5,3,6,0,1,11.11111111111111,2.0,100.0,6.572535766795227,3.9600800134206997,2.612455753374527,11.953655362136244,18.005053404527246,7.85992010646757,25.665964625365213,19.813575468603815,35.23475932473769,8.48972286481587,2,22.22222222222222,,
20250516_161739,aca,131,,,,,,,,,,,2,1,13.4,20.9,39,600,60,80,"(6.0, 6.0)",0.71,3.0,0.26666666666666666,False,131,0.01,"{'type': 'hourly', 'hourly_rates': {0: 1.59, 1: 4.38, 2: 2.38, 3: 1.15, 4: 0.84, 5: 0.76, 6: 1.0, 7: 2.25, 8: 2.86, 9: 1.94, 10: 1.23, 11: 0.85, 12: 0.55, 13: 0.37, 14: 0.21, 15: 0.13, 16: 0.08, 17: 0.05, 18: 0.04, 19: 0.04, 20: 0.12, 21: 0.24, 22: 0.41, 23: 0.53}}",False,15,0,0,5,4.0,13,,,10,10,89.59382636584293,-89.59382636584293,5,35.308099971248,17.918765273168585,926.8328091708602,0,0.40077306488580816,0.40077306488580816,0.40077306488580816,1.0,1.25,24.0,30.0,50.0,50.0,17.918765273168585,92.68328091708602,2,5.0,4,6,1,0,0,0,0,0,0,0,12.594064943371084,24.956741635610058,13.87977216752661,34.544530527230535,26.473837110897694,57.308099971248,16.9179336524304,3,30.0,,
20250516_161739,aca,132,,,,,,,,,,,2,1,13.4,20.9,39,600,60,80,"(6.0, 6.0)",0.71,3.0,0.26666666666666666,False,132,0.01,"{'type': 'hourly', 'hourly_rates': {0: 1.59, 1: 4.38, 2: 2.38, 3: 1.15, 4: 0.84, 5: 0.76, 6: 1.0, 7: 2.25, 8: 2.86, 9: 1.94, 10: 1.23, 11: 0.85, 12: 0.55, 13: 0.37, 14: 0.21, 15: 0.13, 16: 0.08, 17: 0.05, 18: 0.04, 19: 0.04, 20: 0.12, 21: 0.24, 22: 0.41, 23: 0.53}}",False,15,0,0,5,4.0,13,,,14,11,78.02512939116703,-78.02512939116703,7,25.606663509914796,11.146447055881003,902.6982119312775,0,0.2970646444551052,0.2970646444551052,0.2970646444551052,1.1,1.375,26.400000000000002,33.0,36.36363636363637,63.63636363636363,11.146447055881003,82.06347381193432,2,5.5,4,7,0,3,18.181818181818183,2.3333333333333335,100.0,6.733072662041906,5.75894643935548,0.9741262226864258,12.061159439823928,19.599439437829673,11.85695995904012,45.172771200334495,23.91811939886405,53.606663509914796,27.61461553403504,3,27.27272727272727,,
20250516_161739,aca,133,,,,,,,,,,,2,1,13.4,20.9,39,600,60,80,"(6.0, 6.0)",0.71,3.0,0.26666666666666666,False,133,0.01,"{'type': 'hourly', 'hourly_rates': {0: 1.59, 1: 4.38, 2: 2.38, 3: 1.15, 4: 0.84, 5: 0.76, 6: 1.0, 7: 2.25, 8: 2.86, 9: 1.94, 10: 1.23, 11: 0.85, 12: 0.55, 13: 0.37, 14: 0.21, 15: 0.13, 16: 0.08, 17: 0.05, 18: 0.04, 19: 0.04, 20: 0.12, 21: 0.24, 22: 0.41, 23: 0.53}}",False,15,0,0,5,4.0,13,,,9,9,7.415244453034063,-7.415244453034063,1,7.415244453034063,7.415244453034063,909.074000079295,0,0.450951657565079,0.450951657565079,0.450951657565079,0.9,1.125,21.6,27.0,88.88888888888889,11.11111111111111,7.415244453034063,101.00822223103279,2,4.5,3,6,1,0,0,0,0,0,0,0,10.26976715094803,18.31894389419574,4.678951732146008,15.376349929308216,14.948718883094038,28.415244453034063,7.6485345722589795,4,44.44444444444444,,
20250516_161740,aca,134,,,,,,,,,,,2,1,13.4,20.9,39,600,60,80,"(6.0, 6.0)",0.71,3.0,0.26666666666666666,False,134,0.01,"{'type': 'hourly', 'hourly_rates': {0: 1.59, 1: 4.38, 2: 2.38, 3: 1.15, 4: 0.84, 5: 0.76, 6: 1.0, 7: 2.25, 8: 2.86, 9: 1.94, 10: 1.23, 11: 0.85, 12: 0.55, 13: 0.37, 14: 0.21, 15: 0.13, 16: 0.08, 17: 0.05, 18: 0.04, 19: 0.04, 20: 0.12, 21: 0.24, 22: 0.41, 23: 0.53}}",False,15,0,0,5,4.0,13,,,10,8,118.43059390812823,-118.43059390812823,6,39.51541617147066,19.73843231802137,1276.2524787350153,0,0.4126594249879684,0.4126594249879684,0.4126594249879684,0.8,1.0,19.200000000000003,24.0,25.0,75.0,19.73843231802137,159.5315598418769,2,4.0,2,6,1,4,37.5,2.25,100.0,20.714219468930793,1.300195154446476,19.414024314484315,15.382288582404072,19.85159101905981,6.465415557037106,32.346632031853574,21.847704139441177,42.67545564387089,30.015743166861526,3,37.5,,
20250516_161740,aca,135,,,,,,,,,,,2,1,13.4,20.9,39,600,60,80,"(6.0, 6.0)",0.71,3.0,0.26666666666666666,False,135,0.01,"{'type': 'hourly', 'hourly_rates': {0: 1.59, 1: 4.38, 2: 2.38, 3: 1.15, 4: 0.84, 5: 0.76, 6: 1.0, 7: 2.25, 8: 2.86, 9: 1.94, 10: 1.23, 11: 0.85, 12: 0.55, 13: 0.37, 14: 0.21, 15: 0.13, 16: 0.08, 17: 0.05, 18: 0.04, 19: 0.04, 20: 0.12, 21: 0.24, 22: 0.41, 23: 0.53}}",False,15,0,0,5,4.0,13,,,8,8,29.57359824985889,-29.57359824985889,3,15.86152282087727,9.857866083286297,728.9882905674111,0,0.5179271639847749,0.5179271639847749,0.5179271639847749,0.8,1.0,19.200000000000003,24.0,62.5,37.5,9.857866083286297,91.12353632092639,2,4.0,3,5,1,0,0,0,0,0,0,0,11.950432706256292,18.950710955882883,9.17364448144761,28.391580932647898,21.124077187703904,43.861522820877255,8.724834565140739,2,25.0,,
20250516_161741,aca,136,,,,,,,,,,,2,1,13.4,20.9,39,600,60,80,"(6.0, 6.0)",0.71,3.0,0.26666666666666666,False,136,0.01,"{'type': 'hourly', 'hourly_rates': {0: 1.59, 1: 4.38, 2: 2.38, 3: 1.15, 4: 0.84, 5: 0.76, 6: 1.0, 7: 2.25, 8: 2.86, 9: 1.94, 10: 1.23, 11: 0.85, 12: 0.55, 13: 0.37, 14: 0.21, 15: 0.13, 16: 0.08, 17: 0.05, 18: 0.04, 19: 0.04, 20: 0.12, 21: 0.24, 22: 0.41, 23: 0.53}}",False,15,0,0,5,4.0,13,,,13,9,309.9993341096007,-309.9993341096007,9,68.49150681712082,34.444370456622295,1142.6630851960072,0,0.1944741540217805,0.1944741540217805,0.1944741540217805,0.9,1.125,21.6,27.0,0.0,100.0,34.444370456622295,126.96256502177857,2,4.5,4,5,1,4,22.22222222222222,2.5,100.0,45.27665084578103,7.1901221787456056,38.086528667035424,12.186574880481318,15.893028832536942,18.762438477450516,65.39412476862447,30.94901335793184,80.49150681712082,17.688915573534956,2,22.22222222222222,,
20250516_161741,aca,137,,,,,,,,,,,2,1,13.4,20.9,39,600,60,80,"(6.0, 6.0)",0.71,3.0,0.26666666666666666,False,137,0.01,"{'type': 'hourly', 'hourly_rates': {0: 1.59, 1: 4.38, 2: 2.38, 3: 1.15, 4: 0.84, 5: 0.76, 6: 1.0, 7: 2.25, 8: 2.86, 9: 1.94, 10: 1.23, 11: 0.85, 12: 0.55, 13: 0.37, 14: 0.21, 15: 0.13, 16: 0.08, 17: 0.05, 18: 0.04, 19: 0.04, 20: 0.12, 21: 0.24, 22: 0.41, 23: 0.53}}",False,15,0,0,5,4.0,13,,,12,12,45.363155826054054,-45.363155826054054,4,25.164559315903915,11.340788956513514,1127.4246559837695,0,0.2335571741772056,0.2335571741772056,0.2335571741772056,1.2,1.5,28.799999999999997,36.0,66.66666666666666,33.33333333333333,11.340788956513514,93.95205466531412,2,6.0,5,7,1,0,0,0,0,0,0,0,16.96581856258329,24.20371145832968,7.249662900694601,42.02753573086054,24.215481463277893,53.16455931590392,79.16477730861288,8,66.66666666666666,,
20250516_161741,aca,138,,,,,,,,,,,2,1,13.4,20.9,39,600,60,80,"(6.0, 6.0)",0.71,3.0,0.26666666666666666,False,138,0.01,"{'type': 'hourly', 'hourly_rates': {0: 1.59, 1: 4.38, 2: 2.38, 3: 1.15, 4: 0.84, 5: 0.76, 6: 1.0, 7: 2.25, 8: 2.86, 9: 1.94, 10: 1.23, 11: 0.85, 12: 0.55, 13: 0.37, 14: 0.21, 15: 0.13, 16: 0.08, 17: 0.05, 18: 0.04, 19: 0.04, 20: 0.12, 21: 0.24, 22: 0.41, 23: 0.53}}",False,15,0,0,5,4.0,13,,,6,6,99.34029978748833,-99.34029978748833,2,54.08806978609502,49.67014989374417,806.986150775097,0,0.5629018305152852,0.5629018305152852,0.5629018305152852,0.6,0.75,14.399999999999999,18.0,66.66666666666666,33.33333333333333,49.67014989374417,134.4976917958495,2,3.0,2,4,1,1,33.33333333333333,2.0,100.0,27.04403489304751,11.313057500348329,15.730977392699181,12.208484713264715,18.0194892321295,22.675157648169304,61.11370259442924,34.88364236143402,69.25223000139331,15.078319621374142,2,33.33333333333333,,
20250516_161742,aca,139,,,,,,,,,,,2,1,13.4,20.9,39,600,60,80,"(6.0, 6.0)",0.71,3.0,0.26666666666666666,False,139,0.01,"{'type': 'hourly', 'hourly_rates': {0: 1.59, 1: 4.38, 2: 2.38, 3: 1.15, 4: 0.84, 5: 0.76, 6: 1.0, 7: 2.25, 8: 2.86, 9: 1.94, 10: 1.23, 11: 0.85, 12: 0.55, 13: 0.37, 14: 0.21, 15: 0.13, 16: 0.08, 17: 0.05, 18: 0.04, 19: 0.04, 20: 0.12, 21: 0.24, 22: 0.41, 23: 0.53}}",False,15,0,0,5,4.0,13,,,12,10,121.35601461757551,-121.35601461757551,7,50.43551333147184,17.336573516796502,1385.484196307862,0,0.5256724656577704,0.5256724656577704,0.5256724656577704,1.0,1.25,24.0,30.0,30.0,70.0,17.336573516796502,138.5484196307862,2,5.0,5,5,1,2,20.0,2.0,100.0,10.399991395603081,12.290369147882085,-1.8903777522790044,12.999211772105577,22.217831691052993,15.879335193763893,45.60359178195901,28.878546965869468,59.43551333147184,23.853572512476724,3,30.0,,
20250516_161742,aca,140,,,,,,,,,,,2,1,13.4,20.9,39,600,60,80,"(6.0, 6.0)",0.71,3.0,0.26666666666666666,False,140,0.01,"{'type': 'hourly', 'hourly_rates': {0: 1.59, 1: 4.38, 2: 2.38, 3: 1.15, 4: 0.84, 5: 0.76, 6: 1.0, 7: 2.25, 8: 2.86, 9: 1.94, 10: 1.23, 11: 0.85, 12: 0.55, 13: 0.37, 14: 0.21, 15: 0.13, 16: 0.08, 17: 0.05, 18: 0.04, 19: 0.04, 20: 0.12, 21: 0.24, 22: 0.41, 23: 0.53}}",False,15,0,0,5,4.0,13,,,8,8,10.451204291551875,-10.451204291551875,2,7.2449096122730055,5.225602145775937,870.4440731149439,0,0.4601238711867283,0.4601238711867283,0.4601238711867283,0.8,1.0,19.200000000000003,24.0,75.0,25.0,5.225602145775937,108.80550913936798,2,4.0,4,4,1,0,0,0,0,0,0,0,13.256312792706098,22.275239618839464,7.412400241521216,16.08356039657184,20.668713034227313,29.20629467927887,10.80276413992425,1,12.5,,
20250516_161742,aca,141,,,,,,,,,,,2,1,13.4,20.9,39,600,60,80,"(6.0, 6.0)",0.71,3.0,0.26666666666666666,False,141,0.01,"{'type': 'hourly', 'hourly_rates': {0: 1.59, 1: 4.38, 2: 2.38, 3: 1.15, 4: 0.84, 5: 0.76, 6: 1.0, 7: 2.25, 8: 2.86, 9: 1.94, 10: 1.23, 11: 0.85, 12: 0.55, 13: 0.37, 14: 0.21, 15: 0.13, 16: 0.08, 17: 0.05, 18: 0.04, 19: 0.04, 20: 0.12, 21: 0.24, 22: 0.41, 23: 0.53}}",False,15,0,0,5,4.0,13,,,15,14,76.10530125979413,-76.10530125979413,6,25.76554790753471,12.684216876632355,1158.5876298140072,0,0.20546440634808197,0.20546440634808197,0.20546440634808197,1.4,1.75,33.599999999999994,42.0,57.14285714285714,42.857142857142854,12.684216876632355,82.75625927242909,2,7.0,6,8,1,1,7.142857142857142,2.0,100.0,8.497668596893078,4.5827692315463935,3.9148993653466846,13.442917343817586,20.99156765486623,9.43172350925194,32.95161270774872,22.87464085306953,48.13701891521788,13.57979962375472,5,35.714285714285715,,
20250516_161744,rl_aca,42,,,,,,,,,,,2,1,13.4,20.9,39,600,60,80,"(6.0, 6.0)",0.71,3.0,0.26666666666666666,False,42,0.01,"{'type': 'hourly', 'hourly_rates': {0: 1.59, 1: 4.38, 2: 2.38, 3: 1.15, 4: 0.84, 5: 0.76, 6: 1.0, 7: 2.25, 8: 2.86, 9: 1.94, 10: 1.23, 11: 0.85, 12: 0.55, 13: 0.37, 14: 0.21, 15: 0.13, 16: 0.08, 17: 0.05, 18: 0.04, 19: 0.04, 20: 0.12, 21: 0.24, 22: 0.41, 23: 0.53}}",False,15,3,10,3,2.0,13,,,11,11,39.642693041767785,-39.642693041767785,3,24.94018548847771,13.214231013922594,700.6507972446076,0,0.5125971922350657,0.5125971922350657,0.5125971922350657,1.1,1.375,26.400000000000002,33.0,72.72727272727273,27.27272727272727,13.214231013922594,63.69552702223705,2,5.5,5,6,1,0,0,0,0,0,0,0,12.86671866578355,21.33402659090094,8.406778328628365,39.56899433942601,21.273496994411918,49.94018548847771,30.70743463193318,7,63.63636363636363,,
20250516_161744,rl_aca,43,,,,,,,,,,,2,1,13.4,20.9,39,600,60,80,"(6.0, 6.0)",0.71,3.0,0.26666666666666666,False,43,0.01,"{'type': 'hourly', 'hourly_rates': {0: 1.59, 1: 4.38, 2: 2.38, 3: 1.15, 4: 0.84, 5: 0.76, 6: 1.0, 7: 2.25, 8: 2.86, 9: 1.94, 10: 1.23, 11: 0.85, 12: 0.55, 13: 0.37, 14: 0.21, 15: 0.13, 16: 0.08, 17: 0.05, 18: 0.04, 19: 0.04, 20: 0.12, 21: 0.24, 22: 0.41, 23: 0.53}}",False,15,3,10,3,2.0,13,,,8,8,12.520618450436395,-12.520618450436395,2,10.152806915903547,6.260309225218197,687.7044236144242,0,0.4178327208858847,0.4178327208858847,0.4178327208858847,0.8,1.0,19.200000000000003,24.0,75.0,25.0,6.260309225218197,85.96305295180302,2,4.0,3,5,0,0,0,0,0,0,0,0,14.582244712669356,24.154144049648437,3.673486570609028,25.930579552337516,18.255731283278383,35.15280691590355,36.0770220098328,6,75.0,,
20250516_161745,rl_aca,44,,,,,,,,,,,2,1,13.4,20.9,39,600,60,80,"(6.0, 6.0)",0.71,3.0,0.26666666666666666,False,44,0.01,"{'type': 'hourly', 'hourly_rates': {0: 1.59, 1: 4.38, 2: 2.38, 3: 1.15, 4: 0.84, 5: 0.76, 6: 1.0, 7: 2.25, 8: 2.86, 9: 1.94, 10: 1.23, 11: 0.85, 12: 0.55, 13: 0.37, 14: 0.21, 15: 0.13, 16: 0.08, 17: 0.05, 18: 0.04, 19: 0.04, 20: 0.12, 21: 0.24, 22: 0.41, 23: 0.53}}",False,15,3,10,3,2.0,13,,,13,11,336.87566183081327,-336.87566183081327,7,77.11672119838994,48.12509454725904,1123.6692603459176,0,0.23202149926718116,0.23202149926718116,0.23202149926718116,1.1,1.375,26.400000000000002,33.0,36.36363636363637,63.63636363636363,48.12509454725904,102.15175094053797,2,5.5,3,8,1,2,18.181818181818183,2.0,100.0,71.51475703042091,8.08778981554304,63.42696721487787,13.7700046843959,23.13672698726552,21.75221318864249,69.16756849454339,35.522217873038386,81.11672119838994,38.82699337798053,4,36.36363636363637,,
20250516_161746,rl_aca,45,,,,,,,,,,,2,1,13.4,20.9,39,600,60,80,"(6.0, 6.0)",0.71,3.0,0.26666666666666666,False,45,0.01,"{'type': 'hourly', 'hourly_rates': {0: 1.59, 1: 4.38, 2: 2.38, 3: 1.15, 4: 0.84, 5: 0.76, 6: 1.0, 7: 2.25, 8: 2.86, 9: 1.94, 10: 1.23, 11: 0.85, 12: 0.55, 13: 0.37, 14: 0.21, 15: 0.13, 16: 0.08, 17: 0.05, 18: 0.04, 19: 0.04, 20: 0.12, 21: 0.24, 22: 0.41, 23: 0.53}}",False,15,3,10,3,2.0,13,,,19,0,0,0,0,0,0,0,19,1.0,1.0,1.0,0.0,0.0,0.0,0.0,0,0,0,0,0,0,0,0,,0,0,0,0,0,0,0,0,0.0,0,0.0,0,0.0,0.0,0,0,,
20250516_161746,rl_aca,46,,,,,,,,,,,2,1,13.4,20.9,39,600,60,80,"(6.0, 6.0)",0.71,3.0,0.26666666666666666,False,46,0.01,"{'type': 'hourly', 'hourly_rates': {0: 1.59, 1: 4.38, 2: 2.38, 3: 1.15, 4: 0.84, 5: 0.76, 6: 1.0, 7: 2.25, 8: 2.86, 9: 1.94, 10: 1.23, 11: 0.85, 12: 0.55, 13: 0.37, 14: 0.21, 15: 0.13, 16: 0.08, 17: 0.05, 18: 0.04, 19: 0.04, 20: 0.12, 21: 0.24, 22: 0.41, 23: 0.53}}",False,15,3,10,3,2.0,13,,,12,4,3057.5997197136376,-3057.599719713638,11,372.59717774780853,277.963610883058,1113.8547753401406,12,0.9430692525887209,0.9430692525887209,0.9430692525887209,0.4,0.5,9.600000000000001,12.0,-175.0,275.0,277.963610883058,278.46369383503514,2,2.0,1,3,0,5,75.0,2.6,100.0,266.0029614097877,131.0622718369995,134.9406895727882,13.366052368274389,21.24566683751172,221.40173664831627,297.6128161308442,234.76778901659065,308.5026193479987,0.0,0,0.0,,
20250516_161747,rl_aca,47,,,,,,,,,,,2,1,13.4,20.9,39,600,60,80,"(6.0, 6.0)",0.71,3.0,0.26666666666666666,False,47,0.01,"{'type': 'hourly', 'hourly_rates': {0: 1.59, 1: 4.38, 2: 2.38, 3: 1.15, 4: 0.84, 5: 0.76, 6: 1.0, 7: 2.25, 8: 2.86, 9: 1.94, 10: 1.23, 11: 0.85, 12: 0.55, 13: 0.37, 14: 0.21, 15: 0.13, 16: 0.08, 17: 0.05, 18: 0.04, 19: 0.04, 20: 0.12, 21: 0.24, 22: 0.41, 23: 0.53}}",False,15,3,10,3,2.0,13,,,10,8,114.23092054101376,-114.23092054101376,7,32.86910029621299,16.318702934430537,867.091420255193,0,0.4029180560000885,0.4029180560000885,0.4029180560000885,0.8,1.0,19.200000000000003,24.0,12.5,87.5,16.318702934430537,108.38642753189913,2,4.0,4,4,1,1,12.5,3.0,100.0,31.371370806730226,5.374412742837042,25.996958063893185,13.44885909528555,19.664688961149693,13.129578681441801,41.37903943305281,26.578437776727352,59.86910029621299,22.535202327008342,4,50.0,,
20250516_161747,rl_aca,48,,,,,,,,,,,2,1,13.4,20.9,39,600,60,80,"(6.0, 6.0)",0.71,3.0,0.26666666666666666,False,48,0.01,"{'type': 'hourly', 'hourly_rates': {0: 1.59, 1: 4.38, 2: 2.38, 3: 1.15, 4: 0.84, 5: 0.76, 6: 1.0, 7: 2.25, 8: 2.86, 9: 1.94, 10: 1.23, 11: 0.85, 12: 0.55, 13: 0.37, 14: 0.21, 15: 0.13, 16: 0.08, 17: 0.05, 18: 0.04, 19: 0.04, 20: 0.12, 21: 0.24, 22: 0.41, 23: 0.53}}",False,15,3,10,3,2.0,13,,,13,12,60.70724469556227,-60.70724469556227,6,19.095368828613005,10.117874115927044,1572.423753514789,0,0.18642300083022129,0.18642300083022129,0.18642300083022129,1.2,1.5,28.799999999999997,36.0,50.0,50.0,10.117874115927044,131.03531279289908,2,6.0,5,7,1,1,8.333333333333332,2.0,100.0,12.426109215231946,2.6532515137924833,9.772857701439463,14.44779020528375,26.355292018407994,5.059430869868975,21.428689795767667,19.507221075152724,37.71121380626907,22.27225746319789,4,33.33333333333333,,
20250516_161748,rl_aca,49,,,,,,,,,,,2,1,13.4,20.9,39,600,60,80,"(6.0, 6.0)",0.71,3.0,0.26666666666666666,False,49,0.01,"{'type': 'hourly', 'hourly_rates': {0: 1.59, 1: 4.38, 2: 2.38, 3: 1.15, 4: 0.84, 5: 0.76, 6: 1.0, 7: 2.25, 8: 2.86, 9: 1.94, 10: 1.23, 11: 0.85, 12: 0.55, 13: 0.37, 14: 0.21, 15: 0.13, 16: 0.08, 17: 0.05, 18: 0.04, 19: 0.04, 20: 0.12, 21: 0.24, 22: 0.41, 23: 0.53}}",False,15,3,10,3,2.0,13,,,12,0,0,0,0,0,0,0,12,1.0,1.0,1.0,0.0,0.0,0.0,0.0,0,0,0,0,0,0,0,0,,0,0,0,0,0,0,0,0,0.0,0,0.0,0,0.0,0.0,0,0,,
20250516_161748,rl_aca,50,,,,,,,,,,,2,1,13.4,20.9,39,600,60,80,"(6.0, 6.0)",0.71,3.0,0.26666666666666666,False,50,0.01,"{'type': 'hourly', 'hourly_rates': {0: 1.59, 1: 4.38, 2: 2.38, 3: 1.15, 4: 0.84, 5: 0.76, 6: 1.0, 7: 2.25, 8: 2.86, 9: 1.94, 10: 1.23, 11: 0.85, 12: 0.55, 13: 0.37, 14: 0.21, 15: 0.13, 16: 0.08, 17: 0.05, 18: 0.04, 19: 0.04, 20: 0.12, 21: 0.24, 22: 0.41, 23: 0.53}}",False,15,3,10,3,2.0,13,,,5,5,0.9984151655883693,-0.9984151655883693,1,0.9984151655883693,0.9984151655883693,533.379508980324,3,0.6801544592370079,0.6801544592370079,0.6801544592370079,0.5,0.625,12.0,15.0,80.0,20.0,0.9984151655883693,106.67590179606479,2,2.5,2,3,1,0,0,0,0,0,0,0,12.886658306960848,20.301619231550035,1.6827162679573147,4.078328266135543,14.569374574918163,20.99841516558837,9.5888485670854,3,60.0,,
20250516_161748,rl_aca,51,,,,,,,,,,,2,1,13.4,20.9,39,600,60,80,"(6.0, 6.0)",0.71,3.0,0.26666666666666666,False,51,0.01,"{'type': 'hourly', 'hourly_rates': {0: 1.59, 1: 4.38, 2: 2.38, 3: 1.15, 4: 0.84, 5: 0.76, 6: 1.0, 7: 2.25, 8: 2.86, 9: 1.94, 10: 1.23, 11: 0.85, 12: 0.55, 13: 0.37, 14: 0.21, 15: 0.13, 16: 0.08, 17: 0.05, 18: 0.04, 19: 0.04, 20: 0.12, 21: 0.24, 22: 0.41, 23: 0.53}}",False,15,3,10,3,2.0,13,,,9,9,35.30017466904707,-35.30017466904707,3,18.32447266091839,11.766724889682356,1086.1994111666365,0,0.5082934073469108,0.5082934073469108,0.5082934073469108,0.9,1.125,21.6,27.0,66.66666666666666,33.33333333333333,11.766724889682356,120.68882346295962,2,4.5,4,5,0,0,0,0,0,0,0,0,12.76868486451527,22.93815343623038,7.763345292732295,28.38164482677621,20.532030157247565,38.41054924857656,22.527685273776513,4,44.44444444444444,,
20250516_161748,rl_aca,52,,,,,,,,,,,2,1,13.4,20.9,39,600,60,80,"(6.0, 6.0)",0.71,3.0,0.26666666666666666,False,52,0.01,"{'type': 'hourly', 'hourly_rates': {0: 1.59, 1: 4.38, 2: 2.38, 3: 1.15, 4: 0.84, 5: 0.76, 6: 1.0, 7: 2.25, 8: 2.86, 9: 1.94, 10: 1.23, 11: 0.85, 12: 0.55, 13: 0.37, 14: 0.21, 15: 0.13, 16: 0.08, 17: 0.05, 18: 0.04, 19: 0.04, 20: 0.12, 21: 0.24, 22: 0.41, 23: 0.53}}",False,15,3,10,3,2.0,13,,,7,7,16.584093357783644,-16.584093357783644,3,13,5.528031119261215,1334.4290134914422,0,0.4950813316525161,0.4950813316525161,0.4950813316525161,0.7,0.875,16.799999999999997,21.0,57.14285714285714,42.857142857142854,5.528031119261215,190.63271621306316,2,3.5,3,4,1,1,28.57142857142857,2.0,100.0,6.649568848146302,0.6569911322982079,5.992577715848094,13.202065786747507,20.633399046563,4.871971250777675,17.309845693058193,18.074037037525184,25.299137696292597,22.848888504727455,4,57.14285714285714,,
20250516_161749,rl_aca,53,,,,,,,,,,,2,1,13.4,20.9,39,600,60,80,"(6.0, 6.0)",0.71,3.0,0.26666666666666666,False,53,0.01,"{'type': 'hourly', 'hourly_rates': {0: 1.59, 1: 4.38, 2: 2.38, 3: 1.15, 4: 0.84, 5: 0.76, 6: 1.0, 7: 2.25, 8: 2.86, 9: 1.94, 10: 1.23, 11: 0.85, 12: 0.55, 13: 0.37, 14: 0.21, 15: 0.13, 16: 0.08, 17: 0.05, 18: 0.04, 19: 0.04, 20: 0.12, 21: 0.24, 22: 0.41, 23: 0.53}}",False,15,3,10,3,2.0,13,,,14,11,250.1495640153901,-250.1495640153901,9,63.24375273202422,27.794396001710012,1661.7176251385558,0,0.15036291970691185,0.15036291970691185,0.15036291970691185,1.1,1.375,26.400000000000002,33.0,18.181818181818183,81.81818181818183,27.794396001710012,151.06523864895962,2,5.5,3,8,0,3,18.181818181818183,2.3333333333333335,100.0,28.228445589336715,6.22514464204818,22.003300947288537,11.211015962993153,18.849314490912555,11.377584046250627,44.299876267702615,22.58860000924378,50.020735833380485,17.012946623594242,4,36.36363636363637,,
20250516_161749,rl_aca,54,,,,,,,,,,,2,1,13.4,20.9,39,600,60,80,"(6.0, 6.0)",0.71,3.0,0.26666666666666666,False,54,0.01,"{'type': 'hourly', 'hourly_rates': {0: 1.59, 1: 4.38, 2: 2.38, 3: 1.15, 4: 0.84, 5: 0.76, 6: 1.0, 7: 2.25, 8: 2.86, 9: 1.94, 10: 1.23, 11: 0.85, 12: 0.55, 13: 0.37, 14: 0.21, 15: 0.13, 16: 0.08, 17: 0.05, 18: 0.04, 19: 0.04, 20: 0.12, 21: 0.24, 22: 0.41, 23: 0.53}}",False,15,3,10,3,2.0,13,,,9,7,113.2859995074347,-113.2859995074347,6,45.891584249823836,18.880999917905783,1372.7972193384433,0,0.5748370660328384,0.5748370660328384,0.5748370660328384,0.7,0.875,16.799999999999997,21.0,14.285714285714285,85.71428571428571,18.880999917905783,196.11388847692047,2,3.5,3,4,1,2,28.57142857142857,2.0,100.0,8.9790360359233,9.887268637152852,-0.9082326012295514,11.741663734013851,16.45476851228443,16.779026963205816,40.02399307321082,28.520690697219667,56.47876158549525,8.322250698928514,1,14.285714285714285,,
20250516_161750,rl_aca,55,,,,,,,,,,,2,1,13.4,20.9,39,600,60,80,"(6.0, 6.0)",0.71,3.0,0.26666666666666666,False,55,0.01,"{'type': 'hourly', 'hourly_rates': {0: 1.59, 1: 4.38, 2: 2.38, 3: 1.15, 4: 0.84, 5: 0.76, 6: 1.0, 7: 2.25, 8: 2.86, 9: 1.94, 10: 1.23, 11: 0.85, 12: 0.55, 13: 0.37, 14: 0.21, 15: 0.13, 16: 0.08, 17: 0.05, 18: 0.04, 19: 0.04, 20: 0.12, 21: 0.24, 22: 0.41, 23: 0.53}}",False,15,3,10,3,2.0,13,,,11,0,0,0,0,0,0,0,11,1.0,1.0,1.0,0.0,0.0,0.0,0.0,0,0,0,0,0,0,0,0,,0,0,0,0,0,0,0,0,0.0,0,0.0,0,0.0,0.0,0,0,,
20250516_161750,rl_aca,56,,,,,,,,,,,2,1,13.4,20.9,39,600,60,80,"(6.0, 6.0)",0.71,3.0,0.26666666666666666,False,56,0.01,"{'type': 'hourly', 'hourly_rates': {0: 1.59, 1: 4.38, 2: 2.38, 3: 1.15, 4: 0.84, 5: 0.76, 6: 1.0, 7: 2.25, 8: 2.86, 9: 1.94, 10: 1.23, 11: 0.85, 12: 0.55, 13: 0.37, 14: 0.21, 15: 0.13, 16: 0.08, 17: 0.05, 18: 0.04, 19: 0.04, 20: 0.12, 21: 0.24, 22: 0.41, 23: 0.53}}",False,15,3,10,3,2.0,13,,,10,0,0,0,0,0,0,0,10,1.0,1.0,1.0,0.0,0.0,0.0,0.0,0,0,0,0,0,0,0,0,,0,0,0,0,0,0,0,0,0.0,0,0.0,0,0.0,0.0,0,0,,
20250516_161751,rl_aca,57,,,,,,,,,,,2,1,13.4,20.9,39,600,60,80,"(6.0, 6.0)",0.71,3.0,0.26666666666666666,False,57,0.01,"{'type': 'hourly', 'hourly_rates': {0: 1.59, 1: 4.38, 2: 2.38, 3: 1.15, 4: 0.84, 5: 0.76, 6: 1.0, 7: 2.25, 8: 2.86, 9: 1.94, 10: 1.23, 11: 0.85, 12: 0.55, 13: 0.37, 14: 0.21, 15: 0.13, 16: 0.08, 17: 0.05, 18: 0.04, 19: 0.04, 20: 0.12, 21: 0.24, 22: 0.41, 23: 0.53}}",False,15,3,10,3,2.0,13,,,12,11,84.80173540567367,-84.80173540567367,4,55.74059191955524,21.200433851418417,1234.7837796960573,0,0.3885698160175649,0.3885698160175649,0.3885698160175649,1.1,1.375,26.400000000000002,33.0,63.63636363636363,36.36363636363637,21.200433851418417,112.25307088145975,2,5.5,5,6,1,1,9.090909090909092,2.0,100.0,9.60374330674722,7.138354322876938,2.465388983870281,12.379666160712713,18.227635137720426,10.475128185758452,64.85102060310032,22.854794346471166,76.74059191955524,41.600375130529955,6,54.54545454545454,,
20250516_161751,rl_aca,58,,,,,,,,,,,2,1,13.4,20.9,39,600,60,80,"(6.0, 6.0)",0.71,3.0,0.26666666666666666,False,58,0.01,"{'type': 'hourly', 'hourly_rates': {0: 1.59, 1: 4.38, 2: 2.38, 3: 1.15, 4: 0.84, 5: 0.76, 6: 1.0, 7: 2.25, 8: 2.86, 9: 1.94, 10: 1.23, 11: 0.85, 12: 0.55, 13: 0.37, 14: 0.21, 15: 0.13, 16: 0.08, 17: 0.05, 18: 0.04, 19: 0.04, 20: 0.12, 21: 0.24, 22: 0.41, 23: 0.53}}",False,15,3,10,3,2.0,13,,,15,13,180.84537437294597,-180.84537437294597,6,54.409623076099024,30.14089572882433,1468.5884375643266,0,0.5559089306479402,0.5559089306479402,0.5559089306479402,1.3,1.625,31.200000000000003,39.0,53.84615384615385,46.15384615384615,30.14089572882433,112.96834135110204,2,6.5,6,7,0,3,30.76923076923077,2.0,100.0,20.91906793477449,3.142865334226662,17.776202600547826,10.14835990045416,14.602652880719859,11.409798994594901,35.85574572949935,21.558158895049058,49.409623076099024,7.629531651831705,3,23.076923076923077,,
20250516_161752,rl_aca,59,,,,,,,,,,,2,1,13.4,20.9,39,600,60,80,"(6.0, 6.0)",0.71,3.0,0.26666666666666666,False,59,0.01,"{'type': 'hourly', 'hourly_rates': {0: 1.59, 1: 4.38, 2: 2.38, 3: 1.15, 4: 0.84, 5: 0.76, 6: 1.0, 7: 2.25, 8: 2.86, 9: 1.94, 10: 1.23, 11: 0.85, 12: 0.55, 13: 0.37, 14: 0.21, 15: 0.13, 16: 0.08, 17: 0.05, 18: 0.04, 19: 0.04, 20: 0.12, 21: 0.24, 22: 0.41, 23: 0.53}}",False,15,3,10,3,2.0,13,,,17,8,35.06563237507169,-35.06563237507169,2,23.012973135823188,17.532816187535843,842.4772582291159,9,0.41094305302855727,0.41094305302855727,0.41094305302855727,0.8,1.0,19.200000000000003,24.0,75.0,25.0,17.532816187535843,105.30965727863949,2,4.0,2,6,0,4,25.0,2.5,100.0,11.506486567911594,2.00877653987475,9.497710028036844,12.507488134411616,18.2773929406236,7.848396297773593,37.54688136244491,20.35588443218521,51.012973135823174,25.983910438408728,4,50.0,,
20250516_161752,rl_aca,60,,,,,,,,,,,2,1,13.4,20.9,39,600,60,80,"(6.0, 6.0)",0.71,3.0,0.26666666666666666,False,60,0.01,"{'type': 'hourly', 'hourly_rates': {0: 1.59, 1: 4.38, 2: 2.38, 3: 1.15, 4: 0.84, 5: 0.76, 6: 1.0, 7: 2.25, 8: 2.86, 9: 1.94, 10: 1.23, 11: 0.85, 12: 0.55, 13: 0.37, 14: 0.21, 15: 0.13, 16: 0.08, 17: 0.05, 18: 0.04, 19: 0.04, 20: 0.12, 21: 0.24, 22: 0.41, 23: 0.53}}",False,15,3,10,3,2.0,13,,,7,7,13.416446474629481,-13.416446474629481,1,13.416446474629481,13.416446474629481,643.5138299525388,1,0.4605292318759108,0.4605292318759108,0.4605292318759108,0.7,0.875,16.799999999999997,21.0,85.71428571428571,14.285714285714285,13.416446474629481,91.93054713607697,2,3.5,1,6,0,0,0,0,0,0,0,0,12.656601682931418,18.85002114693401,3.735225043978878,16.56642532769547,16.391826726910296,35.41644647462948,31.680516638995968,4,57.14285714285714,,
20250516_161752,rl_aca,61,,,,,,,,,,,2,1,13.4,20.9,39,600,60,80,"(6.0, 6.0)",0.71,3.0,0.26666666666666666,False,61,0.01,"{'type': 'hourly', 'hourly_rates': {0: 1.59, 1: 4.38, 2: 2.38, 3: 1.15, 4: 0.84, 5: 0.76, 6: 1.0, 7: 2.25, 8: 2.86, 9: 1.94, 10: 1.23, 11: 0.85, 12: 0.55, 13: 0.37, 14: 0.21, 15: 0.13, 16: 0.08, 17: 0.05, 18: 0.04, 19: 0.04, 20: 0.12, 21: 0.24, 22: 0.41, 23: 0.53}}",False,15,3,10,3,2.0,13,,,12,12,29.6582554093182,-29.6582554093182,3,12.474371593206712,9.8860851364394,555.7300372056208,8,0.3340143494443254,0.3340143494443254,0.3340143494443254,1.2,1.5,28.799999999999997,36.0,75.0,25.0,9.8860851364394,46.31083643380173,2,6.0,5,7,1,0,0,0,0,0,0,0,11.599429616835602,18.014898570393513,8.043556549301115,32.16509664308958,19.64298616613672,41.16980137546204,17.52539518847682,3,25.0,,
20250516_161753,rl_aca,62,,,,,,,,,,,2,1,13.4,20.9,39,600,60,80,"(6.0, 6.0)",0.71,3.0,0.26666666666666666,False,62,0.01,"{'type': 'hourly', 'hourly_rates': {0: 1.59, 1: 4.38, 2: 2.38, 3: 1.15, 4: 0.84, 5: 0.76, 6: 1.0, 7: 2.25, 8: 2.86, 9: 1.94, 10: 1.23, 11: 0.85, 12: 0.55, 13: 0.37, 14: 0.21, 15: 0.13, 16: 0.08, 17: 0.05, 18: 0.04, 19: 0.04, 20: 0.12, 21: 0.24, 22: 0.41, 23: 0.53}}",False,15,3,10,3,2.0,13,,,11,9,166.38749054348028,-166.38749054348028,9,49.02723442500576,18.487498949275587,1510.5273487270993,0,0.4535421533788605,0.4535421533788605,0.4535421533788605,0.9,1.125,21.6,27.0,0.0,100.0,18.487498949275587,167.8363720807888,2,4.5,4,5,1,3,44.44444444444444,2.0,100.0,16.34445628461579,6.42912600482652,9.915330279789272,11.904809338474788,21.41563357030668,14.758805228600892,37.23487616844497,26.66361456707568,47.44608400927322,16.47245990385741,2,22.22222222222222,,
20250516_161754,rl_aca,63,,,,,,,,,,,2,1,13.4,20.9,39,600,60,80,"(6.0, 6.0)",0.71,3.0,0.26666666666666666,False,63,0.01,"{'type': 'hourly', 'hourly_rates': {0: 1.59, 1: 4.38, 2: 2.38, 3: 1.15, 4: 0.84, 5: 0.76, 6: 1.0, 7: 2.25, 8: 2.86, 9: 1.94, 10: 1.23, 11: 0.85, 12: 0.55, 13: 0.37, 14: 0.21, 15: 0.13, 16: 0.08, 17: 0.05, 18: 0.04, 19: 0.04, 20: 0.12, 21: 0.24, 22: 0.41, 23: 0.53}}",False,15,3,10,3,2.0,13,,,12,0,0,0,0,0,0,0,12,1.0,1.0,1.0,0.0,0.0,0.0,0.0,0,0,0,0,0,0,0,0,,0,0,0,0,0,0,0,0,0.0,0,0.0,0,0.0,0.0,0,0,,
20250516_161754,rl_aca,64,,,,,,,,,,,2,1,13.4,20.9,39,600,60,80,"(6.0, 6.0)",0.71,3.0,0.26666666666666666,False,64,0.01,"{'type': 'hourly', 'hourly_rates': {0: 1.59, 1: 4.38, 2: 2.38, 3: 1.15, 4: 0.84, 5: 0.76, 6: 1.0, 7: 2.25, 8: 2.86, 9: 1.94, 10: 1.23, 11: 0.85, 12: 0.55, 13: 0.37, 14: 0.21, 15: 0.13, 16: 0.08, 17: 0.05, 18: 0.04, 19: 0.04, 20: 0.12, 21: 0.24, 22: 0.41, 23: 0.53}}",False,15,3,10,3,2.0,13,,,16,8,1054.1127708712868,-1054.1127708712868,12,144.292705875731,87.84273090594057,2160.0141880306246,15,0.062240672307707676,0.062240672307707676,0.062240672307707676,0.8,1.0,19.200000000000003,24.0,-50.0,150.0,87.84273090594057,270.0017735038281,2,4.0,2,6,0,5,62.5,2.4,100.0,71.07368722176882,45.77679248051635,25.296894741252473,9.473500980641061,18.468071783869842,57.230482875907946,141.72741398229107,66.703983856549,152.33037744154905,9.468071783869842,1,12.5,,
20250516_161754,rl_aca,65,,,,,,,,,,,2,1,13.4,20.9,39,600,60,80,"(6.0, 6.0)",0.71,3.0,0.26666666666666666,False,65,0.01,"{'type': 'hourly', 'hourly_rates': {0: 1.59, 1: 4.38, 2: 2.38, 3: 1.15, 4: 0.84, 5: 0.76, 6: 1.0, 7: 2.25, 8: 2.86, 9: 1.94, 10: 1.23, 11: 0.85, 12: 0.55, 13: 0.37, 14: 0.21, 15: 0.13, 16: 0.08, 17: 0.05, 18: 0.04, 19: 0.04, 20: 0.12, 21: 0.24, 22: 0.41, 23: 0.53}}",False,15,3,10,3,2.0,13,,,17,15,66.16689887227264,-66.16689887227264,6,21.969680515423505,11.027816478712106,1192.8760144057774,0,0.33955363631752594,0.33955363631752594,0.33955363631752594,1.5,1.875,36.0,45.0,60.0,40.0,11.027816478712106,79.52506762705183,2,7.5,6,9,0,2,13.333333333333334,2.0,100.0,10.984840257711753,2.4937828055623843,8.491057452149368,12.179395430526398,24.14162089048675,8.58281628886822,31.27752535240876,20.762211719394617,35.969680515423505,22.870231728649145,4,26.666666666666668,,
20250516_161755,rl_aca,66,,,,,,,,,,,2,1,13.4,20.9,39,600,60,80,"(6.0, 6.0)",0.71,3.0,0.26666666666666666,False,66,0.01,"{'type': 'hourly', 'hourly_rates': {0: 1.59, 1: 4.38, 2: 2.38, 3: 1.15, 4: 0.84, 5: 0.76, 6: 1.0, 7: 2.25, 8: 2.86, 9: 1.94, 10: 1.23, 11: 0.85, 12: 0.55, 13: 0.37, 14: 0.21, 15: 0.13, 16: 0.08, 17: 0.05, 18: 0.04, 19: 0.04, 20: 0.12, 21: 0.24, 22: 0.41, 23: 0.53}}",False,15,3,10,3,2.0,13,,,16,0,0,0,0,0,0,0,16,1.0,1.0,1.0,0.0,0.0,0.0,0.0,0,0,0,0,0,0,0,0,,0,0,0,0,0,0,0,0,0.0,0,0.0,0,0.0,0.0,0,0,,
20250516_161755,rl_aca,67,,,,,,,,,,,2,1,13.4,20.9,39,600,60,80,"(6.0, 6.0)",0.71,3.0,0.26666666666666666,False,67,0.01,"{'type': 'hourly', 'hourly_rates': {0: 1.59, 1: 4.38, 2: 2.38, 3: 1.15, 4: 0.84, 5: 0.76, 6: 1.0, 7: 2.25, 8: 2.86, 9: 1.94, 10: 1.23, 11: 0.85, 12: 0.55, 13: 0.37, 14: 0.21, 15: 0.13, 16: 0.08, 17: 0.05, 18: 0.04, 19: 0.04, 20: 0.12, 21: 0.24, 22: 0.41, 23: 0.53}}",False,15,3,10,3,2.0,13,,,10,9,63.26947459794464,-63.26947459794464,4,27.24773227978318,15.81736864948616,1063.0231660606198,0,0.2146431959442093,0.2146431959442093,0.2146431959442093,0.9,1.125,21.6,27.0,55.55555555555556,44.44444444444444,15.81736864948616,118.11368511784664,2,4.5,2,7,0,1,11.11111111111111,2.0,100.0,27.24773227978318,2.6121046750415076,24.63562760474167,10.421994748997706,18.62925187589079,10.315764214814173,26.394882072857683,20.73775896381188,38.16633403787897,11.166570383762153,2,22.22222222222222,,
20250516_161756,rl_aca,68,,,,,,,,,,,2,1,13.4,20.9,39,600,60,80,"(6.0, 6.0)",0.71,3.0,0.26666666666666666,False,68,0.01,"{'type': 'hourly', 'hourly_rates': {0: 1.59, 1: 4.38, 2: 2.38, 3: 1.15, 4: 0.84, 5: 0.76, 6: 1.0, 7: 2.25, 8: 2.86, 9: 1.94, 10: 1.23, 11: 0.85, 12: 0.55, 13: 0.37, 14: 0.21, 15: 0.13, 16: 0.08, 17: 0.05, 18: 0.04, 19: 0.04, 20: 0.12, 21: 0.24, 22: 0.41, 23: 0.53}}",False,15,3,10,3,2.0,13,,,12,5,1085.836446692065,-1085.8364466920648,9,206.01017593465627,120.64849407689611,1559.0316829334656,12,0.5627787738817925,0.5627787738817925,0.5627787738817925,0.5,0.625,12.0,15.0,-80.0,180.0,120.64849407689611,311.80633658669313,2,2.5,2,3,1,4,80.0,2.25,100.0,100.29684836763084,0.0,100.29684836763084,15.827090828205382,23.555211437256304,66.01604218532745,117.73353927041535,81.84313301353282,131.40022976705663,3.315953472471847,1,20.0,,
20250516_161757,rl_aca,69,,,,,,,,,,,2,1,13.4,20.9,39,600,60,80,"(6.0, 6.0)",0.71,3.0,0.26666666666666666,False,69,0.01,"{'type': 'hourly', 'hourly_rates': {0: 1.59, 1: 4.38, 2: 2.38, 3: 1.15, 4: 0.84, 5: 0.76, 6: 1.0, 7: 2.25, 8: 2.86, 9: 1.94, 10: 1.23, 11: 0.85, 12: 0.55, 13: 0.37, 14: 0.21, 15: 0.13, 16: 0.08, 17: 0.05, 18: 0.04, 19: 0.04, 20: 0.12, 21: 0.24, 22: 0.41, 23: 0.53}}",False,15,3,10,3,2.0,13,,,13,0,0,0,0,0,0,0,13,1.0,1.0,1.0,0.0,0.0,0.0,0.0,0,0,0,0,0,0,0,0,,0,0,0,0,0,0,0,0,0.0,0,0.0,0,0.0,0.0,0,0,,
20250516_161757,rl_aca,70,,,,,,,,,,,2,1,13.4,20.9,39,600,60,80,"(6.0, 6.0)",0.71,3.0,0.26666666666666666,False,70,0.01,"{'type': 'hourly', 'hourly_rates': {0: 1.59, 1: 4.38, 2: 2.38, 3: 1.15, 4: 0.84, 5: 0.76, 6: 1.0, 7: 2.25, 8: 2.86, 9: 1.94, 10: 1.23, 11: 0.85, 12: 0.55, 13: 0.37, 14: 0.21, 15: 0.13, 16: 0.08, 17: 0.05, 18: 0.04, 19: 0.04, 20: 0.12, 21: 0.24, 22: 0.41, 23: 0.53}}",False,15,3,10,3,2.0,13,,,16,9,629.4928262174316,-629.4928262174316,15,129.42918712121073,41.96618841449544,2164.8848813646773,0,0.04704129044412307,0.04704129044412307,0.04704129044412307,0.9,1.125,21.6,27.0,-66.66666666666666,166.66666666666669,41.96618841449544,240.54276459607524,2,4.5,4,5,0,6,55.55555555555556,2.3333333333333335,100.0,32.93291971800123,12.902147765053408,20.030771952947823,13.179984379328097,18.32225240464109,16.850370026251877,42.144289905968634,30.030354405579974,52.895365460939914,14.083243349479641,1,11.11111111111111,,
20250516_161758,rl_aca,71,,,,,,,,,,,2,1,13.4,20.9,39,600,60,80,"(6.0, 6.0)",0.71,3.0,0.26666666666666666,False,71,0.01,"{'type': 'hourly', 'hourly_rates': {0: 1.59, 1: 4.38, 2: 2.38, 3: 1.15, 4: 0.84, 5: 0.76, 6: 1.0, 7: 2.25, 8: 2.86, 9: 1.94, 10: 1.23, 11: 0.85, 12: 0.55, 13: 0.37, 14: 0.21, 15: 0.13, 16: 0.08, 17: 0.05, 18: 0.04, 19: 0.04, 20: 0.12, 21: 0.24, 22: 0.41, 23: 0.53}}",False,15,3,10,3,2.0,13,,,16,3,4.5403548821443565,-4.5403548821443565,1,4.5403548821443565,4.5403548821443565,698.7718150474818,13,0.9271761461247835,0.9271761461247835,0.9271761461247835,0.3,0.375,7.199999999999999,9.0,66.66666666666666,33.33333333333333,4.5403548821443565,232.9239383491606,2,1.5,1,2,1,1,33.33333333333333,2.0,100.0,4.5403548821443565,0.0,4.5403548821443565,11.389397518032496,13.071205162873355,4.565361915015387,13.083761322827911,15.954759433047883,21.53515260178301,2.530850280729055,1,33.33333333333333,,
20250516_161759,rl_aca,72,,,,,,,,,,,2,1,13.4,20.9,39,600,60,80,"(6.0, 6.0)",0.71,3.0,0.26666666666666666,False,72,0.01,"{'type': 'hourly', 'hourly_rates': {0: 1.59, 1: 4.38, 2: 2.38, 3: 1.15, 4: 0.84, 5: 0.76, 6: 1.0, 7: 2.25, 8: 2.86, 9: 1.94, 10: 1.23, 11: 0.85, 12: 0.55, 13: 0.37, 14: 0.21, 15: 0.13, 16: 0.08, 17: 0.05, 18: 0.04, 19: 0.04, 20: 0.12, 21: 0.24, 22: 0.41, 23: 0.53}}",False,15,3,10,3,2.0,13,,,11,0,0,0,0,0,0,0,11,1.0,1.0,1.0,0.0,0.0,0.0,0.0,0,0,0,0,0,0,0,0,,0,0,0,0,0,0,0,0,0.0,0,0.0,0,0.0,0.0,0,0,,
20250516_161759,rl_aca,73,,,,,,,,,,,2,1,13.4,20.9,39,600,60,80,"(6.0, 6.0)",0.71,3.0,0.26666666666666666,False,73,0.01,"{'type': 'hourly', 'hourly_rates': {0: 1.59, 1: 4.38, 2: 2.38, 3: 1.15, 4: 0.84, 5: 0.76, 6: 1.0, 7: 2.25, 8: 2.86, 9: 1.94, 10: 1.23, 11: 0.85, 12: 0.55, 13: 0.37, 14: 0.21, 15: 0.13, 16: 0.08, 17: 0.05, 18: 0.04, 19: 0.04, 20: 0.12, 21: 0.24, 22: 0.41, 23: 0.53}}",False,15,3,10,3,2.0,13,,,15,9,29.805892770622194,-29.805892770622194,3,18.4450436741309,9.935297590207398,776.229625124136,6,0.27030504961483726,0.27030504961483726,0.27030504961483726,0.9,1.125,21.6,27.0,66.66666666666666,33.33333333333333,9.935297590207398,86.247736124904,2,4.5,3,6,0,2,22.22222222222222,2.0,100.0,5.030313144377494,0.1857461153909006,4.844567028986594,15.781523426721776,24.987670002712193,1.354253249977196,7.997328391268752,17.135776676698974,25.590273501301027,62.91139338981171,7,77.77777777777779,,
20250516_161800,rl_aca,74,,,,,,,,,,,2,1,13.4,20.9,39,600,60,80,"(6.0, 6.0)",0.71,3.0,0.26666666666666666,False,74,0.01,"{'type': 'hourly', 'hourly_rates': {0: 1.59, 1: 4.38, 2: 2.38, 3: 1.15, 4: 0.84, 5: 0.76, 6: 1.0, 7: 2.25, 8: 2.86, 9: 1.94, 10: 1.23, 11: 0.85, 12: 0.55, 13: 0.37, 14: 0.21, 15: 0.13, 16: 0.08, 17: 0.05, 18: 0.04, 19: 0.04, 20: 0.12, 21: 0.24, 22: 0.41, 23: 0.53}}",False,15,3,10,3,2.0,13,,,15,11,402.4406464150393,-402.4406464150393,13,112.55919081468372,30.95697280115687,1434.707277099998,0,0.2923090626440287,0.2923090626440287,0.2923090626440287,1.1,1.375,26.400000000000002,33.0,-18.181818181818183,118.18181818181819,30.95697280115687,130.427934281818,2,5.5,5,6,1,4,36.36363636363637,2.0,100.0,38.011009096739805,6.465595461698833,31.545413635040973,15.021077307188687,22.871027864788857,18.46726865285998,69.98064298131018,33.48834596004866,78.45522561515091,29.181834830691493,3,27.27272727272727,,
20250516_161800,rl_aca,75,,,,,,,,,,,2,1,13.4,20.9,39,600,60,80,"(6.0, 6.0)",0.71,3.0,0.26666666666666666,False,75,0.01,"{'type': 'hourly', 'hourly_rates': {0: 1.59, 1: 4.38, 2: 2.38, 3: 1.15, 4: 0.84, 5: 0.76, 6: 1.0, 7: 2.25, 8: 2.86, 9: 1.94, 10: 1.23, 11: 0.85, 12: 0.55, 13: 0.37, 14: 0.21, 15: 0.13, 16: 0.08, 17: 0.05, 18: 0.04, 19: 0.04, 20: 0.12, 21: 0.24, 22: 0.41, 23: 0.53}}",False,15,3,10,3,2.0,13,,,12,10,171.92475654125496,-171.92475654125496,6,49.584917392891214,28.65412609020916,1412.8699039663766,7,0.6187026245710269,0.6187026245710269,0.6187026245710269,1.0,1.25,24.0,30.0,40.0,60.0,28.65412609020916,141.28699039663766,2,5.0,5,5,1,4,30.0,2.25,100.0,23.720022629695695,8.4802475301663,15.239775099529394,13.758773690765352,18.87484274895189,12.172776824062085,40.188334937834156,25.93155051482744,56.71211044067206,13.251712728154681,4,40.0,,
20250516_161801,rl_aca,76,,,,,,,,,,,2,1,13.4,20.9,39,600,60,80,"(6.0, 6.0)",0.71,3.0,0.26666666666666666,False,76,0.01,"{'type': 'hourly', 'hourly_rates': {0: 1.59, 1: 4.38, 2: 2.38, 3: 1.15, 4: 0.84, 5: 0.76, 6: 1.0, 7: 2.25, 8: 2.86, 9: 1.94, 10: 1.23, 11: 0.85, 12: 0.55, 13: 0.37, 14: 0.21, 15: 0.13, 16: 0.08, 17: 0.05, 18: 0.04, 19: 0.04, 20: 0.12, 21: 0.24, 22: 0.41, 23: 0.53}}",False,15,3,10,3,2.0,13,,,6,0,0,0,0,0,0,0,6,1.0,1.0,1.0,0.0,0.0,0.0,0.0,0,0,0,0,0,0,0,0,,0,0,0,0,0,0,0,0,0.0,0,0.0,0,0.0,0.0,0,0,,
20250516_161801,rl_aca,77,,,,,,,,,,,2,1,13.4,20.9,39,600,60,80,"(6.0, 6.0)",0.71,3.0,0.26666666666666666,False,77,0.01,"{'type': 'hourly', 'hourly_rates': {0: 1.59, 1: 4.38, 2: 2.38, 3: 1.15, 4: 0.84, 5: 0.76, 6: 1.0, 7: 2.25, 8: 2.86, 9: 1.94, 10: 1.23, 11: 0.85, 12: 0.55, 13: 0.37, 14: 0.21, 15: 0.13, 16: 0.08, 17: 0.05, 18: 0.04, 19: 0.04, 20: 0.12, 21: 0.24, 22: 0.41, 23: 0.53}}",False,15,3,10,3,2.0,13,,,20,8,1021.1317924317129,-1021.131792431713,16,212.675354283483,63.82073702698206,1712.6854642655883,10,0.4826670803811659,0.4826670803811659,0.4826670803811659,0.8,1.0,19.200000000000003,24.0,-100.0,200.0,63.82073702698206,214.08568303319853,2,4.0,2,6,0,8,87.5,2.125,100.0,32.0824423281959,19.97577279323326,12.106669534962641,11.387433662188297,18.83302955267561,28.090986970400266,165.58198632762256,39.47842063258856,173.5148037440825,8.038629711696629,3,37.5,,
20250516_161801,rl_aca,78,,,,,,,,,,,2,1,13.4,20.9,39,600,60,80,"(6.0, 6.0)",0.71,3.0,0.26666666666666666,False,78,0.01,"{'type': 'hourly', 'hourly_rates': {0: 1.59, 1: 4.38, 2: 2.38, 3: 1.15, 4: 0.84, 5: 0.76, 6: 1.0, 7: 2.25, 8: 2.86, 9: 1.94, 10: 1.23, 11: 0.85, 12: 0.55, 13: 0.37, 14: 0.21, 15: 0.13, 16: 0.08, 17: 0.05, 18: 0.04, 19: 0.04, 20: 0.12, 21: 0.24, 22: 0.41, 23: 0.53}}",False,15,3,10,3,2.0,13,,,7,6,70.01701927424554,-70.01701927424554,5,46.2727910408189,14.003403854849108,1578.2794012287843,4,0.3726722379197867,0.3726722379197867,0.3726722379197867,0.6,0.75,14.399999999999999,18.0,16.666666666666664,83.33333333333334,14.003403854849108,263.04656687146405,2,3.0,1,5,0,0,0,0,0,0,0,0,12.597116748286199,16.9619316504797,16.10770738851353,53.57596056936735,28.70482413679973,64.2727910408189,2.377898511775811,1,16.666666666666664,,
20250516_161802,rl_aca,79,,,,,,,,,,,2,1,13.4,20.9,39,600,60,80,"(6.0, 6.0)",0.71,3.0,0.26666666666666666,False,79,0.01,"{'type': 'hourly', 'hourly_rates': {0: 1.59, 1: 4.38, 2: 2.38, 3: 1.15, 4: 0.84, 5: 0.76, 6: 1.0, 7: 2.25, 8: 2.86, 9: 1.94, 10: 1.23, 11: 0.85, 12: 0.55, 13: 0.37, 14: 0.21, 15: 0.13, 16: 0.08, 17: 0.05, 18: 0.04, 19: 0.04, 20: 0.12, 21: 0.24, 22: 0.41, 23: 0.53}}",False,15,3,10,3,2.0,13,,,17,0,0,0,0,0,0,0,17,1.0,1.0,1.0,0.0,0.0,0.0,0.0,0,0,0,0,0,0,0,0,,0,0,0,0,0,0,0,0,0.0,0,0.0,0,0.0,0.0,0,0,,
20250516_161803,rl_aca,80,,,,,,,,,,,2,1,13.4,20.9,39,600,60,80,"(6.0, 6.0)",0.71,3.0,0.26666666666666666,False,80,0.01,"{'type': 'hourly', 'hourly_rates': {0: 1.59, 1: 4.38, 2: 2.38, 3: 1.15, 4: 0.84, 5: 0.76, 6: 1.0, 7: 2.25, 8: 2.86, 9: 1.94, 10: 1.23, 11: 0.85, 12: 0.55, 13: 0.37, 14: 0.21, 15: 0.13, 16: 0.08, 17: 0.05, 18: 0.04, 19: 0.04, 20: 0.12, 21: 0.24, 22: 0.41, 23: 0.53}}",False,15,3,10,3,2.0,13,,,16,0,0,0,0,0,0,0,16,1.0,1.0,1.0,0.0,0.0,0.0,0.0,0,0,0,0,0,0,0,0,,0,0,0,0,0,0,0,0,0.0,0,0.0,0,0.0,0.0,0,0,,
20250516_161803,rl_aca,81,,,,,,,,,,,2,1,13.4,20.9,39,600,60,80,"(6.0, 6.0)",0.71,3.0,0.26666666666666666,False,81,0.01,"{'type': 'hourly', 'hourly_rates': {0: 1.59, 1: 4.38, 2: 2.38, 3: 1.15, 4: 0.84, 5: 0.76, 6: 1.0, 7: 2.25, 8: 2.86, 9: 1.94, 10: 1.23, 11: 0.85, 12: 0.55, 13: 0.37, 14: 0.21, 15: 0.13, 16: 0.08, 17: 0.05, 18: 0.04, 19: 0.04, 20: 0.12, 21: 0.24, 22: 0.41, 23: 0.53}}",False,15,3,10,3,2.0,13,,,8,8,14.587783190215816,-14.587783190215816,3,7.602219417748529,4.862594396738605,836.8508749020335,2,0.5306982199091507,0.5306982199091507,0.5306982199091507,0.8,1.0,19.200000000000003,24.0,62.5,37.5,4.862594396738605,104.60635936275419,2,4.0,3,5,1,0,0,0,0,0,0,0,13.184690569275062,22.674632683380082,5.4618184199565745,20.451642983586737,18.646508989231638,33.60221941774853,27.978035562677324,3,37.5,,
20250516_161803,rl_aca,82,,,,,,,,,,,2,1,13.4,20.9,39,600,60,80,"(6.0, 6.0)",0.71,3.0,0.26666666666666666,False,82,0.01,"{'type': 'hourly', 'hourly_rates': {0: 1.59, 1: 4.38, 2: 2.38, 3: 1.15, 4: 0.84, 5: 0.76, 6: 1.0, 7: 2.25, 8: 2.86, 9: 1.94, 10: 1.23, 11: 0.85, 12: 0.55, 13: 0.37, 14: 0.21, 15: 0.13, 16: 0.08, 17: 0.05, 18: 0.04, 19: 0.04, 20: 0.12, 21: 0.24, 22: 0.41, 23: 0.53}}",False,15,3,10,3,2.0,13,,,12,0,0,0,0,0,0,0,12,1.0,1.0,1.0,0.0,0.0,0.0,0.0,0,0,0,0,0,0,0,0,,0,0,0,0,0,0,0,0,0.0,0,0.0,0,0.0,0.0,0,0,,
20250516_161804,rl_aca,83,,,,,,,,,,,2,1,13.4,20.9,39,600,60,80,"(6.0, 6.0)",0.71,3.0,0.26666666666666666,False,83,0.01,"{'type': 'hourly', 'hourly_rates': {0: 1.59, 1: 4.38, 2: 2.38, 3: 1.15, 4: 0.84, 5: 0.76, 6: 1.0, 7: 2.25, 8: 2.86, 9: 1.94, 10: 1.23, 11: 0.85, 12: 0.55, 13: 0.37, 14: 0.21, 15: 0.13, 16: 0.08, 17: 0.05, 18: 0.04, 19: 0.04, 20: 0.12, 21: 0.24, 22: 0.41, 23: 0.53}}",False,15,3,10,3,2.0,13,,,14,0,0,0,0,0,0,0,14,1.0,1.0,1.0,0.0,0.0,0.0,0.0,0,0,0,0,0,0,0,0,,0,0,0,0,0,0,0,0,0.0,0,0.0,0,0.0,0.0,0,0,,
20250516_161805,rl_aca,84,,,,,,,,,,,2,1,13.4,20.9,39,600,60,80,"(6.0, 6.0)",0.71,3.0,0.26666666666666666,False,84,0.01,"{'type': 'hourly', 'hourly_rates': {0: 1.59, 1: 4.38, 2: 2.38, 3: 1.15, 4: 0.84, 5: 0.76, 6: 1.0, 7: 2.25, 8: 2.86, 9: 1.94, 10: 1.23, 11: 0.85, 12: 0.55, 13: 0.37, 14: 0.21, 15: 0.13, 16: 0.08, 17: 0.05, 18: 0.04, 19: 0.04, 20: 0.12, 21: 0.24, 22: 0.41, 23: 0.53}}",False,15,3,10,3,2.0,13,,,12,0,0,0,0,0,0,0,12,1.0,1.0,1.0,0.0,0.0,0.0,0.0,0,0,0,0,0,0,0,0,,0,0,0,0,0,0,0,0,0.0,0,0.0,0,0.0,0.0,0,0,,
20250516_161805,rl_aca,85,,,,,,,,,,,2,1,13.4,20.9,39,600,60,80,"(6.0, 6.0)",0.71,3.0,0.26666666666666666,False,85,0.01,"{'type': 'hourly', 'hourly_rates': {0: 1.59, 1: 4.38, 2: 2.38, 3: 1.15, 4: 0.84, 5: 0.76, 6: 1.0, 7: 2.25, 8: 2.86, 9: 1.94, 10: 1.23, 11: 0.85, 12: 0.55, 13: 0.37, 14: 0.21, 15: 0.13, 16: 0.08, 17: 0.05, 18: 0.04, 19: 0.04, 20: 0.12, 21: 0.24, 22: 0.41, 23: 0.53}}",False,15,3,10,3,2.0,13,,,14,10,312.9552586289013,-312.9552586289013,9,82.38875969492852,34.77280651432236,1352.51034911321,0,0.23246991855155766,0.23246991855155766,0.23246991855155766,1.0,1.25,24.0,30.0,10.0,90.0,34.77280651432236,135.251034911321,2,5.0,4,6,0,5,40.0,2.2,100.0,19.633549381502284,1.2716149518815716,18.361934429620714,13.202679322698966,26.74700497826278,6.301046148671566,19.302837952795784,19.503725471370537,27.75255719401642,18.883328765331818,3,30.0,,
20250516_161805,rl_aca,86,,,,,,,,,,,2,1,13.4,20.9,39,600,60,80,"(6.0, 6.0)",0.71,3.0,0.26666666666666666,False,86,0.01,"{'type': 'hourly', 'hourly_rates': {0: 1.59, 1: 4.38, 2: 2.38, 3: 1.15, 4: 0.84, 5: 0.76, 6: 1.0, 7: 2.25, 8: 2.86, 9: 1.94, 10: 1.23, 11: 0.85, 12: 0.55, 13: 0.37, 14: 0.21, 15: 0.13, 16: 0.08, 17: 0.05, 18: 0.04, 19: 0.04, 20: 0.12, 21: 0.24, 22: 0.41, 23: 0.53}}",False,15,3,10,3,2.0,13,,,16,13,121.76706483724922,-121.76706483724922,10,24.868517741353315,12.176706483724923,1931.949890816208,0,0.2536573655785678,0.2536573655785678,0.2536573655785678,1.3,1.625,31.200000000000003,39.0,23.076923076923077,76.92307692307693,12.176706483724923,148.61153006278522,2,6.5,6,7,1,2,7.6923076923076925,2.5,100.0,24.868517741353315,5.746800150269531,19.121717591083783,14.524114869029692,28.642333482210887,9.806677140911354,25.553681613124922,24.33079200994105,42.20890583323566,15.210447388961498,3,23.076923076923077,,
20250516_161806,rl_aca,87,,,,,,,,,,,2,1,13.4,20.9,39,600,60,80,"(6.0, 6.0)",0.71,3.0,0.26666666666666666,False,87,0.01,"{'type': 'hourly', 'hourly_rates': {0: 1.59, 1: 4.38, 2: 2.38, 3: 1.15, 4: 0.84, 5: 0.76, 6: 1.0, 7: 2.25, 8: 2.86, 9: 1.94, 10: 1.23, 11: 0.85, 12: 0.55, 13: 0.37, 14: 0.21, 15: 0.13, 16: 0.08, 17: 0.05, 18: 0.04, 19: 0.04, 20: 0.12, 21: 0.24, 22: 0.41, 23: 0.53}}",False,15,3,10,3,2.0,13,,,12,0,0,0,0,0,0,0,12,1.0,1.0,1.0,0.0,0.0,0.0,0.0,0,0,0,0,0,0,0,0,,0,0,0,0,0,0,0,0,0.0,0,0.0,0,0.0,0.0,0,0,,
20250516_161807,rl_aca,88,,,,,,,,,,,2,1,13.4,20.9,39,600,60,80,"(6.0, 6.0)",0.71,3.0,0.26666666666666666,False,88,0.01,"{'type': 'hourly', 'hourly_rates': {0: 1.59, 1: 4.38, 2: 2.38, 3: 1.15, 4: 0.84, 5: 0.76, 6: 1.0, 7: 2.25, 8: 2.86, 9: 1.94, 10: 1.23, 11: 0.85, 12: 0.55, 13: 0.37, 14: 0.21, 15: 0.13, 16: 0.08, 17: 0.05, 18: 0.04, 19: 0.04, 20: 0.12, 21: 0.24, 22: 0.41, 23: 0.53}}",False,15,3,10,3,2.0,13,,,17,0,0,0,0,0,0,0,17,1.0,1.0,1.0,0.0,0.0,0.0,0.0,0,0,0,0,0,0,0,0,,0,0,0,0,0,0,0,0,0.0,0,0.0,0,0.0,0.0,0,0,,
20250516_161807,rl_aca,89,,,,,,,,,,,2,1,13.4,20.9,39,600,60,80,"(6.0, 6.0)",0.71,3.0,0.26666666666666666,False,89,0.01,"{'type': 'hourly', 'hourly_rates': {0: 1.59, 1: 4.38, 2: 2.38, 3: 1.15, 4: 0.84, 5: 0.76, 6: 1.0, 7: 2.25, 8: 2.86, 9: 1.94, 10: 1.23, 11: 0.85, 12: 0.55, 13: 0.37, 14: 0.21, 15: 0.13, 16: 0.08, 17: 0.05, 18: 0.04, 19: 0.04, 20: 0.12, 21: 0.24, 22: 0.41, 23: 0.53}}",False,15,3,10,3,2.0,13,,,16,7,0,0,0,0,0,795.1827170384349,10,0.4628374378674705,0.4628374378674705,0.4628374378674705,0.7,0.875,16.799999999999997,21.0,100.0,0.0,0,113.59753100549071,2,3.5,3,4,0,0,0,0,0,0,0,0,8.2455207843534,13.488591071623375,2.928523497611951,4.317569683551636,11.174044281965353,17.12532628640784,2.2850976872611,1,14.285714285714285,,
20250516_161808,rl_aca,90,,,,,,,,,,,2,1,13.4,20.9,39,600,60,80,"(6.0, 6.0)",0.71,3.0,0.26666666666666666,False,90,0.01,"{'type': 'hourly', 'hourly_rates': {0: 1.59, 1: 4.38, 2: 2.38, 3: 1.15, 4: 0.84, 5: 0.76, 6: 1.0, 7: 2.25, 8: 2.86, 9: 1.94, 10: 1.23, 11: 0.85, 12: 0.55, 13: 0.37, 14: 0.21, 15: 0.13, 16: 0.08, 17: 0.05, 18: 0.04, 19: 0.04, 20: 0.12, 21: 0.24, 22: 0.41, 23: 0.53}}",False,15,3,10,3,2.0,13,,,9,0,0,0,0,0,0,0,9,1.0,1.0,1.0,0.0,0.0,0.0,0.0,0,0,0,0,0,0,0,0,,0,0,0,0,0,0,0,0,0.0,0,0.0,0,0.0,0.0,0,0,,
20250516_161808,rl_aca,91,,,,,,,,,,,2,1,13.4,20.9,39,600,60,80,"(6.0, 6.0)",0.71,3.0,0.26666666666666666,False,91,0.01,"{'type': 'hourly', 'hourly_rates': {0: 1.59, 1: 4.38, 2: 2.38, 3: 1.15, 4: 0.84, 5: 0.76, 6: 1.0, 7: 2.25, 8: 2.86, 9: 1.94, 10: 1.23, 11: 0.85, 12: 0.55, 13: 0.37, 14: 0.21, 15: 0.13, 16: 0.08, 17: 0.05, 18: 0.04, 19: 0.04, 20: 0.12, 21: 0.24, 22: 0.41, 23: 0.53}}",False,15,3,10,3,2.0,13,,,18,13,106.1180494677654,-106.1180494677654,5,53.70731114748514,21.223609893553082,1352.6450840327157,3,0.23466568282805345,0.23466568282805345,0.23466568282805345,1.3,1.625,31.200000000000003,39.0,61.53846153846154,38.46153846153847,21.223609893553082,104.04962184867044,2,6.5,5,8,1,2,7.6923076923076925,2.5,100.0,53.70731114748514,0.25935942096669723,53.44795172651845,12.136930420557196,16.89706057903709,5.617994696338349,18.61104430218994,17.754925116895546,28.70731114748513,49.39951857818432,7,53.84615384615385,,
20250516_161809,rl_aca,92,,,,,,,,,,,2,1,13.4,20.9,39,600,60,80,"(6.0, 6.0)",0.71,3.0,0.26666666666666666,False,92,0.01,"{'type': 'hourly', 'hourly_rates': {0: 1.59, 1: 4.38, 2: 2.38, 3: 1.15, 4: 0.84, 5: 0.76, 6: 1.0, 7: 2.25, 8: 2.86, 9: 1.94, 10: 1.23, 11: 0.85, 12: 0.55, 13: 0.37, 14: 0.21, 15: 0.13, 16: 0.08, 17: 0.05, 18: 0.04, 19: 0.04, 20: 0.12, 21: 0.24, 22: 0.41, 23: 0.53}}",False,15,3,10,3,2.0,13,,,7,7,0,0,0,0,0,726.0585110475171,4,0.5464792670140958,0.5464792670140958,0.5464792670140958,0.7,0.875,16.799999999999997,21.0,100.0,0.0,0,103.72264443535958,2,3.5,1,6,0,0,0,0,0,0,0,0,12.601533454709573,16.946040851224666,2.0656844130321543,9.473548159243592,14.667217867741728,17.153985955860605,17.073093644486935,4,57.14285714285714,,
20250516_161809,rl_aca,93,,,,,,,,,,,2,1,13.4,20.9,39,600,60,80,"(6.0, 6.0)",0.71,3.0,0.26666666666666666,False,93,0.01,"{'type': 'hourly', 'hourly_rates': {0: 1.59, 1: 4.38, 2: 2.38, 3: 1.15, 4: 0.84, 5: 0.76, 6: 1.0, 7: 2.25, 8: 2.86, 9: 1.94, 10: 1.23, 11: 0.85, 12: 0.55, 13: 0.37, 14: 0.21, 15: 0.13, 16: 0.08, 17: 0.05, 18: 0.04, 19: 0.04, 20: 0.12, 21: 0.24, 22: 0.41, 23: 0.53}}",False,15,3,10,3,2.0,13,,,11,0,0,0,0,0,0,0,11,1.0,1.0,1.0,0.0,0.0,0.0,0.0,0,0,0,0,0,0,0,0,,0,0,0,0,0,0,0,0,0.0,0,0.0,0,0.0,0.0,0,0,,
20250516_161810,rl_aca,94,,,,,,,,,,,2,1,13.4,20.9,39,600,60,80,"(6.0, 6.0)",0.71,3.0,0.26666666666666666,False,94,0.01,"{'type': 'hourly', 'hourly_rates': {0: 1.59, 1: 4.38, 2: 2.38, 3: 1.15, 4: 0.84, 5: 0.76, 6: 1.0, 7: 2.25, 8: 2.86, 9: 1.94, 10: 1.23, 11: 0.85, 12: 0.55, 13: 0.37, 14: 0.21, 15: 0.13, 16: 0.08, 17: 0.05, 18: 0.04, 19: 0.04, 20: 0.12, 21: 0.24, 22: 0.41, 23: 0.53}}",False,15,3,10,3,2.0,13,,,13,12,89.13674364907071,-89.13674364907071,5,31.81996414429534,17.82734872981414,1392.4910697372409,0,0.22838383776510635,0.22838383776510635,0.22838383776510635,1.2,1.5,28.799999999999997,36.0,58.333333333333336,41.66666666666667,17.82734872981414,116.04092247810341,2,6.0,6,6,0,3,33.33333333333333,2.0,100.0,16.76581612450557,0.4023858127811888,16.36343031172438,13.351262180154235,20.971985216361325,9.167273402224321,30.266908354959597,22.518535582378558,40.16577323831902,26.674251286833115,5,41.66666666666667,,
20250516_161810,rl_aca,95,,,,,,,,,,,2,1,13.4,20.9,39,600,60,80,"(6.0, 6.0)",0.71,3.0,0.26666666666666666,False,95,0.01,"{'type': 'hourly', 'hourly_rates': {0: 1.59, 1: 4.38, 2: 2.38, 3: 1.15, 4: 0.84, 5: 0.76, 6: 1.0, 7: 2.25, 8: 2.86, 9: 1.94, 10: 1.23, 11: 0.85, 12: 0.55, 13: 0.37, 14: 0.21, 15: 0.13, 16: 0.08, 17: 0.05, 18: 0.04, 19: 0.04, 20: 0.12, 21: 0.24, 22: 0.41, 23: 0.53}}",False,15,3,10,3,2.0,13,,,5,0,0,0,0,0,0,0,5,1.0,1.0,1.0,0.0,0.0,0.0,0.0,0,0,0,0,0,0,0,0,,0,0,0,0,0,0,0,0,0.0,0,0.0,0,0.0,0.0,0,0,,
20250516_161811,rl_aca,96,,,,,,,,,,,2,1,13.4,20.9,39,600,60,80,"(6.0, 6.0)",0.71,3.0,0.26666666666666666,False,96,0.01,"{'type': 'hourly', 'hourly_rates': {0: 1.59, 1: 4.38, 2: 2.38, 3: 1.15, 4: 0.84, 5: 0.76, 6: 1.0, 7: 2.25, 8: 2.86, 9: 1.94, 10: 1.23, 11: 0.85, 12: 0.55, 13: 0.37, 14: 0.21, 15: 0.13, 16: 0.08, 17: 0.05, 18: 0.04, 19: 0.04, 20: 0.12, 21: 0.24, 22: 0.41, 23: 0.53}}",False,15,3,10,3,2.0,13,,,9,0,0,0,0,0,0,0,9,1.0,1.0,1.0,0.0,0.0,0.0,0.0,0,0,0,0,0,0,0,0,,0,0,0,0,0,0,0,0,0.0,0,0.0,0,0.0,0.0,0,0,,
20250516_161812,rl_aca,97,,,,,,,,,,,2,1,13.4,20.9,39,600,60,80,"(6.0, 6.0)",0.71,3.0,0.26666666666666666,False,97,0.01,"{'type': 'hourly', 'hourly_rates': {0: 1.59, 1: 4.38, 2: 2.38, 3: 1.15, 4: 0.84, 5: 0.76, 6: 1.0, 7: 2.25, 8: 2.86, 9: 1.94, 10: 1.23, 11: 0.85, 12: 0.55, 13: 0.37, 14: 0.21, 15: 0.13, 16: 0.08, 17: 0.05, 18: 0.04, 19: 0.04, 20: 0.12, 21: 0.24, 22: 0.41, 23: 0.53}}",False,15,3,10,3,2.0,13,,,10,0,0,0,0,0,0,0,10,1.0,1.0,1.0,0.0,0.0,0.0,0.0,0,0,0,0,0,0,0,0,,0,0,0,0,0,0,0,0,0.0,0,0.0,0,0.0,0.0,0,0,,
20250516_161812,rl_aca,98,,,,,,,,,,,2,1,13.4,20.9,39,600,60,80,"(6.0, 6.0)",0.71,3.0,0.26666666666666666,False,98,0.01,"{'type': 'hourly', 'hourly_rates': {0: 1.59, 1: 4.38, 2: 2.38, 3: 1.15, 4: 0.84, 5: 0.76, 6: 1.0, 7: 2.25, 8: 2.86, 9: 1.94, 10: 1.23, 11: 0.85, 12: 0.55, 13: 0.37, 14: 0.21, 15: 0.13, 16: 0.08, 17: 0.05, 18: 0.04, 19: 0.04, 20: 0.12, 21: 0.24, 22: 0.41, 23: 0.53}}",False,15,3,10,3,2.0,13,,,11,10,136.04900048779592,-136.04900048779592,4,64.37172887467895,34.01225012194898,983.5544357508402,2,0.35796077031598766,0.35796077031598766,0.35796077031598766,1.0,1.25,24.0,30.0,60.0,40.0,34.01225012194898,98.35544357508402,2,5.0,4,6,0,1,10.0,2.0,100.0,32.195225857671744,7.672856469192142,24.522369388479603,15.297693401143501,27.260902420123273,12.207407007342084,81.09351081251789,27.505100408485582,88.37172887467895,50.87140453412755,6,60.0,,
20250516_161812,rl_aca,99,,,,,,,,,,,2,1,13.4,20.9,39,600,60,80,"(6.0, 6.0)",0.71,3.0,0.26666666666666666,False,99,0.01,"{'type': 'hourly', 'hourly_rates': {0: 1.59, 1: 4.38, 2: 2.38, 3: 1.15, 4: 0.84, 5: 0.76, 6: 1.0, 7: 2.25, 8: 2.86, 9: 1.94, 10: 1.23, 11: 0.85, 12: 0.55, 13: 0.37, 14: 0.21, 15: 0.13, 16: 0.08, 17: 0.05, 18: 0.04, 19: 0.04, 20: 0.12, 21: 0.24, 22: 0.41, 23: 0.53}}",False,15,3,10,3,2.0,13,,,17,16,250.1097186167906,-250.1097186167906,10,77.38674826783205,25.01097186167906,1745.5603276662728,16,0.17062080329819987,0.17062080329819987,0.17062080329819987,1.6,2.0,38.400000000000006,48.0,37.5,62.5,25.01097186167906,109.09752047914205,2,8.0,5,11,1,2,18.75,2.0,100.0,35.382918440793624,11.073920253416134,24.30899818737749,13.183100567849493,24.476068344472537,21.117947538310382,83.51472219474553,34.301048106159875,98.38674826783205,15.23008020401372,3,18.75,,
20250516_161813,rl_aca,100,,,,,,,,,,,2,1,13.4,20.9,39,600,60,80,"(6.0, 6.0)",0.71,3.0,0.26666666666666666,False,100,0.01,"{'type': 'hourly', 'hourly_rates': {0: 1.59, 1: 4.38, 2: 2.38, 3: 1.15, 4: 0.84, 5: 0.76, 6: 1.0, 7: 2.25, 8: 2.86, 9: 1.94, 10: 1.23, 11: 0.85, 12: 0.55, 13: 0.37, 14: 0.21, 15: 0.13, 16: 0.08, 17: 0.05, 18: 0.04, 19: 0.04, 20: 0.12, 21: 0.24, 22: 0.41, 23: 0.53}}",False,15,3,10,3,2.0,13,,,10,9,92.96211135662713,-92.96211135662713,5,40.132426012833236,18.592422271325425,939.6048683948746,0,0.42742146546068793,0.42742146546068793,0.42742146546068793,0.9,1.125,21.6,27.0,44.44444444444444,55.55555555555556,18.592422271325425,104.40054093276385,2,4.5,2,7,0,1,11.11111111111111,2.0,100.0,22.982779424051103,5.634617912831647,17.348161511219455,14.842691918875216,21.584532440664077,7.517185289963651,44.201776928161394,22.35987720883887,59.132426012833236,24.978696189782028,5,55.55555555555556,,
20250516_161814,rl_aca,101,,,,,,,,,,,2,1,13.4,20.9,39,600,60,80,"(6.0, 6.0)",0.71,3.0,0.26666666666666666,False,101,0.01,"{'type': 'hourly', 'hourly_rates': {0: 1.59, 1: 4.38, 2: 2.38, 3: 1.15, 4: 0.84, 5: 0.76, 6: 1.0, 7: 2.25, 8: 2.86, 9: 1.94, 10: 1.23, 11: 0.85, 12: 0.55, 13: 0.37, 14: 0.21, 15: 0.13, 16: 0.08, 17: 0.05, 18: 0.04, 19: 0.04, 20: 0.12, 21: 0.24, 22: 0.41, 23: 0.53}}",False,15,3,10,3,2.0,13,,,14,0,0,0,0,0,0,0,14,1.0,1.0,1.0,0.0,0.0,0.0,0.0,0,0,0,0,0,0,0,0,,0,0,0,0,0,0,0,0,0.0,0,0.0,0,0.0,0.0,0,0,,
20250516_161814,rl_aca,102,,,,,,,,,,,2,1,13.4,20.9,39,600,60,80,"(6.0, 6.0)",0.71,3.0,0.26666666666666666,False,102,0.01,"{'type': 'hourly', 'hourly_rates': {0: 1.59, 1: 4.38, 2: 2.38, 3: 1.15, 4: 0.84, 5: 0.76, 6: 1.0, 7: 2.25, 8: 2.86, 9: 1.94, 10: 1.23, 11: 0.85, 12: 0.55, 13: 0.37, 14: 0.21, 15: 0.13, 16: 0.08, 17: 0.05, 18: 0.04, 19: 0.04, 20: 0.12, 21: 0.24, 22: 0.41, 23: 0.53}}",False,15,3,10,3,2.0,13,,,11,5,1751.6892096596425,-1751.6892096596425,9,298.7739670260699,194.63213440662696,707.9414545524137,8,0.7768655019044213,0.7768655019044213,0.7768655019044213,0.5,0.625,12.0,15.0,-80.0,180.0,194.63213440662696,141.58829091048273,2,2.5,1,4,0,3,60.0,3.0,100.0,108.02825936461811,0.0,108.02825936461811,12.268856529097178,17.26262107916523,54.910406764933,148.189959275303,67.17926329403016,165.45258035446824,12.923590966740335,2,40.0,,
20250516_161814,rl_aca,103,,,,,,,,,,,2,1,13.4,20.9,39,600,60,80,"(6.0, 6.0)",0.71,3.0,0.26666666666666666,False,103,0.01,"{'type': 'hourly', 'hourly_rates': {0: 1.59, 1: 4.38, 2: 2.38, 3: 1.15, 4: 0.84, 5: 0.76, 6: 1.0, 7: 2.25, 8: 2.86, 9: 1.94, 10: 1.23, 11: 0.85, 12: 0.55, 13: 0.37, 14: 0.21, 15: 0.13, 16: 0.08, 17: 0.05, 18: 0.04, 19: 0.04, 20: 0.12, 21: 0.24, 22: 0.41, 23: 0.53}}",False,15,3,10,3,2.0,13,,,15,11,386.4386983617016,-386.4386983617016,12,91.25069232488718,32.203224863475135,2137.5357778919024,15,0.2803132773360149,0.2803132773360149,0.2803132773360149,1.1,1.375,26.400000000000002,33.0,-9.090909090909092,109.09090909090908,32.203224863475135,194.3214343538093,2,5.5,3,8,0,4,36.36363636363637,2.0,100.0,30.036354258383625,19.209094111939724,10.827260146443901,13.168011020032985,18.207273760506723,23.3910759665994,48.953752404714464,36.55908698663239,61.66049084550974,0.0,0,0.0,,
20250516_161815,rl_aca,104,,,,,,,,,,,2,1,13.4,20.9,39,600,60,80,"(6.0, 6.0)",0.71,3.0,0.26666666666666666,False,104,0.01,"{'type': 'hourly', 'hourly_rates': {0: 1.59, 1: 4.38, 2: 2.38, 3: 1.15, 4: 0.84, 5: 0.76, 6: 1.0, 7: 2.25, 8: 2.86, 9: 1.94, 10: 1.23, 11: 0.85, 12: 0.55, 13: 0.37, 14: 0.21, 15: 0.13, 16: 0.08, 17: 0.05, 18: 0.04, 19: 0.04, 20: 0.12, 21: 0.24, 22: 0.41, 23: 0.53}}",False,15,3,10,3,2.0,13,,,11,0,0,0,0,0,0,0,11,1.0,1.0,1.0,0.0,0.0,0.0,0.0,0,0,0,0,0,0,0,0,,0,0,0,0,0,0,0,0,0.0,0,0.0,0,0.0,0.0,0,0,,
20250516_161815,rl_aca,105,,,,,,,,,,,2,1,13.4,20.9,39,600,60,80,"(6.0, 6.0)",0.71,3.0,0.26666666666666666,False,105,0.01,"{'type': 'hourly', 'hourly_rates': {0: 1.59, 1: 4.38, 2: 2.38, 3: 1.15, 4: 0.84, 5: 0.76, 6: 1.0, 7: 2.25, 8: 2.86, 9: 1.94, 10: 1.23, 11: 0.85, 12: 0.55, 13: 0.37, 14: 0.21, 15: 0.13, 16: 0.08, 17: 0.05, 18: 0.04, 19: 0.04, 20: 0.12, 21: 0.24, 22: 0.41, 23: 0.53}}",False,15,3,10,3,2.0,13,,,13,8,399.7631922154293,-399.76319221542934,10,73.67200631621158,39.97631922154293,1622.770001982091,0,0.11674165995322075,0.11674165995322075,0.11674165995322075,0.8,1.0,19.200000000000003,24.0,-25.0,125.0,39.97631922154293,202.84625024776136,2,4.0,4,4,0,5,62.5,2.0,100.0,37.161823673364076,0.0,37.161823673364076,14.861182895273112,22.98119238519581,19.04669107813763,53.35520908994778,33.907873973410744,65.66946987075235,13.470115330754503,2,25.0,,
20250516_161816,rl_aca,106,,,,,,,,,,,2,1,13.4,20.9,39,600,60,80,"(6.0, 6.0)",0.71,3.0,0.26666666666666666,False,106,0.01,"{'type': 'hourly', 'hourly_rates': {0: 1.59, 1: 4.38, 2: 2.38, 3: 1.15, 4: 0.84, 5: 0.76, 6: 1.0, 7: 2.25, 8: 2.86, 9: 1.94, 10: 1.23, 11: 0.85, 12: 0.55, 13: 0.37, 14: 0.21, 15: 0.13, 16: 0.08, 17: 0.05, 18: 0.04, 19: 0.04, 20: 0.12, 21: 0.24, 22: 0.41, 23: 0.53}}",False,15,3,10,3,2.0,13,,,7,2,20.45242885469024,-20.45242885469024,2,11,10.22621442734512,564.0893119663439,7,0.6555186464477828,0.6555186464477828,0.6555186464477828,0.2,0.25,4.800000000000001,6.0,0.0,100.0,10.22621442734512,282.04465598317194,1,2.0,2,2,1,0,0,0,0,0,0,0,17.077419441872323,25.224245305533206,9.148794985472795,17.521835276478797,26.22621442734512,26.45242885469024,2.2242453055332057,1,50.0,,
20250516_161816,rl_aca,107,,,,,,,,,,,2,1,13.4,20.9,39,600,60,80,"(6.0, 6.0)",0.71,3.0,0.26666666666666666,False,107,0.01,"{'type': 'hourly', 'hourly_rates': {0: 1.59, 1: 4.38, 2: 2.38, 3: 1.15, 4: 0.84, 5: 0.76, 6: 1.0, 7: 2.25, 8: 2.86, 9: 1.94, 10: 1.23, 11: 0.85, 12: 0.55, 13: 0.37, 14: 0.21, 15: 0.13, 16: 0.08, 17: 0.05, 18: 0.04, 19: 0.04, 20: 0.12, 21: 0.24, 22: 0.41, 23: 0.53}}",False,15,3,10,3,2.0,13,,,20,15,232.45838569164712,-232.45838569164712,12,49.45077234292066,19.371532140970594,1784.6573959259865,0,0.1268552795246359,0.1268552795246359,0.1268552795246359,1.5,1.875,36.0,45.0,20.0,80.0,19.371532140970594,118.9771597283991,2,7.5,7,8,0,4,20.0,2.0,100.0,18.768286292852952,6.945948795754525,11.822337497098427,13.065976960786948,26.18005622397368,13.747246901389511,36.43547495265645,26.81322386217646,47.83332952251091,7.133486682833393,2,13.333333333333334,,
20250516_161817,rl_aca,108,,,,,,,,,,,2,1,13.4,20.9,39,600,60,80,"(6.0, 6.0)",0.71,3.0,0.26666666666666666,False,108,0.01,"{'type': 'hourly', 'hourly_rates': {0: 1.59, 1: 4.38, 2: 2.38, 3: 1.15, 4: 0.84, 5: 0.76, 6: 1.0, 7: 2.25, 8: 2.86, 9: 1.94, 10: 1.23, 11: 0.85, 12: 0.55, 13: 0.37, 14: 0.21, 15: 0.13, 16: 0.08, 17: 0.05, 18: 0.04, 19: 0.04, 20: 0.12, 21: 0.24, 22: 0.41, 23: 0.53}}",False,15,3,10,3,2.0,13,,,16,12,358.08552385693764,-358.08552385693764,11,97.26508385263804,32.553229441539784,1859.1567535821894,11,0.19675536109249775,0.19675536109249775,0.19675536109249775,1.2,1.5,28.799999999999997,36.0,8.333333333333332,91.66666666666666,32.553229441539784,154.92972946518245,2,6.0,5,7,0,3,25.0,2.3333333333333335,100.0,47.14048358248041,5.591233467565344,41.54925011491506,12.842437488429878,16.65459591391405,17.606546343510885,81.34288359176227,30.448983831940765,96.82540460896273,2.782726574342121,2,16.666666666666664,,
20250516_161818,rl_aca,109,,,,,,,,,,,2,1,13.4,20.9,39,600,60,80,"(6.0, 6.0)",0.71,3.0,0.26666666666666666,False,109,0.01,"{'type': 'hourly', 'hourly_rates': {0: 1.59, 1: 4.38, 2: 2.38, 3: 1.15, 4: 0.84, 5: 0.76, 6: 1.0, 7: 2.25, 8: 2.86, 9: 1.94, 10: 1.23, 11: 0.85, 12: 0.55, 13: 0.37, 14: 0.21, 15: 0.13, 16: 0.08, 17: 0.05, 18: 0.04, 19: 0.04, 20: 0.12, 21: 0.24, 22: 0.41, 23: 0.53}}",False,15,3,10,3,2.0,13,,,14,6,210.69094665884822,-210.69094665884822,6,86,35.1151577764747,877.0870254247964,10,0.44761817677609267,0.44761817677609267,0.44761817677609267,0.6,0.75,14.399999999999999,18.0,0.0,100.0,35.1151577764747,146.18117090413273,2,3.0,3,3,1,2,33.33333333333333,2.0,100.0,39.39520238411956,4.492195564787387,34.90300681933217,16.70786783420823,27.208388821019106,13.991096029160937,40.27323175703037,30.69896386336917,52.59617408147214,28.072806529643465,2,33.33333333333333,,
20250516_161819,rl_aca,110,,,,,,,,,,,2,1,13.4,20.9,39,600,60,80,"(6.0, 6.0)",0.71,3.0,0.26666666666666666,False,110,0.01,"{'type': 'hourly', 'hourly_rates': {0: 1.59, 1: 4.38, 2: 2.38, 3: 1.15, 4: 0.84, 5: 0.76, 6: 1.0, 7: 2.25, 8: 2.86, 9: 1.94, 10: 1.23, 11: 0.85, 12: 0.55, 13: 0.37, 14: 0.21, 15: 0.13, 16: 0.08, 17: 0.05, 18: 0.04, 19: 0.04, 20: 0.12, 21: 0.24, 22: 0.41, 23: 0.53}}",False,15,3,10,3,2.0,13,,,13,9,347.5109922389746,-347.5109922389746,7,72.04388933691678,49.64442746271066,1724.7219248194451,0,0.2631341460567084,0.2631341460567084,0.2631341460567084,0.9,1.125,21.6,27.0,22.22222222222222,77.77777777777779,49.64442746271066,191.6357694243828,2,4.5,4,5,1,3,22.22222222222222,2.6666666666666665,100.0,51.489446202425356,2.4374156230174355,49.05203057940792,13.20979429503133,21.246483473143826,10.234573364391105,40.307493843395775,23.444367659422436,52.92505258973344,4.927717764498709,1,11.11111111111111,,
20250516_161820,rl_aca,111,,,,,,,,,,,2,1,13.4,20.9,39,600,60,80,"(6.0, 6.0)",0.71,3.0,0.26666666666666666,False,111,0.01,"{'type': 'hourly', 'hourly_rates': {0: 1.59, 1: 4.38, 2: 2.38, 3: 1.15, 4: 0.84, 5: 0.76, 6: 1.0, 7: 2.25, 8: 2.86, 9: 1.94, 10: 1.23, 11: 0.85, 12: 0.55, 13: 0.37, 14: 0.21, 15: 0.13, 16: 0.08, 17: 0.05, 18: 0.04, 19: 0.04, 20: 0.12, 21: 0.24, 22: 0.41, 23: 0.53}}",False,15,3,10,3,2.0,13,,,17,0,0,0,0,0,0,0,17,1.0,1.0,1.0,0.0,0.0,0.0,0.0,0,0,0,0,0,0,0,0,,0,0,0,0,0,0,0,0,0.0,0,0.0,0,0.0,0.0,0,0,,
20250516_161820,rl_aca,112,,,,,,,,,,,2,1,13.4,20.9,39,600,60,80,"(6.0, 6.0)",0.71,3.0,0.26666666666666666,False,112,0.01,"{'type': 'hourly', 'hourly_rates': {0: 1.59, 1: 4.38, 2: 2.38, 3: 1.15, 4: 0.84, 5: 0.76, 6: 1.0, 7: 2.25, 8: 2.86, 9: 1.94, 10: 1.23, 11: 0.85, 12: 0.55, 13: 0.37, 14: 0.21, 15: 0.13, 16: 0.08, 17: 0.05, 18: 0.04, 19: 0.04, 20: 0.12, 21: 0.24, 22: 0.41, 23: 0.53}}",False,15,3,10,3,2.0,13,,,10,8,0.507029195910718,-0.507029195910718,1,0.507029195910718,0.507029195910718,777.5264436844292,3,0.5414635090284965,0.5414635090284965,0.5414635090284965,0.8,1.0,19.200000000000003,24.0,87.5,12.5,0.507029195910718,97.19080546055365,2,4.0,4,4,0,0,0,0,0,0,0,0,14.303458000012352,20.70358644633348,2.8772954070193864,9.431721020796658,17.180753407031737,22.98986507036352,41.0145806065291,4,50.0,,
20250516_161821,rl_aca,113,,,,,,,,,,,2,1,13.4,20.9,39,600,60,80,"(6.0, 6.0)",0.71,3.0,0.26666666666666666,False,113,0.01,"{'type': 'hourly', 'hourly_rates': {0: 1.59, 1: 4.38, 2: 2.38, 3: 1.15, 4: 0.84, 5: 0.76, 6: 1.0, 7: 2.25, 8: 2.86, 9: 1.94, 10: 1.23, 11: 0.85, 12: 0.55, 13: 0.37, 14: 0.21, 15: 0.13, 16: 0.08, 17: 0.05, 18: 0.04, 19: 0.04, 20: 0.12, 21: 0.24, 22: 0.41, 23: 0.53}}",False,15,3,10,3,2.0,13,,,15,0,0,0,0,0,0,0,15,1.0,1.0,1.0,0.0,0.0,0.0,0.0,0,0,0,0,0,0,0,0,,0,0,0,0,0,0,0,0,0.0,0,0.0,0,0.0,0.0,0,0,,
20250516_161822,rl_aca,114,,,,,,,,,,,2,1,13.4,20.9,39,600,60,80,"(6.0, 6.0)",0.71,3.0,0.26666666666666666,False,114,0.01,"{'type': 'hourly', 'hourly_rates': {0: 1.59, 1: 4.38, 2: 2.38, 3: 1.15, 4: 0.84, 5: 0.76, 6: 1.0, 7: 2.25, 8: 2.86, 9: 1.94, 10: 1.23, 11: 0.85, 12: 0.55, 13: 0.37, 14: 0.21, 15: 0.13, 16: 0.08, 17: 0.05, 18: 0.04, 19: 0.04, 20: 0.12, 21: 0.24, 22: 0.41, 23: 0.53}}",False,15,3,10,3,2.0,13,,,14,0,0,0,0,0,0,0,14,1.0,1.0,1.0,0.0,0.0,0.0,0.0,0,0,0,0,0,0,0,0,,0,0,0,0,0,0,0,0,0.0,0,0.0,0,0.0,0.0,0,0,,
20250516_161822,rl_aca,115,,,,,,,,,,,2,1,13.4,20.9,39,600,60,80,"(6.0, 6.0)",0.71,3.0,0.26666666666666666,False,115,0.01,"{'type': 'hourly', 'hourly_rates': {0: 1.59, 1: 4.38, 2: 2.38, 3: 1.15, 4: 0.84, 5: 0.76, 6: 1.0, 7: 2.25, 8: 2.86, 9: 1.94, 10: 1.23, 11: 0.85, 12: 0.55, 13: 0.37, 14: 0.21, 15: 0.13, 16: 0.08, 17: 0.05, 18: 0.04, 19: 0.04, 20: 0.12, 21: 0.24, 22: 0.41, 23: 0.53}}",False,15,3,10,3,2.0,13,,,14,13,324.7467147556624,-324.74671475566237,10,113.64749440308267,32.47467147556624,3031.146312630693,0,0.11440406791344195,0.11440406791344195,0.11440406791344195,1.3,1.625,31.200000000000003,39.0,23.076923076923077,76.92307692307693,32.47467147556624,233.16510097159178,2,6.5,6,7,0,1,7.6923076923076925,2.0,100.0,39.71613289656767,21.87930945295555,17.836823443612122,15.023745484858647,23.57166594270337,22.203699873994047,110.73243652697997,37.22744535885269,124.64749440308267,3.9817849778804266,2,15.384615384615385,,
20250516_161822,rl_aca,116,,,,,,,,,,,2,1,13.4,20.9,39,600,60,80,"(6.0, 6.0)",0.71,3.0,0.26666666666666666,False,116,0.01,"{'type': 'hourly', 'hourly_rates': {0: 1.59, 1: 4.38, 2: 2.38, 3: 1.15, 4: 0.84, 5: 0.76, 6: 1.0, 7: 2.25, 8: 2.86, 9: 1.94, 10: 1.23, 11: 0.85, 12: 0.55, 13: 0.37, 14: 0.21, 15: 0.13, 16: 0.08, 17: 0.05, 18: 0.04, 19: 0.04, 20: 0.12, 21: 0.24, 22: 0.41, 23: 0.53}}",False,15,3,10,3,2.0,13,,,7,7,17.938926971129604,-17.938926971129604,2,17.512163012333914,8.969463485564802,797.4891684386824,3,0.44279132568845425,0.44279132568845425,0.44279132568845425,0.7,0.875,16.799999999999997,21.0,71.42857142857143,28.57142857142857,8.969463485564802,113.92702406266892,2,3.5,1,6,1,0,0,0,0,0,0,0,12.282472714863095,20.892847491726258,4.830085499419531,25.400145477482262,17.112558214282625,33.512163012333914,27.26194571736659,5,71.42857142857143,,
20250516_161823,rl_aca,117,,,,,,,,,,,2,1,13.4,20.9,39,600,60,80,"(6.0, 6.0)",0.71,3.0,0.26666666666666666,False,117,0.01,"{'type': 'hourly', 'hourly_rates': {0: 1.59, 1: 4.38, 2: 2.38, 3: 1.15, 4: 0.84, 5: 0.76, 6: 1.0, 7: 2.25, 8: 2.86, 9: 1.94, 10: 1.23, 11: 0.85, 12: 0.55, 13: 0.37, 14: 0.21, 15: 0.13, 16: 0.08, 17: 0.05, 18: 0.04, 19: 0.04, 20: 0.12, 21: 0.24, 22: 0.41, 23: 0.53}}",False,15,3,10,3,2.0,13,,,8,6,17.12622117362133,-17.12622117362133,1,17.12622117362133,17.12622117362133,433.539328889192,2,0.8407948963647697,0.8407948963647697,0.8407948963647697,0.6,0.75,14.399999999999999,18.0,83.33333333333334,16.666666666666664,17.12622117362133,72.25655481486534,2,3.0,2,4,0,0,0,0,0,0,0,0,12.214761918807946,15.0790188864529,4.687434809862414,26.097328254047966,16.90219672867036,39.12622117362133,26.50944577044703,4,66.66666666666666,,
20250516_161823,rl_aca,118,,,,,,,,,,,2,1,13.4,20.9,39,600,60,80,"(6.0, 6.0)",0.71,3.0,0.26666666666666666,False,118,0.01,"{'type': 'hourly', 'hourly_rates': {0: 1.59, 1: 4.38, 2: 2.38, 3: 1.15, 4: 0.84, 5: 0.76, 6: 1.0, 7: 2.25, 8: 2.86, 9: 1.94, 10: 1.23, 11: 0.85, 12: 0.55, 13: 0.37, 14: 0.21, 15: 0.13, 16: 0.08, 17: 0.05, 18: 0.04, 19: 0.04, 20: 0.12, 21: 0.24, 22: 0.41, 23: 0.53}}",False,15,3,10,3,2.0,13,,,5,5,17.026102866228285,-17.026102866228285,3,7.428875604978913,5.675367622076095,1195.0519784237724,0,0.616062552510461,0.616062552510461,0.616062552510461,0.5,0.625,12.0,15.0,40.0,60.0,5.675367622076095,239.01039568475449,2,2.5,2,3,0,0,0,0,0,0,0,0,13.297332768070115,15.973442565207648,4.391143355859529,7.865062197186262,17.688476123929643,20.428875604978913,1.7177416737824274,1,20.0,,
20250516_161824,rl_aca,119,,,,,,,,,,,2,1,13.4,20.9,39,600,60,80,"(6.0, 6.0)",0.71,3.0,0.26666666666666666,False,119,0.01,"{'type': 'hourly', 'hourly_rates': {0: 1.59, 1: 4.38, 2: 2.38, 3: 1.15, 4: 0.84, 5: 0.76, 6: 1.0, 7: 2.25, 8: 2.86, 9: 1.94, 10: 1.23, 11: 0.85, 12: 0.55, 13: 0.37, 14: 0.21, 15: 0.13, 16: 0.08, 17: 0.05, 18: 0.04, 19: 0.04, 20: 0.12, 21: 0.24, 22: 0.41, 23: 0.53}}",False,15,3,10,3,2.0,13,,,21,0,0,0,0,0,0,0,21,1.0,1.0,1.0,0.0,0.0,0.0,0.0,0,0,0,0,0,0,0,0,,0,0,0,0,0,0,0,0,0.0,0,0.0,0,0.0,0.0,0,0,,
20250516_161824,rl_aca,120,,,,,,,,,,,2,1,13.4,20.9,39,600,60,80,"(6.0, 6.0)",0.71,3.0,0.26666666666666666,False,120,0.01,"{'type': 'hourly', 'hourly_rates': {0: 1.59, 1: 4.38, 2: 2.38, 3: 1.15, 4: 0.84, 5: 0.76, 6: 1.0, 7: 2.25, 8: 2.86, 9: 1.94, 10: 1.23, 11: 0.85, 12: 0.55, 13: 0.37, 14: 0.21, 15: 0.13, 16: 0.08, 17: 0.05, 18: 0.04, 19: 0.04, 20: 0.12, 21: 0.24, 22: 0.41, 23: 0.53}}",False,15,3,10,3,2.0,13,,,5,5,0,0,0,0,0,323.3066327222439,0,0.5831062855439859,0.5831062855439859,0.5831062855439859,0.5,0.625,12.0,15.0,100.0,0.0,0,64.66132654444877,2,2.5,1,4,0,0,0,0,0,0,0,0,15.051194204520556,24.254074649272127,2.923555156422327,11.204108932984013,17.974749360942884,25.98641802710233,28.033983012628347,3,60.0,,
20250516_161825,rl_aca,121,,,,,,,,,,,2,1,13.4,20.9,39,600,60,80,"(6.0, 6.0)",0.71,3.0,0.26666666666666666,False,121,0.01,"{'type': 'hourly', 'hourly_rates': {0: 1.59, 1: 4.38, 2: 2.38, 3: 1.15, 4: 0.84, 5: 0.76, 6: 1.0, 7: 2.25, 8: 2.86, 9: 1.94, 10: 1.23, 11: 0.85, 12: 0.55, 13: 0.37, 14: 0.21, 15: 0.13, 16: 0.08, 17: 0.05, 18: 0.04, 19: 0.04, 20: 0.12, 21: 0.24, 22: 0.41, 23: 0.53}}",False,15,3,10,3,2.0,13,,,7,7,29.044978149738434,-29.044978149738434,2,14.707709952603274,14.522489074869217,812.5023764302333,0,0.4983038749851826,0.4983038749851826,0.4983038749851826,0.7,0.875,16.799999999999997,21.0,71.42857142857143,28.57142857142857,14.522489074869217,116.0717680614619,1,7.0,7,7,1,0,0,0,0,0,0,0,14.195984924713047,22.162912389315636,6.684874817464269,24.062945051867757,20.880859742177314,39.33726819713516,18.32037580219326,3,42.857142857142854,,
20250516_161825,rl_aca,122,,,,,,,,,,,2,1,13.4,20.9,39,600,60,80,"(6.0, 6.0)",0.71,3.0,0.26666666666666666,False,122,0.01,"{'type': 'hourly', 'hourly_rates': {0: 1.59, 1: 4.38, 2: 2.38, 3: 1.15, 4: 0.84, 5: 0.76, 6: 1.0, 7: 2.25, 8: 2.86, 9: 1.94, 10: 1.23, 11: 0.85, 12: 0.55, 13: 0.37, 14: 0.21, 15: 0.13, 16: 0.08, 17: 0.05, 18: 0.04, 19: 0.04, 20: 0.12, 21: 0.24, 22: 0.41, 23: 0.53}}",False,15,3,10,3,2.0,13,,,11,10,81.26557627658372,-81.26557627658372,4,49.846591068185774,20.31639406914593,876.3039593125446,6,0.3080933708160308,0.3080933708160308,0.3080933708160308,1.0,1.25,24.0,30.0,60.0,40.0,20.31639406914593,87.63039593125447,2,5.0,4,6,0,1,10.0,2.0,100.0,14.995886620236092,6.702555616923405,8.293331003312687,12.550476601155358,18.78414337150511,10.646561667012403,55.062447696680664,23.197038268167763,73.84659106818577,25.77864927318188,5,50.0,,
20250516_161825,rl_aca,123,,,,,,,,,,,2,1,13.4,20.9,39,600,60,80,"(6.0, 6.0)",0.71,3.0,0.26666666666666666,False,123,0.01,"{'type': 'hourly', 'hourly_rates': {0: 1.59, 1: 4.38, 2: 2.38, 3: 1.15, 4: 0.84, 5: 0.76, 6: 1.0, 7: 2.25, 8: 2.86, 9: 1.94, 10: 1.23, 11: 0.85, 12: 0.55, 13: 0.37, 14: 0.21, 15: 0.13, 16: 0.08, 17: 0.05, 18: 0.04, 19: 0.04, 20: 0.12, 21: 0.24, 22: 0.41, 23: 0.53}}",False,15,3,10,3,2.0,13,,,15,11,142.66893827865923,-142.66893827865923,8,40.638776895348286,17.833617284832403,1030.4339133512788,0,0.23471441121560346,0.23471441121560346,0.23471441121560346,1.1,1.375,26.400000000000002,33.0,27.27272727272727,72.72727272727273,17.833617284832403,93.67581030466171,2,5.5,4,7,0,4,27.27272727272727,2.25,100.0,16.503645548329036,2.854452216339734,13.649193331989302,10.793634364816702,17.887375565071324,10.60543715210869,28.702733853988548,21.399071516925392,43.3924503939777,22.813615762935008,3,27.27272727272727,,
20250516_161826,rl_aca,124,,,,,,,,,,,2,1,13.4,20.9,39,600,60,80,"(6.0, 6.0)",0.71,3.0,0.26666666666666666,False,124,0.01,"{'type': 'hourly', 'hourly_rates': {0: 1.59, 1: 4.38, 2: 2.38, 3: 1.15, 4: 0.84, 5: 0.76, 6: 1.0, 7: 2.25, 8: 2.86, 9: 1.94, 10: 1.23, 11: 0.85, 12: 0.55, 13: 0.37, 14: 0.21, 15: 0.13, 16: 0.08, 17: 0.05, 18: 0.04, 19: 0.04, 20: 0.12, 21: 0.24, 22: 0.41, 23: 0.53}}",False,15,3,10,3,2.0,13,,,10,8,94.07513984990975,-94.07513984990975,5,36.40012392648441,18.815027969981948,1005.9083467497395,0,0.2915952819959306,0.2915952819959306,0.2915952819959306,0.8,1.0,19.200000000000003,24.0,37.5,62.5,18.815027969981948,125.73854334371744,2,4.0,2,6,0,2,25.0,2.0,100.0,23.95543374868356,0.6750532523834281,23.280380496300133,13.090369802878802,21.686407883118775,8.499735019439623,22.838310414813748,21.590104822318423,35.40012392648441,12.77108981311767,3,37.5,,
20250516_161827,rl_aca,125,,,,,,,,,,,2,1,13.4,20.9,39,600,60,80,"(6.0, 6.0)",0.71,3.0,0.26666666666666666,False,125,0.01,"{'type': 'hourly', 'hourly_rates': {0: 1.59, 1: 4.38, 2: 2.38, 3: 1.15, 4: 0.84, 5: 0.76, 6: 1.0, 7: 2.25, 8: 2.86, 9: 1.94, 10: 1.23, 11: 0.85, 12: 0.55, 13: 0.37, 14: 0.21, 15: 0.13, 16: 0.08, 17: 0.05, 18: 0.04, 19: 0.04, 20: 0.12, 21: 0.24, 22: 0.41, 23: 0.53}}",False,15,3,10,3,2.0,13,,,18,0,0,0,0,0,0,0,18,1.0,1.0,1.0,0.0,0.0,0.0,0.0,0,0,0,0,0,0,0,0,,0,0,0,0,0,0,0,0,0.0,0,0.0,0,0.0,0.0,0,0,,
20250516_161827,rl_aca,126,,,,,,,,,,,2,1,13.4,20.9,39,600,60,80,"(6.0, 6.0)",0.71,3.0,0.26666666666666666,False,126,0.01,"{'type': 'hourly', 'hourly_rates': {0: 1.59, 1: 4.38, 2: 2.38, 3: 1.15, 4: 0.84, 5: 0.76, 6: 1.0, 7: 2.25, 8: 2.86, 9: 1.94, 10: 1.23, 11: 0.85, 12: 0.55, 13: 0.37, 14: 0.21, 15: 0.13, 16: 0.08, 17: 0.05, 18: 0.04, 19: 0.04, 20: 0.12, 21: 0.24, 22: 0.41, 23: 0.53}}",False,15,3,10,3,2.0,13,,,8,0,0,0,0,0,0,0,8,1.0,1.0,1.0,0.0,0.0,0.0,0.0,0,0,0,0,0,0,0,0,,0,0,0,0,0,0,0,0,0.0,0,0.0,0,0.0,0.0,0,0,,
20250516_161828,rl_aca,127,,,,,,,,,,,2,1,13.4,20.9,39,600,60,80,"(6.0, 6.0)",0.71,3.0,0.26666666666666666,False,127,0.01,"{'type': 'hourly', 'hourly_rates': {0: 1.59, 1: 4.38, 2: 2.38, 3: 1.15, 4: 0.84, 5: 0.76, 6: 1.0, 7: 2.25, 8: 2.86, 9: 1.94, 10: 1.23, 11: 0.85, 12: 0.55, 13: 0.37, 14: 0.21, 15: 0.13, 16: 0.08, 17: 0.05, 18: 0.04, 19: 0.04, 20: 0.12, 21: 0.24, 22: 0.41, 23: 0.53}}",False,15,3,10,3,2.0,13,,,14,0,0,0,0,0,0,0,14,1.0,1.0,1.0,0.0,0.0,0.0,0.0,0,0,0,0,0,0,0,0,,0,0,0,0,0,0,0,0,0.0,0,0.0,0,0.0,0.0,0,0,,
20250516_161828,rl_aca,128,,,,,,,,,,,2,1,13.4,20.9,39,600,60,80,"(6.0, 6.0)",0.71,3.0,0.26666666666666666,False,128,0.01,"{'type': 'hourly', 'hourly_rates': {0: 1.59, 1: 4.38, 2: 2.38, 3: 1.15, 4: 0.84, 5: 0.76, 6: 1.0, 7: 2.25, 8: 2.86, 9: 1.94, 10: 1.23, 11: 0.85, 12: 0.55, 13: 0.37, 14: 0.21, 15: 0.13, 16: 0.08, 17: 0.05, 18: 0.04, 19: 0.04, 20: 0.12, 21: 0.24, 22: 0.41, 23: 0.53}}",False,15,3,10,3,2.0,13,,,11,9,132.17980973212593,-132.17980973212593,7,32.16561856947017,18.882829961732277,982.0253630213118,0,0.17874839857832794,0.17874839857832794,0.17874839857832794,0.9,1.125,21.6,27.0,22.22222222222222,77.77777777777779,18.882829961732277,109.11392922459021,2,4.5,2,7,1,2,11.11111111111111,2.5,100.0,30.869201673459585,5.732070883862558,25.137130789597027,13.65077493259675,15.859378847174861,10.762565920765514,28.00310111189566,24.413340853362264,43.86247995907052,17.48209636978052,4,44.44444444444444,,
20250516_161829,rl_aca,129,,,,,,,,,,,2,1,13.4,20.9,39,600,60,80,"(6.0, 6.0)",0.71,3.0,0.26666666666666666,False,129,0.01,"{'type': 'hourly', 'hourly_rates': {0: 1.59, 1: 4.38, 2: 2.38, 3: 1.15, 4: 0.84, 5: 0.76, 6: 1.0, 7: 2.25, 8: 2.86, 9: 1.94, 10: 1.23, 11: 0.85, 12: 0.55, 13: 0.37, 14: 0.21, 15: 0.13, 16: 0.08, 17: 0.05, 18: 0.04, 19: 0.04, 20: 0.12, 21: 0.24, 22: 0.41, 23: 0.53}}",False,15,3,10,3,2.0,13,,,21,14,617.3820685576503,-617.3820685576503,13,159.99140561449246,47.49092835058848,2834.926186701105,21,0.08412323742913233,0.08412323742913233,0.08412323742913233,1.4,1.75,33.599999999999994,42.0,7.142857142857142,92.85714285714286,47.49092835058848,202.4947276215075,2,7.0,5,9,0,10,71.42857142857143,2.1,100.0,27.953826189478242,0.0,27.953826189478242,11.204808107776984,15.84045655578268,19.57836770024216,90.68833119344566,30.783175808019145,100.38288747393625,0.0,0,0.0,,
20250516_161830,rl_aca,130,,,,,,,,,,,2,1,13.4,20.9,39,600,60,80,"(6.0, 6.0)",0.71,3.0,0.26666666666666666,False,130,0.01,"{'type': 'hourly', 'hourly_rates': {0: 1.59, 1: 4.38, 2: 2.38, 3: 1.15, 4: 0.84, 5: 0.76, 6: 1.0, 7: 2.25, 8: 2.86, 9: 1.94, 10: 1.23, 11: 0.85, 12: 0.55, 13: 0.37, 14: 0.21, 15: 0.13, 16: 0.08, 17: 0.05, 18: 0.04, 19: 0.04, 20: 0.12, 21: 0.24, 22: 0.41, 23: 0.53}}",False,15,3,10,3,2.0,13,,,10,0,0,0,0,0,0,0,10,1.0,1.0,1.0,0.0,0.0,0.0,0.0,0,0,0,0,0,0,0,0,,0,0,0,0,0,0,0,0,0.0,0,0.0,0,0.0,0.0,0,0,,
20250516_161830,rl_aca,131,,,,,,,,,,,2,1,13.4,20.9,39,600,60,80,"(6.0, 6.0)",0.71,3.0,0.26666666666666666,False,131,0.01,"{'type': 'hourly', 'hourly_rates': {0: 1.59, 1: 4.38, 2: 2.38, 3: 1.15, 4: 0.84, 5: 0.76, 6: 1.0, 7: 2.25, 8: 2.86, 9: 1.94, 10: 1.23, 11: 0.85, 12: 0.55, 13: 0.37, 14: 0.21, 15: 0.13, 16: 0.08, 17: 0.05, 18: 0.04, 19: 0.04, 20: 0.12, 21: 0.24, 22: 0.41, 23: 0.53}}",False,15,3,10,3,2.0,13,,,10,10,98.59382636584293,-98.59382636584293,5,36.308099971248,19.718765273168586,927.2245141167458,10,0.45870711237668504,0.45870711237668504,0.45870711237668504,1.0,1.25,24.0,30.0,50.0,50.0,19.718765273168586,92.72245141167458,2,5.0,4,6,1,0,0,0,0,0,0,0,12.594064943371084,24.956741635610058,15.57977216752661,35.544530527230535,28.173837110897693,58.308099971248,3.1587534744805836,2,20.0,,
20250516_161832,rl_aca,132,,,,,,,,,,,2,1,13.4,20.9,39,600,60,80,"(6.0, 6.0)",0.71,3.0,0.26666666666666666,False,132,0.01,"{'type': 'hourly', 'hourly_rates': {0: 1.59, 1: 4.38, 2: 2.38, 3: 1.15, 4: 0.84, 5: 0.76, 6: 1.0, 7: 2.25, 8: 2.86, 9: 1.94, 10: 1.23, 11: 0.85, 12: 0.55, 13: 0.37, 14: 0.21, 15: 0.13, 16: 0.08, 17: 0.05, 18: 0.04, 19: 0.04, 20: 0.12, 21: 0.24, 22: 0.41, 23: 0.53}}",False,15,3,10,3,2.0,13,,,14,0,0,0,0,0,0,0,14,1.0,1.0,1.0,0.0,0.0,0.0,0.0,0,0,0,0,0,0,0,0,,0,0,0,0,0,0,0,0,0.0,0,0.0,0,0.0,0.0,0,0,,
20250516_161832,rl_aca,133,,,,,,,,,,,2,1,13.4,20.9,39,600,60,80,"(6.0, 6.0)",0.71,3.0,0.26666666666666666,False,133,0.01,"{'type': 'hourly', 'hourly_rates': {0: 1.59, 1: 4.38, 2: 2.38, 3: 1.15, 4: 0.84, 5: 0.76, 6: 1.0, 7: 2.25, 8: 2.86, 9: 1.94, 10: 1.23, 11: 0.85, 12: 0.55, 13: 0.37, 14: 0.21, 15: 0.13, 16: 0.08, 17: 0.05, 18: 0.04, 19: 0.04, 20: 0.12, 21: 0.24, 22: 0.41, 23: 0.53}}",False,15,3,10,3,2.0,13,,,9,0,0,0,0,0,0,0,9,1.0,1.0,1.0,0.0,0.0,0.0,0.0,0,0,0,0,0,0,0,0,,0,0,0,0,0,0,0,0,0.0,0,0.0,0,0.0,0.0,0,0,,
20250516_161833,rl_aca,134,,,,,,,,,,,2,1,13.4,20.9,39,600,60,80,"(6.0, 6.0)",0.71,3.0,0.26666666666666666,False,134,0.01,"{'type': 'hourly', 'hourly_rates': {0: 1.59, 1: 4.38, 2: 2.38, 3: 1.15, 4: 0.84, 5: 0.76, 6: 1.0, 7: 2.25, 8: 2.86, 9: 1.94, 10: 1.23, 11: 0.85, 12: 0.55, 13: 0.37, 14: 0.21, 15: 0.13, 16: 0.08, 17: 0.05, 18: 0.04, 19: 0.04, 20: 0.12, 21: 0.24, 22: 0.41, 23: 0.53}}",False,15,3,10,3,2.0,13,,,10,0,0,0,0,0,0,0,10,1.0,1.0,1.0,0.0,0.0,0.0,0.0,0,0,0,0,0,0,0,0,,0,0,0,0,0,0,0,0,0.0,0,0.0,0,0.0,0.0,0,0,,
20250516_161833,rl_aca,135,,,,,,,,,,,2,1,13.4,20.9,39,600,60,80,"(6.0, 6.0)",0.71,3.0,0.26666666666666666,False,135,0.01,"{'type': 'hourly', 'hourly_rates': {0: 1.59, 1: 4.38, 2: 2.38, 3: 1.15, 4: 0.84, 5: 0.76, 6: 1.0, 7: 2.25, 8: 2.86, 9: 1.94, 10: 1.23, 11: 0.85, 12: 0.55, 13: 0.37, 14: 0.21, 15: 0.13, 16: 0.08, 17: 0.05, 18: 0.04, 19: 0.04, 20: 0.12, 21: 0.24, 22: 0.41, 23: 0.53}}",False,15,3,10,3,2.0,13,,,8,8,42.57359824985889,-42.57359824985889,3,19.86152282087727,14.19119941661963,729.2248454050437,8,0.542086241071378,0.542086241071378,0.542086241071378,0.8,1.0,19.200000000000003,24.0,62.5,37.5,14.19119941661963,91.15310567563046,2,4.0,3,5,1,0,0,0,0,0,0,0,11.950432706256292,18.950710955882883,12.79864448144761,32.3915809326479,24.749077187703904,47.861522820877255,2.9580197425762123,1,12.5,,
20250516_161834,rl_aca,136,,,,,,,,,,,2,1,13.4,20.9,39,600,60,80,"(6.0, 6.0)",0.71,3.0,0.26666666666666666,False,136,0.01,"{'type': 'hourly', 'hourly_rates': {0: 1.59, 1: 4.38, 2: 2.38, 3: 1.15, 4: 0.84, 5: 0.76, 6: 1.0, 7: 2.25, 8: 2.86, 9: 1.94, 10: 1.23, 11: 0.85, 12: 0.55, 13: 0.37, 14: 0.21, 15: 0.13, 16: 0.08, 17: 0.05, 18: 0.04, 19: 0.04, 20: 0.12, 21: 0.24, 22: 0.41, 23: 0.53}}",False,15,3,10,3,2.0,13,,,13,0,0,0,0,0,0,0,13,1.0,1.0,1.0,0.0,0.0,0.0,0.0,0,0,0,0,0,0,0,0,,0,0,0,0,0,0,0,0,0.0,0,0.0,0,0.0,0.0,0,0,,
20250516_161834,rl_aca,137,,,,,,,,,,,2,1,13.4,20.9,39,600,60,80,"(6.0, 6.0)",0.71,3.0,0.26666666666666666,False,137,0.01,"{'type': 'hourly', 'hourly_rates': {0: 1.59, 1: 4.38, 2: 2.38, 3: 1.15, 4: 0.84, 5: 0.76, 6: 1.0, 7: 2.25, 8: 2.86, 9: 1.94, 10: 1.23, 11: 0.85, 12: 0.55, 13: 0.37, 14: 0.21, 15: 0.13, 16: 0.08, 17: 0.05, 18: 0.04, 19: 0.04, 20: 0.12, 21: 0.24, 22: 0.41, 23: 0.53}}",False,15,3,10,3,2.0,13,,,12,0,0,0,0,0,0,0,12,1.0,1.0,1.0,0.0,0.0,0.0,0.0,0,0,0,0,0,0,0,0,,0,0,0,0,0,0,0,0,0.0,0,0.0,0,0.0,0.0,0,0,,
20250516_161835,rl_aca,138,,,,,,,,,,,2,1,13.4,20.9,39,600,60,80,"(6.0, 6.0)",0.71,3.0,0.26666666666666666,False,138,0.01,"{'type': 'hourly', 'hourly_rates': {0: 1.59, 1: 4.38, 2: 2.38, 3: 1.15, 4: 0.84, 5: 0.76, 6: 1.0, 7: 2.25, 8: 2.86, 9: 1.94, 10: 1.23, 11: 0.85, 12: 0.55, 13: 0.37, 14: 0.21, 15: 0.13, 16: 0.08, 17: 0.05, 18: 0.04, 19: 0.04, 20: 0.12, 21: 0.24, 22: 0.41, 23: 0.53}}",False,15,3,10,3,2.0,13,,,6,0,0,0,0,0,0,0,6,1.0,1.0,1.0,0.0,0.0,0.0,0.0,0,0,0,0,0,0,0,0,,0,0,0,0,0,0,0,0,0.0,0,0.0,0,0.0,0.0,0,0,,
20250516_161835,rl_aca,139,,,,,,,,,,,2,1,13.4,20.9,39,600,60,80,"(6.0, 6.0)",0.71,3.0,0.26666666666666666,False,139,0.01,"{'type': 'hourly', 'hourly_rates': {0: 1.59, 1: 4.38, 2: 2.38, 3: 1.15, 4: 0.84, 5: 0.76, 6: 1.0, 7: 2.25, 8: 2.86, 9: 1.94, 10: 1.23, 11: 0.85, 12: 0.55, 13: 0.37, 14: 0.21, 15: 0.13, 16: 0.08, 17: 0.05, 18: 0.04, 19: 0.04, 20: 0.12, 21: 0.24, 22: 0.41, 23: 0.53}}",False,15,3,10,3,2.0,13,,,12,10,121.35601461757551,-121.35601461757551,7,50.43551333147184,17.336573516796502,1385.484196307862,0,0.5256724656577704,0.5256724656577704,0.5256724656577704,1.0,1.25,24.0,30.0,30.0,70.0,17.336573516796502,138.5484196307862,2,5.0,5,5,1,2,20.0,2.0,100.0,10.399991395603081,12.290369147882085,-1.8903777522790044,12.999211772105577,22.217831691052993,15.879335193763893,45.60359178195901,28.878546965869468,59.43551333147184,23.853572512476724,3,30.0,,
20250516_161835,rl_aca,140,,,,,,,,,,,2,1,13.4,20.9,39,600,60,80,"(6.0, 6.0)",0.71,3.0,0.26666666666666666,False,140,0.01,"{'type': 'hourly', 'hourly_rates': {0: 1.59, 1: 4.38, 2: 2.38, 3: 1.15, 4: 0.84, 5: 0.76, 6: 1.0, 7: 2.25, 8: 2.86, 9: 1.94, 10: 1.23, 11: 0.85, 12: 0.55, 13: 0.37, 14: 0.21, 15: 0.13, 16: 0.08, 17: 0.05, 18: 0.04, 19: 0.04, 20: 0.12, 21: 0.24, 22: 0.41, 23: 0.53}}",False,15,3,10,3,2.0,13,,,8,0,0,0,0,0,0,0,8,1.0,1.0,1.0,0.0,0.0,0.0,0.0,0,0,0,0,0,0,0,0,,0,0,0,0,0,0,0,0,0.0,0,0.0,0,0.0,0.0,0,0,,
20250516_161836,rl_aca,141,,,,,,,,,,,2,1,13.4,20.9,39,600,60,80,"(6.0, 6.0)",0.71,3.0,0.26666666666666666,False,141,0.01,"{'type': 'hourly', 'hourly_rates': {0: 1.59, 1: 4.38, 2: 2.38, 3: 1.15, 4: 0.84, 5: 0.76, 6: 1.0, 7: 2.25, 8: 2.86, 9: 1.94, 10: 1.23, 11: 0.85, 12: 0.55, 13: 0.37, 14: 0.21, 15: 0.13, 16: 0.08, 17: 0.05, 18: 0.04, 19: 0.04, 20: 0.12, 21: 0.24, 22: 0.41, 23: 0.53}}",False,15,3,10,3,2.0,13,,,15,0,0,0,0,0,0,0,15,1.0,1.0,1.0,0.0,0.0,0.0,0.0,0,0,0,0,0,0,0,0,,0,0,0,0,0,0,0,0,0.0,0,0.0,0,0.0,0.0,0,0,,
20250517_170221,aca,42,,,,,,,,,,,2,1,13.4,20.9,39,600,60,80,"(6.0, 6.0)",0.71,3.0,0.26666666666666666,False,42,0.01,"{'type': 'hourly', 'hourly_rates': {0: 1.59, 1: 4.38, 2: 2.38, 3: 1.15, 4: 0.84, 5: 0.76, 6: 1.0, 7: 2.25, 8: 2.86, 9: 1.94, 10: 1.23, 11: 0.85, 12: 0.55, 13: 0.37, 14: 0.21, 15: 0.13, 16: 0.08, 17: 0.05, 18: 0.04, 19: 0.04, 20: 0.12, 21: 0.24, 22: 0.41, 23: 0.53}}",False,15,0,0,5,4.0,13,,,11,11,39.642693041767785,-39.642693041767785,3,24.94018548847771,13.214231013922594,700.6507972446076,0,0.5125971922350657,0.5125971922350657,0.5125971922350657,1.1,1.375,26.400000000000002,33.0,72.72727272727273,27.27272727272727,13.214231013922594,63.69552702223705,2,5.5,5,6,1,0,0,0,0,0,0,0,12.86671866578355,21.33402659090094,8.406778328628365,39.56899433942601,21.273496994411918,49.94018548847771,30.70743463193318,7,63.63636363636363,,
20250517_170222,aca,43,,,,,,,,,,,2,1,13.4,20.9,39,600,60,80,"(6.0, 6.0)",0.71,3.0,0.26666666666666666,False,43,0.01,"{'type': 'hourly', 'hourly_rates': {0: 1.59, 1: 4.38, 2: 2.38, 3: 1.15, 4: 0.84, 5: 0.76, 6: 1.0, 7: 2.25, 8: 2.86, 9: 1.94, 10: 1.23, 11: 0.85, 12: 0.55, 13: 0.37, 14: 0.21, 15: 0.13, 16: 0.08, 17: 0.05, 18: 0.04, 19: 0.04, 20: 0.12, 21: 0.24, 22: 0.41, 23: 0.53}}",False,15,0,0,5,4.0,13,,,8,8,12.520618450436395,-12.520618450436395,2,10.152806915903547,6.260309225218197,687.7044236144242,0,0.4178327208858847,0.4178327208858847,0.4178327208858847,0.8,1.0,19.200000000000003,24.0,75.0,25.0,6.260309225218197,85.96305295180302,2,4.0,3,5,0,0,0,0,0,0,0,0,14.582244712669356,24.154144049648437,3.673486570609028,25.930579552337516,18.255731283278383,35.15280691590355,36.0770220098328,6,75.0,,
20250517_170222,aca,44,,,,,,,,,,,2,1,13.4,20.9,39,600,60,80,"(6.0, 6.0)",0.71,3.0,0.26666666666666666,False,44,0.01,"{'type': 'hourly', 'hourly_rates': {0: 1.59, 1: 4.38, 2: 2.38, 3: 1.15, 4: 0.84, 5: 0.76, 6: 1.0, 7: 2.25, 8: 2.86, 9: 1.94, 10: 1.23, 11: 0.85, 12: 0.55, 13: 0.37, 14: 0.21, 15: 0.13, 16: 0.08, 17: 0.05, 18: 0.04, 19: 0.04, 20: 0.12, 21: 0.24, 22: 0.41, 23: 0.53}}",False,15,0,0,5,4.0,13,,,13,10,293.87566183081327,-293.87566183081327,7,80.36085165802285,41.98223740440189,1073.44063882894,0,0.25332105916459996,0.25332105916459996,0.25332105916459996,1.0,1.25,24.0,30.0,30.0,70.0,41.98223740440189,107.344063882894,2,5.0,2,8,1,2,10.0,3.0,100.0,39.11672119838994,11.754456482209706,27.362264716180235,14.319931256557894,23.13672698726552,13.963229117539148,88.41430713371116,28.283160374097044,105.36085165802285,38.82699337798053,4,40.0,,
20250517_170223,aca,45,,,,,,,,,,,2,1,13.4,20.9,39,600,60,80,"(6.0, 6.0)",0.71,3.0,0.26666666666666666,False,45,0.01,"{'type': 'hourly', 'hourly_rates': {0: 1.59, 1: 4.38, 2: 2.38, 3: 1.15, 4: 0.84, 5: 0.76, 6: 1.0, 7: 2.25, 8: 2.86, 9: 1.94, 10: 1.23, 11: 0.85, 12: 0.55, 13: 0.37, 14: 0.21, 15: 0.13, 16: 0.08, 17: 0.05, 18: 0.04, 19: 0.04, 20: 0.12, 21: 0.24, 22: 0.41, 23: 0.53}}",False,15,0,0,5,4.0,13,,,19,13,281.69676509082774,-281.69676509082774,14,35.29458816355162,20.121197506487697,1887.5956515624173,0,0.14945315271560786,0.14945315271560786,0.14945315271560786,1.3,1.625,31.200000000000003,39.0,-7.6923076923076925,107.6923076923077,20.121197506487697,145.19966550480132,2,6.5,6,7,0,5,30.76923076923077,2.2,100.0,23.175474108835125,8.159753904088154,15.015720204746971,13.304724371807232,25.81215418832207,15.517825120538987,34.01936729389604,28.82254949234622,47.42015349479098,7.853214932887909,1,7.6923076923076925,,
20250517_170223,aca,46,,,,,,,,,,,2,1,13.4,20.9,39,600,60,80,"(6.0, 6.0)",0.71,3.0,0.26666666666666666,False,46,0.01,"{'type': 'hourly', 'hourly_rates': {0: 1.59, 1: 4.38, 2: 2.38, 3: 1.15, 4: 0.84, 5: 0.76, 6: 1.0, 7: 2.25, 8: 2.86, 9: 1.94, 10: 1.23, 11: 0.85, 12: 0.55, 13: 0.37, 14: 0.21, 15: 0.13, 16: 0.08, 17: 0.05, 18: 0.04, 19: 0.04, 20: 0.12, 21: 0.24, 22: 0.41, 23: 0.53}}",False,15,0,0,5,4.0,13,,,12,11,24.373218264282343,-24.373218264282343,4,20.647761740605887,6.093304566070586,1094.948636737366,0,0.30782295852970837,0.30782295852970837,0.30782295852970837,1.1,1.375,26.400000000000002,33.0,63.63636363636363,36.36363636363637,6.093304566070586,99.54078515794237,2,5.5,5,6,1,1,9.090909090909092,2.0,100.0,0.0,2.07429145770125,-2.07429145770125,14.322967391676395,21.61474449333633,6.216859569517497,30.402094903094167,20.539826961193896,51.64776174060589,35.30694131975625,5,45.45454545454545,,
20250517_170224,aca,47,,,,,,,,,,,2,1,13.4,20.9,39,600,60,80,"(6.0, 6.0)",0.71,3.0,0.26666666666666666,False,47,0.01,"{'type': 'hourly', 'hourly_rates': {0: 1.59, 1: 4.38, 2: 2.38, 3: 1.15, 4: 0.84, 5: 0.76, 6: 1.0, 7: 2.25, 8: 2.86, 9: 1.94, 10: 1.23, 11: 0.85, 12: 0.55, 13: 0.37, 14: 0.21, 15: 0.13, 16: 0.08, 17: 0.05, 18: 0.04, 19: 0.04, 20: 0.12, 21: 0.24, 22: 0.41, 23: 0.53}}",False,15,0,0,5,4.0,13,,,10,8,114.23092054101376,-114.23092054101376,7,32.86910029621299,16.318702934430537,867.091420255193,0,0.4029180560000885,0.4029180560000885,0.4029180560000885,0.8,1.0,19.200000000000003,24.0,12.5,87.5,16.318702934430537,108.38642753189913,2,4.0,4,4,1,2,12.5,2.5,100.0,31.371370806730226,5.374412742837042,25.996958063893185,13.44885909528555,19.664688961149693,13.129578681441801,41.37903943305281,26.578437776727352,59.86910029621299,22.535202327008342,4,50.0,,
20250517_170224,aca,48,,,,,,,,,,,2,1,13.4,20.9,39,600,60,80,"(6.0, 6.0)",0.71,3.0,0.26666666666666666,False,48,0.01,"{'type': 'hourly', 'hourly_rates': {0: 1.59, 1: 4.38, 2: 2.38, 3: 1.15, 4: 0.84, 5: 0.76, 6: 1.0, 7: 2.25, 8: 2.86, 9: 1.94, 10: 1.23, 11: 0.85, 12: 0.55, 13: 0.37, 14: 0.21, 15: 0.13, 16: 0.08, 17: 0.05, 18: 0.04, 19: 0.04, 20: 0.12, 21: 0.24, 22: 0.41, 23: 0.53}}",False,15,0,0,5,4.0,13,,,13,12,60.70724469556227,-60.70724469556227,6,19.095368828613005,10.117874115927044,1572.423753514789,0,0.18642300083022129,0.18642300083022129,0.18642300083022129,1.2,1.5,28.799999999999997,36.0,50.0,50.0,10.117874115927044,131.03531279289908,2,6.0,5,7,1,1,8.333333333333332,2.0,100.0,12.426109215231946,2.6532515137924833,9.772857701439463,14.44779020528375,26.355292018407994,5.059430869868975,21.428689795767667,19.507221075152724,37.71121380626907,22.27225746319789,4,33.33333333333333,,
20250517_170225,aca,49,,,,,,,,,,,2,1,13.4,20.9,39,600,60,80,"(6.0, 6.0)",0.71,3.0,0.26666666666666666,False,49,0.01,"{'type': 'hourly', 'hourly_rates': {0: 1.59, 1: 4.38, 2: 2.38, 3: 1.15, 4: 0.84, 5: 0.76, 6: 1.0, 7: 2.25, 8: 2.86, 9: 1.94, 10: 1.23, 11: 0.85, 12: 0.55, 13: 0.37, 14: 0.21, 15: 0.13, 16: 0.08, 17: 0.05, 18: 0.04, 19: 0.04, 20: 0.12, 21: 0.24, 22: 0.41, 23: 0.53}}",False,15,0,0,5,4.0,13,,,12,10,57.46024406647052,-57.46024406647052,5,27.55395343772534,11.492048813294105,1547.0052976254992,0,0.5484921062336238,0.5484921062336238,0.5484921062336238,1.0,1.25,24.0,30.0,50.0,50.0,11.492048813294105,154.70052976254993,2,5.0,4,6,1,2,20.0,2.0,100.0,9.531283120470476,4.033846718527592,5.497436401942885,11.235704686011113,20.03507424706629,8.33506088533937,27.589546236449905,19.570765571350485,39.55395343772534,17.731691465259928,2,20.0,,
20250517_170225,aca,50,,,,,,,,,,,2,1,13.4,20.9,39,600,60,80,"(6.0, 6.0)",0.71,3.0,0.26666666666666666,False,50,0.01,"{'type': 'hourly', 'hourly_rates': {0: 1.59, 1: 4.38, 2: 2.38, 3: 1.15, 4: 0.84, 5: 0.76, 6: 1.0, 7: 2.25, 8: 2.86, 9: 1.94, 10: 1.23, 11: 0.85, 12: 0.55, 13: 0.37, 14: 0.21, 15: 0.13, 16: 0.08, 17: 0.05, 18: 0.04, 19: 0.04, 20: 0.12, 21: 0.24, 22: 0.41, 23: 0.53}}",False,15,0,0,5,4.0,13,,,5,5,0.9984151655883693,-0.9984151655883693,1,0.9984151655883693,0.9984151655883693,533.379508980324,0,0.6782147618265476,0.6782147618265476,0.6782147618265476,0.5,0.625,12.0,15.0,80.0,20.0,0.9984151655883693,106.67590179606479,2,2.5,2,3,1,0,0,0,0,0,0,0,12.886658306960848,20.301619231550035,1.4827162679573145,3.078328266135543,14.369374574918163,20.99841516558837,11.5888485670854,3,60.0,,
20250517_170226,aca,51,,,,,,,,,,,2,1,13.4,20.9,39,600,60,80,"(6.0, 6.0)",0.71,3.0,0.26666666666666666,False,51,0.01,"{'type': 'hourly', 'hourly_rates': {0: 1.59, 1: 4.38, 2: 2.38, 3: 1.15, 4: 0.84, 5: 0.76, 6: 1.0, 7: 2.25, 8: 2.86, 9: 1.94, 10: 1.23, 11: 0.85, 12: 0.55, 13: 0.37, 14: 0.21, 15: 0.13, 16: 0.08, 17: 0.05, 18: 0.04, 19: 0.04, 20: 0.12, 21: 0.24, 22: 0.41, 23: 0.53}}",False,15,0,0,5,4.0,13,,,9,9,35.30017466904707,-35.30017466904707,3,18.32447266091839,11.766724889682356,1086.1994111666365,0,0.5082934073469108,0.5082934073469108,0.5082934073469108,0.9,1.125,21.6,27.0,66.66666666666666,33.33333333333333,11.766724889682356,120.68882346295962,2,4.5,4,5,0,0,0,0,0,0,0,0,12.76868486451527,22.93815343623038,7.763345292732295,28.38164482677621,20.532030157247565,38.41054924857656,22.527685273776513,4,44.44444444444444,,
20250517_170226,aca,52,,,,,,,,,,,2,1,13.4,20.9,39,600,60,80,"(6.0, 6.0)",0.71,3.0,0.26666666666666666,False,52,0.01,"{'type': 'hourly', 'hourly_rates': {0: 1.59, 1: 4.38, 2: 2.38, 3: 1.15, 4: 0.84, 5: 0.76, 6: 1.0, 7: 2.25, 8: 2.86, 9: 1.94, 10: 1.23, 11: 0.85, 12: 0.55, 13: 0.37, 14: 0.21, 15: 0.13, 16: 0.08, 17: 0.05, 18: 0.04, 19: 0.04, 20: 0.12, 21: 0.24, 22: 0.41, 23: 0.53}}",False,15,0,0,5,4.0,13,,,7,7,16.584093357783644,-16.584093357783644,3,13,5.528031119261215,1334.4290134914422,0,0.4950813316525161,0.4950813316525161,0.4950813316525161,0.7,0.875,16.799999999999997,21.0,57.14285714285714,42.857142857142854,5.528031119261215,190.63271621306316,2,3.5,3,4,1,1,28.57142857142857,2.0,100.0,6.649568848146302,0.6569911322982079,5.992577715848094,13.202065786747507,20.633399046563,4.871971250777675,17.309845693058193,18.074037037525184,25.299137696292597,22.848888504727455,4,57.14285714285714,,
20250517_170227,aca,53,,,,,,,,,,,2,1,13.4,20.9,39,600,60,80,"(6.0, 6.0)",0.71,3.0,0.26666666666666666,False,53,0.01,"{'type': 'hourly', 'hourly_rates': {0: 1.59, 1: 4.38, 2: 2.38, 3: 1.15, 4: 0.84, 5: 0.76, 6: 1.0, 7: 2.25, 8: 2.86, 9: 1.94, 10: 1.23, 11: 0.85, 12: 0.55, 13: 0.37, 14: 0.21, 15: 0.13, 16: 0.08, 17: 0.05, 18: 0.04, 19: 0.04, 20: 0.12, 21: 0.24, 22: 0.41, 23: 0.53}}",False,15,0,0,5,4.0,13,,,14,11,250.1495640153901,-250.1495640153901,9,63.24375273202422,27.794396001710012,1661.7176251385558,0,0.15036291970691185,0.15036291970691185,0.15036291970691185,1.1,1.375,26.400000000000002,33.0,18.181818181818183,81.81818181818183,27.794396001710012,151.06523864895962,2,5.5,3,8,0,4,36.36363636363637,2.25,100.0,25.39590263514426,1.5570832023614298,23.83881943278283,11.211015962993153,18.849314490912555,11.377584046250627,44.299876267702615,22.58860000924378,50.020735833380485,17.012946623594242,4,36.36363636363637,,
20250517_170228,aca,54,,,,,,,,,,,2,1,13.4,20.9,39,600,60,80,"(6.0, 6.0)",0.71,3.0,0.26666666666666666,False,54,0.01,"{'type': 'hourly', 'hourly_rates': {0: 1.59, 1: 4.38, 2: 2.38, 3: 1.15, 4: 0.84, 5: 0.76, 6: 1.0, 7: 2.25, 8: 2.86, 9: 1.94, 10: 1.23, 11: 0.85, 12: 0.55, 13: 0.37, 14: 0.21, 15: 0.13, 16: 0.08, 17: 0.05, 18: 0.04, 19: 0.04, 20: 0.12, 21: 0.24, 22: 0.41, 23: 0.53}}",False,15,0,0,5,4.0,13,,,9,7,113.2859995074347,-113.2859995074347,6,45.891584249823836,18.880999917905783,1372.7972193384433,0,0.5748370660328384,0.5748370660328384,0.5748370660328384,0.7,0.875,16.799999999999997,21.0,14.285714285714285,85.71428571428571,18.880999917905783,196.11388847692047,2,3.5,3,4,1,2,28.57142857142857,2.0,100.0,8.9790360359233,9.887268637152852,-0.9082326012295514,11.741663734013851,16.45476851228443,16.779026963205816,40.02399307321082,28.520690697219667,56.47876158549525,8.322250698928514,1,14.285714285714285,,
20250517_170228,aca,55,,,,,,,,,,,2,1,13.4,20.9,39,600,60,80,"(6.0, 6.0)",0.71,3.0,0.26666666666666666,False,55,0.01,"{'type': 'hourly', 'hourly_rates': {0: 1.59, 1: 4.38, 2: 2.38, 3: 1.15, 4: 0.84, 5: 0.76, 6: 1.0, 7: 2.25, 8: 2.86, 9: 1.94, 10: 1.23, 11: 0.85, 12: 0.55, 13: 0.37, 14: 0.21, 15: 0.13, 16: 0.08, 17: 0.05, 18: 0.04, 19: 0.04, 20: 0.12, 21: 0.24, 22: 0.41, 23: 0.53}}",False,15,0,0,5,4.0,13,,,11,11,187.81535845823234,-187.81535845823234,7,49.87418826053346,26.83076549403319,2087.145341356481,0,0.06978777633075103,0.06978777633075103,0.06978777633075103,1.1,1.375,26.400000000000002,33.0,36.36363636363637,63.63636363636363,26.83076549403319,189.7404855778619,2,5.5,5,6,1,1,18.181818181818183,2.0,100.0,0.0,20.868373162025815,-20.868373162025815,13.228654269974276,21.88595859026904,21.480844445232265,54.47828273489358,34.70949871520654,70.87418826053346,2.5211042269400536,1,9.090909090909092,,
20250517_170229,aca,56,,,,,,,,,,,2,1,13.4,20.9,39,600,60,80,"(6.0, 6.0)",0.71,3.0,0.26666666666666666,False,56,0.01,"{'type': 'hourly', 'hourly_rates': {0: 1.59, 1: 4.38, 2: 2.38, 3: 1.15, 4: 0.84, 5: 0.76, 6: 1.0, 7: 2.25, 8: 2.86, 9: 1.94, 10: 1.23, 11: 0.85, 12: 0.55, 13: 0.37, 14: 0.21, 15: 0.13, 16: 0.08, 17: 0.05, 18: 0.04, 19: 0.04, 20: 0.12, 21: 0.24, 22: 0.41, 23: 0.53}}",False,15,0,0,5,4.0,13,,,10,6,210.47738212136136,-210.47738212136136,7,90.13072417475408,30.068197445908766,825.9267941728765,0,0.4291657746716042,0.4291657746716042,0.4291657746716042,0.6,0.75,14.399999999999999,18.0,-16.666666666666664,116.66666666666667,30.068197445908766,137.65446569547942,2,3.0,2,4,0,4,50.0,2.25,100.0,29.04449747862098,0.0,29.04449747862098,15.534348630915703,17.904820851693955,8.663487979121829,26.640319038881017,24.19783661003753,43.7720915123968,15.136636921503907,2,33.33333333333333,,
20250517_170229,aca,57,,,,,,,,,,,2,1,13.4,20.9,39,600,60,80,"(6.0, 6.0)",0.71,3.0,0.26666666666666666,False,57,0.01,"{'type': 'hourly', 'hourly_rates': {0: 1.59, 1: 4.38, 2: 2.38, 3: 1.15, 4: 0.84, 5: 0.76, 6: 1.0, 7: 2.25, 8: 2.86, 9: 1.94, 10: 1.23, 11: 0.85, 12: 0.55, 13: 0.37, 14: 0.21, 15: 0.13, 16: 0.08, 17: 0.05, 18: 0.04, 19: 0.04, 20: 0.12, 21: 0.24, 22: 0.41, 23: 0.53}}",False,15,0,0,5,4.0,13,,,12,11,84.80173540567367,-84.80173540567367,4,55.74059191955524,21.200433851418417,1234.7837796960573,0,0.3885698160175649,0.3885698160175649,0.3885698160175649,1.1,1.375,26.400000000000002,33.0,63.63636363636363,36.36363636363637,21.200433851418417,112.25307088145975,2,5.5,5,6,1,1,9.090909090909092,2.0,100.0,9.60374330674722,7.138354322876938,2.465388983870281,12.379666160712713,18.227635137720426,10.475128185758452,64.85102060310032,22.854794346471166,76.74059191955524,41.600375130529955,6,54.54545454545454,,
20250517_170230,aca,58,,,,,,,,,,,2,1,13.4,20.9,39,600,60,80,"(6.0, 6.0)",0.71,3.0,0.26666666666666666,False,58,0.01,"{'type': 'hourly', 'hourly_rates': {0: 1.59, 1: 4.38, 2: 2.38, 3: 1.15, 4: 0.84, 5: 0.76, 6: 1.0, 7: 2.25, 8: 2.86, 9: 1.94, 10: 1.23, 11: 0.85, 12: 0.55, 13: 0.37, 14: 0.21, 15: 0.13, 16: 0.08, 17: 0.05, 18: 0.04, 19: 0.04, 20: 0.12, 21: 0.24, 22: 0.41, 23: 0.53}}",False,15,0,0,5,4.0,13,,,15,13,180.84537437294597,-180.84537437294597,6,54.409623076099024,30.14089572882433,1468.5884375643266,0,0.5559089306479402,0.5559089306479402,0.5559089306479402,1.3,1.625,31.200000000000003,39.0,53.84615384615385,46.15384615384615,30.14089572882433,112.96834135110204,2,6.5,6,7,0,3,30.76923076923077,2.0,100.0,20.91906793477449,3.142865334226662,17.776202600547826,10.14835990045416,14.602652880719859,11.409798994594901,35.85574572949935,21.558158895049058,49.409623076099024,7.629531651831705,3,23.076923076923077,,
20250517_170230,aca,59,,,,,,,,,,,2,1,13.4,20.9,39,600,60,80,"(6.0, 6.0)",0.71,3.0,0.26666666666666666,False,59,0.01,"{'type': 'hourly', 'hourly_rates': {0: 1.59, 1: 4.38, 2: 2.38, 3: 1.15, 4: 0.84, 5: 0.76, 6: 1.0, 7: 2.25, 8: 2.86, 9: 1.94, 10: 1.23, 11: 0.85, 12: 0.55, 13: 0.37, 14: 0.21, 15: 0.13, 16: 0.08, 17: 0.05, 18: 0.04, 19: 0.04, 20: 0.12, 21: 0.24, 22: 0.41, 23: 0.53}}",False,15,0,0,5,4.0,13,,,17,13,426.6316742158727,-426.6316742158727,10,74.8134168809784,42.66316742158727,1396.4718653631262,0,0.23432523452513296,0.23432523452513296,0.23432523452513296,1.3,1.625,31.200000000000003,39.0,23.076923076923077,76.92307692307693,42.66316742158727,107.42091272024048,2,6.5,5,8,1,5,30.76923076923077,2.2,100.0,33.56642400189436,10.503265119781892,23.063158882112468,12.402326484334349,18.2773929406236,18.651759893201604,63.590728005427536,31.054086377535953,76.9916655318886,17.189853634670854,4,30.76923076923077,,
20250517_170231,aca,60,,,,,,,,,,,2,1,13.4,20.9,39,600,60,80,"(6.0, 6.0)",0.71,3.0,0.26666666666666666,False,60,0.01,"{'type': 'hourly', 'hourly_rates': {0: 1.59, 1: 4.38, 2: 2.38, 3: 1.15, 4: 0.84, 5: 0.76, 6: 1.0, 7: 2.25, 8: 2.86, 9: 1.94, 10: 1.23, 11: 0.85, 12: 0.55, 13: 0.37, 14: 0.21, 15: 0.13, 16: 0.08, 17: 0.05, 18: 0.04, 19: 0.04, 20: 0.12, 21: 0.24, 22: 0.41, 23: 0.53}}",False,15,0,0,5,4.0,13,,,7,7,13.416446474629481,-13.416446474629481,1,13.416446474629481,13.416446474629481,643.5138299525388,0,0.4605292318759108,0.4605292318759108,0.4605292318759108,0.7,0.875,16.799999999999997,21.0,85.71428571428571,14.285714285714285,13.416446474629481,91.93054713607697,2,3.5,1,6,0,0,0,0,0,0,0,0,12.656601682931418,18.85002114693401,3.735225043978878,16.56642532769547,16.391826726910296,35.41644647462948,31.680516638995968,4,57.14285714285714,,
20250517_170231,aca,61,,,,,,,,,,,2,1,13.4,20.9,39,600,60,80,"(6.0, 6.0)",0.71,3.0,0.26666666666666666,False,61,0.01,"{'type': 'hourly', 'hourly_rates': {0: 1.59, 1: 4.38, 2: 2.38, 3: 1.15, 4: 0.84, 5: 0.76, 6: 1.0, 7: 2.25, 8: 2.86, 9: 1.94, 10: 1.23, 11: 0.85, 12: 0.55, 13: 0.37, 14: 0.21, 15: 0.13, 16: 0.08, 17: 0.05, 18: 0.04, 19: 0.04, 20: 0.12, 21: 0.24, 22: 0.41, 23: 0.53}}",False,15,0,0,5,4.0,13,,,12,12,27.479546118382473,-27.479546118382473,3,12.474371593206712,9.159848706127491,580.9571509348042,0,0.25385037915185954,0.25385037915185954,0.25385037915185954,1.2,1.5,28.799999999999997,36.0,75.0,25.0,9.159848706127491,48.41309591123368,2,6.0,5,7,1,1,16.666666666666664,2.0,100.0,7.5025872625878804,1.2474371593206712,6.255150103267209,11.599429616835602,18.014898570393513,7.293556549301115,32.16509664308958,18.89298616613672,37.47437159320671,36.30708539265783,4,33.33333333333333,,
20250517_170232,aca,62,,,,,,,,,,,2,1,13.4,20.9,39,600,60,80,"(6.0, 6.0)",0.71,3.0,0.26666666666666666,False,62,0.01,"{'type': 'hourly', 'hourly_rates': {0: 1.59, 1: 4.38, 2: 2.38, 3: 1.15, 4: 0.84, 5: 0.76, 6: 1.0, 7: 2.25, 8: 2.86, 9: 1.94, 10: 1.23, 11: 0.85, 12: 0.55, 13: 0.37, 14: 0.21, 15: 0.13, 16: 0.08, 17: 0.05, 18: 0.04, 19: 0.04, 20: 0.12, 21: 0.24, 22: 0.41, 23: 0.53}}",False,15,0,0,5,4.0,13,,,11,9,166.38749054348028,-166.38749054348028,9,49.02723442500576,18.487498949275587,1510.5273487270993,0,0.4535421533788605,0.4535421533788605,0.4535421533788605,0.9,1.125,21.6,27.0,0.0,100.0,18.487498949275587,167.8363720807888,2,4.5,4,5,1,3,44.44444444444444,2.0,100.0,16.34445628461579,6.42912600482652,9.915330279789272,11.904809338474788,21.41563357030668,14.758805228600892,37.23487616844497,26.66361456707568,47.44608400927322,16.47245990385741,2,22.22222222222222,,
20250517_170233,aca,63,,,,,,,,,,,2,1,13.4,20.9,39,600,60,80,"(6.0, 6.0)",0.71,3.0,0.26666666666666666,False,63,0.01,"{'type': 'hourly', 'hourly_rates': {0: 1.59, 1: 4.38, 2: 2.38, 3: 1.15, 4: 0.84, 5: 0.76, 6: 1.0, 7: 2.25, 8: 2.86, 9: 1.94, 10: 1.23, 11: 0.85, 12: 0.55, 13: 0.37, 14: 0.21, 15: 0.13, 16: 0.08, 17: 0.05, 18: 0.04, 19: 0.04, 20: 0.12, 21: 0.24, 22: 0.41, 23: 0.53}}",False,15,0,0,5,4.0,13,,,12,10,151.61383114179225,-151.61383114179225,6,50.92206777906402,25.268971856965376,1375.4992523293254,0,0.2237658336117207,0.2237658336117207,0.2237658336117207,1.0,1.25,24.0,30.0,40.0,60.0,25.268971856965376,137.54992523293254,2,5.0,2,8,0,4,40.0,2.25,100.0,23.93782165929096,0.0,23.93782165929096,14.182044309113843,18.535051709784028,10.362589762931448,41.20527874274504,24.54463407204529,59.1817336951633,15.235542467647804,4,40.0,,
20250517_170234,aca,64,,,,,,,,,,,2,1,13.4,20.9,39,600,60,80,"(6.0, 6.0)",0.71,3.0,0.26666666666666666,False,64,0.01,"{'type': 'hourly', 'hourly_rates': {0: 1.59, 1: 4.38, 2: 2.38, 3: 1.15, 4: 0.84, 5: 0.76, 6: 1.0, 7: 2.25, 8: 2.86, 9: 1.94, 10: 1.23, 11: 0.85, 12: 0.55, 13: 0.37, 14: 0.21, 15: 0.13, 16: 0.08, 17: 0.05, 18: 0.04, 19: 0.04, 20: 0.12, 21: 0.24, 22: 0.41, 23: 0.53}}",False,15,0,0,5,4.0,13,,,16,8,1204.131966300073,-1204.1319663000731,14,184.33037744154905,86.00942616429093,2557.8914730695706,0,0.036492232385138205,0.036492232385138205,0.036492232385138205,0.8,1.0,19.200000000000003,24.0,-75.0,175.0,86.00942616429093,319.7364341336963,2,4.0,2,6,0,8,62.5,2.625,100.0,75.42125265648136,3.047550771323818,72.37370188515754,10.027500801538592,18.468071783869842,38.12024581075855,115.23484995820621,48.14774661229714,122.89695182979574,9.468071783869842,1,12.5,,
20250517_170234,aca,65,,,,,,,,,,,2,1,13.4,20.9,39,600,60,80,"(6.0, 6.0)",0.71,3.0,0.26666666666666666,False,65,0.01,"{'type': 'hourly', 'hourly_rates': {0: 1.59, 1: 4.38, 2: 2.38, 3: 1.15, 4: 0.84, 5: 0.76, 6: 1.0, 7: 2.25, 8: 2.86, 9: 1.94, 10: 1.23, 11: 0.85, 12: 0.55, 13: 0.37, 14: 0.21, 15: 0.13, 16: 0.08, 17: 0.05, 18: 0.04, 19: 0.04, 20: 0.12, 21: 0.24, 22: 0.41, 23: 0.53}}",False,15,0,0,5,4.0,13,,,17,15,66.16689887227264,-66.16689887227264,6,21.969680515423505,11.027816478712106,1192.8760144057774,0,0.33955363631752594,0.33955363631752594,0.33955363631752594,1.5,1.875,36.0,45.0,60.0,40.0,11.027816478712106,79.52506762705183,2,7.5,6,9,0,2,13.333333333333334,2.0,100.0,10.984840257711753,2.4937828055623843,8.491057452149368,12.179395430526398,24.14162089048675,8.58281628886822,31.27752535240876,20.762211719394617,35.969680515423505,22.870231728649145,4,26.666666666666668,,
20250517_170235,aca,66,,,,,,,,,,,2,1,13.4,20.9,39,600,60,80,"(6.0, 6.0)",0.71,3.0,0.26666666666666666,False,66,0.01,"{'type': 'hourly', 'hourly_rates': {0: 1.59, 1: 4.38, 2: 2.38, 3: 1.15, 4: 0.84, 5: 0.76, 6: 1.0, 7: 2.25, 8: 2.86, 9: 1.94, 10: 1.23, 11: 0.85, 12: 0.55, 13: 0.37, 14: 0.21, 15: 0.13, 16: 0.08, 17: 0.05, 18: 0.04, 19: 0.04, 20: 0.12, 21: 0.24, 22: 0.41, 23: 0.53}}",False,15,0,0,5,4.0,13,,,16,14,128.08436259928544,-128.08436259928544,8,35.523310943937986,16.01054532491068,1173.0729338912108,0,0.3887537347605795,0.3887537347605795,0.3887537347605795,1.4,1.75,33.599999999999994,42.0,42.857142857142854,57.14285714285714,16.01054532491068,83.7909238493722,2,7.0,6,8,1,2,14.285714285714285,2.0,100.0,19.18297612593591,4.902578842767483,14.280397283168426,13.54275212697107,21.51278231748637,12.761987295829462,50.35858467218566,26.304739422800534,58.523310943937986,33.52212151614081,4,28.57142857142857,,
20250517_170236,aca,67,,,,,,,,,,,2,1,13.4,20.9,39,600,60,80,"(6.0, 6.0)",0.71,3.0,0.26666666666666666,False,67,0.01,"{'type': 'hourly', 'hourly_rates': {0: 1.59, 1: 4.38, 2: 2.38, 3: 1.15, 4: 0.84, 5: 0.76, 6: 1.0, 7: 2.25, 8: 2.86, 9: 1.94, 10: 1.23, 11: 0.85, 12: 0.55, 13: 0.37, 14: 0.21, 15: 0.13, 16: 0.08, 17: 0.05, 18: 0.04, 19: 0.04, 20: 0.12, 21: 0.24, 22: 0.41, 23: 0.53}}",False,15,0,0,5,4.0,13,,,10,9,63.26947459794464,-63.26947459794464,4,27.24773227978318,15.81736864948616,1063.0231660606198,0,0.2146431959442093,0.2146431959442093,0.2146431959442093,0.9,1.125,21.6,27.0,55.55555555555556,44.44444444444444,15.81736864948616,118.11368511784664,2,4.5,2,7,0,1,11.11111111111111,2.0,100.0,27.24773227978318,2.6121046750415076,24.63562760474167,10.421994748997706,18.62925187589079,10.315764214814173,26.394882072857683,20.73775896381188,38.16633403787897,11.166570383762153,2,22.22222222222222,,
20250517_170236,aca,68,,,,,,,,,,,2,1,13.4,20.9,39,600,60,80,"(6.0, 6.0)",0.71,3.0,0.26666666666666666,False,68,0.01,"{'type': 'hourly', 'hourly_rates': {0: 1.59, 1: 4.38, 2: 2.38, 3: 1.15, 4: 0.84, 5: 0.76, 6: 1.0, 7: 2.25, 8: 2.86, 9: 1.94, 10: 1.23, 11: 0.85, 12: 0.55, 13: 0.37, 14: 0.21, 15: 0.13, 16: 0.08, 17: 0.05, 18: 0.04, 19: 0.04, 20: 0.12, 21: 0.24, 22: 0.41, 23: 0.53}}",False,15,0,0,5,4.0,13,,,12,10,192.43621692500824,-192.43621692500824,7,79.01017593465627,27.490888132144033,1665.2755421595095,0,0.1753666999883562,0.1753666999883562,0.1753666999883562,1.0,1.25,24.0,30.0,30.0,70.0,27.490888132144033,166.52755421595094,2,5.0,4,6,1,4,50.0,2.0,100.0,31.62586228969486,0.0,31.62586228969486,13.733650751984976,23.555211437256304,16.669046384550203,91.74054788284607,30.402697136535174,106.01017593465627,10.345401161053722,3,30.0,,
20250517_170237,aca,69,,,,,,,,,,,2,1,13.4,20.9,39,600,60,80,"(6.0, 6.0)",0.71,3.0,0.26666666666666666,False,69,0.01,"{'type': 'hourly', 'hourly_rates': {0: 1.59, 1: 4.38, 2: 2.38, 3: 1.15, 4: 0.84, 5: 0.76, 6: 1.0, 7: 2.25, 8: 2.86, 9: 1.94, 10: 1.23, 11: 0.85, 12: 0.55, 13: 0.37, 14: 0.21, 15: 0.13, 16: 0.08, 17: 0.05, 18: 0.04, 19: 0.04, 20: 0.12, 21: 0.24, 22: 0.41, 23: 0.53}}",False,15,0,0,5,4.0,13,,,13,11,207.61548517726376,-207.61548517726376,7,79.86152271118965,29.659355025323396,1581.4992680391483,0,0.3173937942076235,0.3173937942076235,0.3173937942076235,1.1,1.375,26.400000000000002,33.0,36.36363636363637,63.63636363636363,29.659355025323396,143.77266073083166,2,5.5,5,6,0,2,9.090909090909092,2.5,100.0,40.258070887854586,11.642909218728724,28.61516166912586,12.804363780187048,21.412870900379062,15.860258860033507,94.61748473136572,28.664622640220557,100.86152271118965,18.22222036639639,4,36.36363636363637,,
20250517_170237,aca,70,,,,,,,,,,,2,1,13.4,20.9,39,600,60,80,"(6.0, 6.0)",0.71,3.0,0.26666666666666666,False,70,0.01,"{'type': 'hourly', 'hourly_rates': {0: 1.59, 1: 4.38, 2: 2.38, 3: 1.15, 4: 0.84, 5: 0.76, 6: 1.0, 7: 2.25, 8: 2.86, 9: 1.94, 10: 1.23, 11: 0.85, 12: 0.55, 13: 0.37, 14: 0.21, 15: 0.13, 16: 0.08, 17: 0.05, 18: 0.04, 19: 0.04, 20: 0.12, 21: 0.24, 22: 0.41, 23: 0.53}}",False,15,0,0,5,4.0,13,,,16,10,558.8291698071688,-558.8291698071688,14,87.28974655765379,39.91636927194063,1829.6677361163,0,0.062240672307707676,0.062240672307707676,0.062240672307707676,1.0,1.25,24.0,30.0,-40.0,140.0,39.91636927194063,182.96677361163,2,5.0,5,5,1,6,60.0,2.0,100.0,41.83636660061766,18.25513018936544,23.58123641125222,13.110825135412885,18.32225240464109,29.659412541730166,78.62370938990108,42.770237677143044,90.07980429615725,14.083243349479641,1,10.0,,
20250517_170238,aca,71,,,,,,,,,,,2,1,13.4,20.9,39,600,60,80,"(6.0, 6.0)",0.71,3.0,0.26666666666666666,False,71,0.01,"{'type': 'hourly', 'hourly_rates': {0: 1.59, 1: 4.38, 2: 2.38, 3: 1.15, 4: 0.84, 5: 0.76, 6: 1.0, 7: 2.25, 8: 2.86, 9: 1.94, 10: 1.23, 11: 0.85, 12: 0.55, 13: 0.37, 14: 0.21, 15: 0.13, 16: 0.08, 17: 0.05, 18: 0.04, 19: 0.04, 20: 0.12, 21: 0.24, 22: 0.41, 23: 0.53}}",False,15,0,0,5,4.0,13,,,16,13,377.9387316018875,-377.9387316018875,13,95.0123203236912,29.072210123222117,3081.6499138099766,0,0.18927832449502366,0.18927832449502366,0.18927832449502366,1.3,1.625,31.200000000000003,39.0,0.0,100.0,29.072210123222117,237.0499933699982,2,6.5,6,7,1,5,38.46153846153847,2.2,100.0,36.74035611891312,7.708344690166809,29.03201142874631,12.86901823957285,18.318694775793574,18.90012438286022,87.86227777107203,31.76914262243307,102.0123203236912,9.179568667072658,3,23.076923076923077,,
20250517_170238,aca,72,,,,,,,,,,,2,1,13.4,20.9,39,600,60,80,"(6.0, 6.0)",0.71,3.0,0.26666666666666666,False,72,0.01,"{'type': 'hourly', 'hourly_rates': {0: 1.59, 1: 4.38, 2: 2.38, 3: 1.15, 4: 0.84, 5: 0.76, 6: 1.0, 7: 2.25, 8: 2.86, 9: 1.94, 10: 1.23, 11: 0.85, 12: 0.55, 13: 0.37, 14: 0.21, 15: 0.13, 16: 0.08, 17: 0.05, 18: 0.04, 19: 0.04, 20: 0.12, 21: 0.24, 22: 0.41, 23: 0.53}}",False,15,0,0,5,4.0,13,,,11,11,26.501308898720993,-26.501308898720993,2,22.359978285638533,13.250654449360496,1098.9089412885298,0,0.2543013234597335,0.2543013234597335,0.2543013234597335,1.1,1.375,26.400000000000002,33.0,81.81818181818183,18.181818181818183,13.250654449360496,99.9008128444118,2,5.5,4,7,0,0,0,0,0,0,0,0,13.2064113190443,20.962578643474387,5.574950678111637,21.730225783682954,18.78136199715594,40.35997828563853,17.902627727532902,4,36.36363636363637,,
20250517_170239,aca,73,,,,,,,,,,,2,1,13.4,20.9,39,600,60,80,"(6.0, 6.0)",0.71,3.0,0.26666666666666666,False,73,0.01,"{'type': 'hourly', 'hourly_rates': {0: 1.59, 1: 4.38, 2: 2.38, 3: 1.15, 4: 0.84, 5: 0.76, 6: 1.0, 7: 2.25, 8: 2.86, 9: 1.94, 10: 1.23, 11: 0.85, 12: 0.55, 13: 0.37, 14: 0.21, 15: 0.13, 16: 0.08, 17: 0.05, 18: 0.04, 19: 0.04, 20: 0.12, 21: 0.24, 22: 0.41, 23: 0.53}}",False,15,0,0,5,4.0,13,,,15,12,208.0025619494826,-208.0025619494826,9,53.81801040160249,23.111395772164734,1287.0246369019515,0,0.1933992598487189,0.1933992598487189,0.1933992598487189,1.2,1.5,28.799999999999997,36.0,25.0,75.0,23.111395772164734,107.25205307516262,2,6.0,6,6,0,4,33.33333333333333,2.25,100.0,16.258859419729344,6.7557986283133715,9.503060791415972,14.62637299879605,24.987670002712193,10.247164474042332,36.87762356340913,24.873537472838382,48.83516342541678,43.00178308976368,4,33.33333333333333,,
20250517_170240,aca,74,,,,,,,,,,,2,1,13.4,20.9,39,600,60,80,"(6.0, 6.0)",0.71,3.0,0.26666666666666666,False,74,0.01,"{'type': 'hourly', 'hourly_rates': {0: 1.59, 1: 4.38, 2: 2.38, 3: 1.15, 4: 0.84, 5: 0.76, 6: 1.0, 7: 2.25, 8: 2.86, 9: 1.94, 10: 1.23, 11: 0.85, 12: 0.55, 13: 0.37, 14: 0.21, 15: 0.13, 16: 0.08, 17: 0.05, 18: 0.04, 19: 0.04, 20: 0.12, 21: 0.24, 22: 0.41, 23: 0.53}}",False,15,0,0,5,4.0,13,,,15,10,330.1837541099337,-330.18375410993366,12,85.55919081468372,27.515312842494478,1292.4176071185007,0,0.3024329854810634,0.3024329854810634,0.3024329854810634,1.0,1.25,24.0,30.0,-20.0,120.0,27.515312842494478,129.24176071185008,2,5.0,4,6,1,6,40.0,2.3333333333333335,100.0,27.011009096739805,3.1121703148763373,23.898838781863468,14.97259080133326,22.871027864788857,11.431664350967452,42.98064298131018,26.40425515230071,51.45522561515091,34.70354635193312,4,40.0,,
20250517_170240,aca,75,,,,,,,,,,,2,1,13.4,20.9,39,600,60,80,"(6.0, 6.0)",0.71,3.0,0.26666666666666666,False,75,0.01,"{'type': 'hourly', 'hourly_rates': {0: 1.59, 1: 4.38, 2: 2.38, 3: 1.15, 4: 0.84, 5: 0.76, 6: 1.0, 7: 2.25, 8: 2.86, 9: 1.94, 10: 1.23, 11: 0.85, 12: 0.55, 13: 0.37, 14: 0.21, 15: 0.13, 16: 0.08, 17: 0.05, 18: 0.04, 19: 0.04, 20: 0.12, 21: 0.24, 22: 0.41, 23: 0.53}}",False,15,0,0,5,4.0,13,,,12,10,171.92475654125496,-171.92475654125496,6,49.584917392891214,28.65412609020916,1412.8699039663766,0,0.6187026245710269,0.6187026245710269,0.6187026245710269,1.0,1.25,24.0,30.0,40.0,60.0,28.65412609020916,141.28699039663766,2,5.0,5,5,1,2,20.0,2.0,100.0,35.580033944543544,7.420216588895514,28.15981735564803,13.758773690765352,18.87484274895189,12.172776824062085,40.188334937834156,25.93155051482744,56.71211044067206,13.251712728154681,4,40.0,,
20250517_170241,aca,76,,,,,,,,,,,2,1,13.4,20.9,39,600,60,80,"(6.0, 6.0)",0.71,3.0,0.26666666666666666,False,76,0.01,"{'type': 'hourly', 'hourly_rates': {0: 1.59, 1: 4.38, 2: 2.38, 3: 1.15, 4: 0.84, 5: 0.76, 6: 1.0, 7: 2.25, 8: 2.86, 9: 1.94, 10: 1.23, 11: 0.85, 12: 0.55, 13: 0.37, 14: 0.21, 15: 0.13, 16: 0.08, 17: 0.05, 18: 0.04, 19: 0.04, 20: 0.12, 21: 0.24, 22: 0.41, 23: 0.53}}",False,15,0,0,5,4.0,13,,,6,6,28.36890585807359,-28.36890585807359,3,11.166482327598715,9.456301952691197,680.2128693182892,0,0.5618171533490248,0.5618171533490248,0.5618171533490248,0.6,0.75,14.399999999999999,18.0,50.0,50.0,9.456301952691197,113.3688115530482,2,3.0,2,4,1,0,0,0,0,0,0,0,13.241652385065764,17.571003546104652,9.579301407023125,20.0275165575718,22.82095379208889,32.14197325323951,9.724286668071063,2,33.33333333333333,,
20250517_170241,aca,77,,,,,,,,,,,2,1,13.4,20.9,39,600,60,80,"(6.0, 6.0)",0.71,3.0,0.26666666666666666,False,77,0.01,"{'type': 'hourly', 'hourly_rates': {0: 1.59, 1: 4.38, 2: 2.38, 3: 1.15, 4: 0.84, 5: 0.76, 6: 1.0, 7: 2.25, 8: 2.86, 9: 1.94, 10: 1.23, 11: 0.85, 12: 0.55, 13: 0.37, 14: 0.21, 15: 0.13, 16: 0.08, 17: 0.05, 18: 0.04, 19: 0.04, 20: 0.12, 21: 0.24, 22: 0.41, 23: 0.53}}",False,15,0,0,5,4.0,13,,,20,14,255.29577820505634,-255.29577820505634,12,44.88513002630191,21.274648183754696,2535.953822571001,0,0.11891689070444073,0.11891689070444073,0.11891689070444073,1.4,1.75,33.599999999999994,42.0,14.285714285714285,85.71428571428571,21.274648183754696,181.1395587550715,2,7.0,5,9,0,4,14.285714285714285,2.25,100.0,29.87335363003436,7.842122264430851,22.031231365603507,12.147445196999671,18.83302955267561,15.534473901701775,44.83440225912682,27.681919098701446,56.88513002630191,12.976765285499608,3,21.428571428571427,,
20250517_170242,aca,78,,,,,,,,,,,2,1,13.4,20.9,39,600,60,80,"(6.0, 6.0)",0.71,3.0,0.26666666666666666,False,78,0.01,"{'type': 'hourly', 'hourly_rates': {0: 1.59, 1: 4.38, 2: 2.38, 3: 1.15, 4: 0.84, 5: 0.76, 6: 1.0, 7: 2.25, 8: 2.86, 9: 1.94, 10: 1.23, 11: 0.85, 12: 0.55, 13: 0.37, 14: 0.21, 15: 0.13, 16: 0.08, 17: 0.05, 18: 0.04, 19: 0.04, 20: 0.12, 21: 0.24, 22: 0.41, 23: 0.53}}",False,15,0,0,5,4.0,13,,,7,6,149.37389576584084,-149.37389576584084,5,97.2727910408189,29.87477915316817,1500.1148154756231,0,0.3568535106481818,0.3568535106481818,0.3568535106481818,0.6,0.75,14.399999999999999,18.0,16.666666666666664,83.33333333333334,29.87477915316817,250.01913591260384,2,3.0,2,4,0,1,16.666666666666664,2.0,100.0,10.040432772307895,8.412134390542809,1.6282983817650862,13.506997709194069,16.9619316504797,10.663362287586018,26.909889963802286,24.17035999678009,43.066006200701054,2.377898511775811,1,16.666666666666664,,
20250517_170242,aca,79,,,,,,,,,,,2,1,13.4,20.9,39,600,60,80,"(6.0, 6.0)",0.71,3.0,0.26666666666666666,False,79,0.01,"{'type': 'hourly', 'hourly_rates': {0: 1.59, 1: 4.38, 2: 2.38, 3: 1.15, 4: 0.84, 5: 0.76, 6: 1.0, 7: 2.25, 8: 2.86, 9: 1.94, 10: 1.23, 11: 0.85, 12: 0.55, 13: 0.37, 14: 0.21, 15: 0.13, 16: 0.08, 17: 0.05, 18: 0.04, 19: 0.04, 20: 0.12, 21: 0.24, 22: 0.41, 23: 0.53}}",False,15,0,0,5,4.0,13,,,17,15,184.4268631386002,-184.4268631386002,9,55.87157069504981,20.49187368206669,1630.1413384419036,0,0.20054423109219396,0.20054423109219396,0.20054423109219396,1.5,1.875,36.0,45.0,40.0,60.0,20.49187368206669,108.67608922946025,2,7.5,7,8,1,2,13.333333333333334,2.0,100.0,15.710927388254163,8.75506747821398,6.955859910040182,13.103107718291167,20.595990981159446,13.697246603833095,62.67795689432319,26.80035432212426,75.87157069504981,22.906746209439802,4,26.666666666666668,,
20250517_170243,aca,80,,,,,,,,,,,2,1,13.4,20.9,39,600,60,80,"(6.0, 6.0)",0.71,3.0,0.26666666666666666,False,80,0.01,"{'type': 'hourly', 'hourly_rates': {0: 1.59, 1: 4.38, 2: 2.38, 3: 1.15, 4: 0.84, 5: 0.76, 6: 1.0, 7: 2.25, 8: 2.86, 9: 1.94, 10: 1.23, 11: 0.85, 12: 0.55, 13: 0.37, 14: 0.21, 15: 0.13, 16: 0.08, 17: 0.05, 18: 0.04, 19: 0.04, 20: 0.12, 21: 0.24, 22: 0.41, 23: 0.53}}",False,15,0,0,5,4.0,13,,,16,12,232.84501931789742,-232.84501931789742,10,90.42824574409786,23.28450193178974,1304.453865470374,0,0.30468306236077475,0.30468306236077475,0.30468306236077475,1.2,1.5,28.799999999999997,36.0,16.666666666666664,83.33333333333334,23.28450193178974,108.70448878919784,2,6.0,4,8,0,5,41.66666666666667,2.2,100.0,15.121417911922691,14.728088790404042,0.39332912151864896,15.084459986074092,28.84741953073518,16.624287995746865,106.0401576236039,31.708747981820952,112.42824574409786,39.891605378552555,5,41.66666666666667,,
20250517_170243,aca,81,,,,,,,,,,,2,1,13.4,20.9,39,600,60,80,"(6.0, 6.0)",0.71,3.0,0.26666666666666666,False,81,0.01,"{'type': 'hourly', 'hourly_rates': {0: 1.59, 1: 4.38, 2: 2.38, 3: 1.15, 4: 0.84, 5: 0.76, 6: 1.0, 7: 2.25, 8: 2.86, 9: 1.94, 10: 1.23, 11: 0.85, 12: 0.55, 13: 0.37, 14: 0.21, 15: 0.13, 16: 0.08, 17: 0.05, 18: 0.04, 19: 0.04, 20: 0.12, 21: 0.24, 22: 0.41, 23: 0.53}}",False,15,0,0,5,4.0,13,,,8,8,14.587783190215816,-14.587783190215816,3,7.602219417748529,4.862594396738605,836.8508749020335,0,0.5306982199091507,0.5306982199091507,0.5306982199091507,0.8,1.0,19.200000000000003,24.0,62.5,37.5,4.862594396738605,104.60635936275419,2,4.0,3,5,1,0,0,0,0,0,0,0,13.184690569275062,22.674632683380082,5.4618184199565745,20.451642983586737,18.646508989231638,33.60221941774853,27.978035562677324,3,37.5,,
20250517_170244,aca,82,,,,,,,,,,,2,1,13.4,20.9,39,600,60,80,"(6.0, 6.0)",0.71,3.0,0.26666666666666666,False,82,0.01,"{'type': 'hourly', 'hourly_rates': {0: 1.59, 1: 4.38, 2: 2.38, 3: 1.15, 4: 0.84, 5: 0.76, 6: 1.0, 7: 2.25, 8: 2.86, 9: 1.94, 10: 1.23, 11: 0.85, 12: 0.55, 13: 0.37, 14: 0.21, 15: 0.13, 16: 0.08, 17: 0.05, 18: 0.04, 19: 0.04, 20: 0.12, 21: 0.24, 22: 0.41, 23: 0.53}}",False,15,0,0,5,4.0,13,,,12,12,81.12795815822142,-81.12795815822142,4,40.34129517707214,20.281989539555354,1119.158819103474,0,0.5605614824748957,0.5605614824748957,0.5605614824748957,1.2,1.5,28.799999999999997,36.0,66.66666666666666,33.33333333333333,20.281989539555354,93.2632349252895,2,6.0,4,8,0,1,16.666666666666664,2.0,100.0,5.375264111057788,7.037742993610584,-1.6624788825527954,13.22977340449698,18.207457470191514,12.221338779811655,51.386644877923175,25.45111218430863,69.34129517707214,23.863866394733357,5,41.66666666666667,,
20250517_170245,aca,83,,,,,,,,,,,2,1,13.4,20.9,39,600,60,80,"(6.0, 6.0)",0.71,3.0,0.26666666666666666,False,83,0.01,"{'type': 'hourly', 'hourly_rates': {0: 1.59, 1: 4.38, 2: 2.38, 3: 1.15, 4: 0.84, 5: 0.76, 6: 1.0, 7: 2.25, 8: 2.86, 9: 1.94, 10: 1.23, 11: 0.85, 12: 0.55, 13: 0.37, 14: 0.21, 15: 0.13, 16: 0.08, 17: 0.05, 18: 0.04, 19: 0.04, 20: 0.12, 21: 0.24, 22: 0.41, 23: 0.53}}",False,15,0,0,5,4.0,13,,,14,9,414.6410454339933,-414.6410454339933,9,60.170163344062075,46.0712272704437,1259.7351033732887,0,0.32988701870787945,0.32988701870787945,0.32988701870787945,0.9,1.125,21.6,27.0,0.0,100.0,46.0712272704437,139.97056704147653,2,4.5,4,5,0,8,55.55555555555556,2.625,100.0,37.87220695550957,0.0,37.87220695550957,13.038288670463961,20.411036619882765,17.383114263775557,49.462138745343594,30.42140293423952,64.58294705995343,18.90030585836408,4,44.44444444444444,,
20250517_170245,aca,84,,,,,,,,,,,2,1,13.4,20.9,39,600,60,80,"(6.0, 6.0)",0.71,3.0,0.26666666666666666,False,84,0.01,"{'type': 'hourly', 'hourly_rates': {0: 1.59, 1: 4.38, 2: 2.38, 3: 1.15, 4: 0.84, 5: 0.76, 6: 1.0, 7: 2.25, 8: 2.86, 9: 1.94, 10: 1.23, 11: 0.85, 12: 0.55, 13: 0.37, 14: 0.21, 15: 0.13, 16: 0.08, 17: 0.05, 18: 0.04, 19: 0.04, 20: 0.12, 21: 0.24, 22: 0.41, 23: 0.53}}",False,15,0,0,5,4.0,13,,,12,10,271.3616568852537,-271.36165688525375,11,83.58467326678628,24.669241535023062,2860.7893166514823,0,0.14104358450515578,0.14104358450515578,0.14104358450515578,1.0,1.25,24.0,30.0,-10.0,110.00000000000001,24.669241535023062,286.0789316651482,2,5.0,4,6,0,2,20.0,2.0,100.0,47.04751628257988,10.692733243978445,36.35478303860143,12.150161845785266,24.784322038411844,16.031628161632494,46.698685995279206,28.18179000741776,55.02080383343193,11.80091918181516,3,30.0,,
20250517_170246,aca,85,,,,,,,,,,,2,1,13.4,20.9,39,600,60,80,"(6.0, 6.0)",0.71,3.0,0.26666666666666666,False,85,0.01,"{'type': 'hourly', 'hourly_rates': {0: 1.59, 1: 4.38, 2: 2.38, 3: 1.15, 4: 0.84, 5: 0.76, 6: 1.0, 7: 2.25, 8: 2.86, 9: 1.94, 10: 1.23, 11: 0.85, 12: 0.55, 13: 0.37, 14: 0.21, 15: 0.13, 16: 0.08, 17: 0.05, 18: 0.04, 19: 0.04, 20: 0.12, 21: 0.24, 22: 0.41, 23: 0.53}}",False,15,0,0,5,4.0,13,,,14,10,312.9552586289013,-312.9552586289013,9,82.38875969492852,34.77280651432236,1352.51034911321,0,0.23246991855155766,0.23246991855155766,0.23246991855155766,1.0,1.25,24.0,30.0,10.0,90.0,34.77280651432236,135.251034911321,2,5.0,4,6,0,6,40.0,2.3333333333333335,100.0,19.633549381502284,1.2716149518815716,18.361934429620714,13.202679322698966,26.74700497826278,6.301046148671566,19.302837952795784,19.503725471370537,27.75255719401642,18.883328765331818,3,30.0,,
20250517_170247,aca,86,,,,,,,,,,,2,1,13.4,20.9,39,600,60,80,"(6.0, 6.0)",0.71,3.0,0.26666666666666666,False,86,0.01,"{'type': 'hourly', 'hourly_rates': {0: 1.59, 1: 4.38, 2: 2.38, 3: 1.15, 4: 0.84, 5: 0.76, 6: 1.0, 7: 2.25, 8: 2.86, 9: 1.94, 10: 1.23, 11: 0.85, 12: 0.55, 13: 0.37, 14: 0.21, 15: 0.13, 16: 0.08, 17: 0.05, 18: 0.04, 19: 0.04, 20: 0.12, 21: 0.24, 22: 0.41, 23: 0.53}}",False,15,0,0,5,4.0,13,,,16,13,121.76706483724922,-121.76706483724922,10,24.868517741353315,12.176706483724923,1931.949890816208,0,0.2536573655785678,0.2536573655785678,0.2536573655785678,1.3,1.625,31.200000000000003,39.0,23.076923076923077,76.92307692307693,12.176706483724923,148.61153006278522,2,6.5,6,7,1,2,7.6923076923076925,2.5,100.0,24.868517741353315,5.746800150269531,19.121717591083783,14.524114869029692,28.642333482210887,9.806677140911354,25.553681613124922,24.33079200994105,42.20890583323566,15.210447388961498,3,23.076923076923077,,
20250517_170247,aca,87,,,,,,,,,,,2,1,13.4,20.9,39,600,60,80,"(6.0, 6.0)",0.71,3.0,0.26666666666666666,False,87,0.01,"{'type': 'hourly', 'hourly_rates': {0: 1.59, 1: 4.38, 2: 2.38, 3: 1.15, 4: 0.84, 5: 0.76, 6: 1.0, 7: 2.25, 8: 2.86, 9: 1.94, 10: 1.23, 11: 0.85, 12: 0.55, 13: 0.37, 14: 0.21, 15: 0.13, 16: 0.08, 17: 0.05, 18: 0.04, 19: 0.04, 20: 0.12, 21: 0.24, 22: 0.41, 23: 0.53}}",False,15,0,0,5,4.0,13,,,12,11,141.47962562049776,-141.47962562049776,7,59.35205937078064,20.211375088642537,1241.6861520192704,0,0.2905559757514348,0.2905559757514348,0.2905559757514348,1.1,1.375,26.400000000000002,33.0,36.36363636363637,63.63636363636363,20.211375088642537,112.88055927447913,2,5.5,5,6,1,1,9.090909090909092,2.0,100.0,28.064454633161233,11.18020084958073,16.884253783580505,12.191151774198635,22.42655886899233,18.589639009317384,74.4311610309567,30.780790783516014,83.35205937078064,22.829796835041307,3,27.27272727272727,,
20250517_170248,aca,88,,,,,,,,,,,2,1,13.4,20.9,39,600,60,80,"(6.0, 6.0)",0.71,3.0,0.26666666666666666,False,88,0.01,"{'type': 'hourly', 'hourly_rates': {0: 1.59, 1: 4.38, 2: 2.38, 3: 1.15, 4: 0.84, 5: 0.76, 6: 1.0, 7: 2.25, 8: 2.86, 9: 1.94, 10: 1.23, 11: 0.85, 12: 0.55, 13: 0.37, 14: 0.21, 15: 0.13, 16: 0.08, 17: 0.05, 18: 0.04, 19: 0.04, 20: 0.12, 21: 0.24, 22: 0.41, 23: 0.53}}",False,15,0,0,5,4.0,13,,,17,11,387.8142508516512,-387.8142508516512,11,152.7464803938103,35.255840986513746,1655.8988087196312,0,0.4074747677055864,0.4074747677055864,0.4074747677055864,1.1,1.375,26.400000000000002,33.0,0.0,100.0,35.255840986513746,150.5362553381483,2,5.5,4,7,1,6,36.36363636363637,2.6666666666666665,100.0,29.514846494387484,0.17850896829975632,29.33633752608773,15.991903417469473,26.622298815566978,4.3324848283386945,14.501832117559047,20.324388245808166,27.249562778098294,35.89426145753496,4,36.36363636363637,,
20250517_170248,aca,89,,,,,,,,,,,2,1,13.4,20.9,39,600,60,80,"(6.0, 6.0)",0.71,3.0,0.26666666666666666,False,89,0.01,"{'type': 'hourly', 'hourly_rates': {0: 1.59, 1: 4.38, 2: 2.38, 3: 1.15, 4: 0.84, 5: 0.76, 6: 1.0, 7: 2.25, 8: 2.86, 9: 1.94, 10: 1.23, 11: 0.85, 12: 0.55, 13: 0.37, 14: 0.21, 15: 0.13, 16: 0.08, 17: 0.05, 18: 0.04, 19: 0.04, 20: 0.12, 21: 0.24, 22: 0.41, 23: 0.53}}",False,15,0,0,5,4.0,13,,,16,13,212.28017406490875,-212.28017406490872,9,38.282131430717996,23.586686007212084,1256.6809218612948,0,0.18053463862556612,0.18053463862556612,0.18053463862556612,1.3,1.625,31.200000000000003,39.0,30.76923076923077,69.23076923076923,23.586686007212084,96.6677632200996,2,6.5,6,7,1,4,30.76923076923077,2.0,100.0,30.350508627265953,4.313061795712489,26.037446831553464,11.416079002726123,16.49693164120481,14.423490326585831,47.706512033547334,25.839569329311953,58.12532628640784,17.577552796187433,3,23.076923076923077,,
20250517_170249,aca,90,,,,,,,,,,,2,1,13.4,20.9,39,600,60,80,"(6.0, 6.0)",0.71,3.0,0.26666666666666666,False,90,0.01,"{'type': 'hourly', 'hourly_rates': {0: 1.59, 1: 4.38, 2: 2.38, 3: 1.15, 4: 0.84, 5: 0.76, 6: 1.0, 7: 2.25, 8: 2.86, 9: 1.94, 10: 1.23, 11: 0.85, 12: 0.55, 13: 0.37, 14: 0.21, 15: 0.13, 16: 0.08, 17: 0.05, 18: 0.04, 19: 0.04, 20: 0.12, 21: 0.24, 22: 0.41, 23: 0.53}}",False,15,0,0,5,4.0,13,,,9,9,5.140258879622877,-5.140258879622877,1,5.140258879622877,5.140258879622877,730.9947936159685,0,0.5681552989398231,0.5681552989398231,0.5681552989398231,0.9,1.125,21.6,27.0,88.88888888888889,11.11111111111111,5.140258879622877,81.22164373510762,2,4.5,3,6,0,0,0,0,0,0,0,0,13.103199843072916,18.984525671770598,3.719990115301668,14.155733207852279,16.823189958374584,33.14025887962288,34.29032832553018,6,66.66666666666666,,
20250517_170250,aca,91,,,,,,,,,,,2,1,13.4,20.9,39,600,60,80,"(6.0, 6.0)",0.71,3.0,0.26666666666666666,False,91,0.01,"{'type': 'hourly', 'hourly_rates': {0: 1.59, 1: 4.38, 2: 2.38, 3: 1.15, 4: 0.84, 5: 0.76, 6: 1.0, 7: 2.25, 8: 2.86, 9: 1.94, 10: 1.23, 11: 0.85, 12: 0.55, 13: 0.37, 14: 0.21, 15: 0.13, 16: 0.08, 17: 0.05, 18: 0.04, 19: 0.04, 20: 0.12, 21: 0.24, 22: 0.41, 23: 0.53}}",False,15,0,0,5,4.0,13,,,18,13,404.14573035922047,-404.14573035922047,10,80.24149787665829,40.41457303592205,1634.0309666482945,0,0.17787444878542413,0.17787444878542413,0.17787444878542413,1.3,1.625,31.200000000000003,39.0,23.076923076923077,76.92307692307693,40.41457303592205,125.6946897421765,2,6.5,6,7,1,4,23.076923076923077,2.5,100.0,46.18769198758097,0.3112313051600367,45.876460682420934,12.542862116430985,16.89706057903709,10.49207100260826,30.612028006724216,23.034933119039245,44.053604232199746,43.934796294615445,5,38.46153846153847,,
20250517_170250,aca,92,,,,,,,,,,,2,1,13.4,20.9,39,600,60,80,"(6.0, 6.0)",0.71,3.0,0.26666666666666666,False,92,0.01,"{'type': 'hourly', 'hourly_rates': {0: 1.59, 1: 4.38, 2: 2.38, 3: 1.15, 4: 0.84, 5: 0.76, 6: 1.0, 7: 2.25, 8: 2.86, 9: 1.94, 10: 1.23, 11: 0.85, 12: 0.55, 13: 0.37, 14: 0.21, 15: 0.13, 16: 0.08, 17: 0.05, 18: 0.04, 19: 0.04, 20: 0.12, 21: 0.24, 22: 0.41, 23: 0.53}}",False,15,0,0,5,4.0,13,,,7,7,0,0,0,0,0,725.8015271283131,0,0.5433936293164255,0.5433936293164255,0.5433936293164255,0.7,0.875,16.799999999999997,21.0,100.0,0.0,0,103.68593244690187,2,3.5,1,6,0,0,0,0,0,0,0,0,12.601533454709573,16.946040851224666,1.7799701273178685,8.473548159243592,14.381503582027443,17.153985955860605,22.577298232322935,5,71.42857142857143,,
20250517_170251,aca,93,,,,,,,,,,,2,1,13.4,20.9,39,600,60,80,"(6.0, 6.0)",0.71,3.0,0.26666666666666666,False,93,0.01,"{'type': 'hourly', 'hourly_rates': {0: 1.59, 1: 4.38, 2: 2.38, 3: 1.15, 4: 0.84, 5: 0.76, 6: 1.0, 7: 2.25, 8: 2.86, 9: 1.94, 10: 1.23, 11: 0.85, 12: 0.55, 13: 0.37, 14: 0.21, 15: 0.13, 16: 0.08, 17: 0.05, 18: 0.04, 19: 0.04, 20: 0.12, 21: 0.24, 22: 0.41, 23: 0.53}}",False,15,0,0,5,4.0,13,,,11,10,61.347650969478934,-61.347650969478934,4,22.845964168998194,15.336912742369734,1025.9912789076507,0,0.5361979616391365,0.5361979616391365,0.5361979616391365,1.0,1.25,24.0,30.0,60.0,40.0,15.336912742369734,102.59912789076506,2,5.0,5,5,0,0,0,0,0,0,0,0,15.630155300497028,23.577504543115595,11.042694276560013,34.39352951309439,26.672849577057043,46.513364050964014,58.64920450256199,6,60.0,,
20250517_170251,aca,94,,,,,,,,,,,2,1,13.4,20.9,39,600,60,80,"(6.0, 6.0)",0.71,3.0,0.26666666666666666,False,94,0.01,"{'type': 'hourly', 'hourly_rates': {0: 1.59, 1: 4.38, 2: 2.38, 3: 1.15, 4: 0.84, 5: 0.76, 6: 1.0, 7: 2.25, 8: 2.86, 9: 1.94, 10: 1.23, 11: 0.85, 12: 0.55, 13: 0.37, 14: 0.21, 15: 0.13, 16: 0.08, 17: 0.05, 18: 0.04, 19: 0.04, 20: 0.12, 21: 0.24, 22: 0.41, 23: 0.53}}",False,15,0,0,5,4.0,13,,,13,12,89.13674364907071,-89.13674364907071,5,31.81996414429534,17.82734872981414,1392.4910697372409,0,0.22838383776510635,0.22838383776510635,0.22838383776510635,1.2,1.5,28.799999999999997,36.0,58.333333333333336,41.66666666666667,17.82734872981414,116.04092247810341,2,6.0,6,6,0,3,33.33333333333333,2.0,100.0,16.76581612450557,0.4023858127811888,16.36343031172438,13.351262180154235,20.971985216361325,9.167273402224321,30.266908354959597,22.518535582378558,40.16577323831902,26.674251286833115,5,41.66666666666667,,
20250517_170251,aca,95,,,,,,,,,,,2,1,13.4,20.9,39,600,60,80,"(6.0, 6.0)",0.71,3.0,0.26666666666666666,False,95,0.01,"{'type': 'hourly', 'hourly_rates': {0: 1.59, 1: 4.38, 2: 2.38, 3: 1.15, 4: 0.84, 5: 0.76, 6: 1.0, 7: 2.25, 8: 2.86, 9: 1.94, 10: 1.23, 11: 0.85, 12: 0.55, 13: 0.37, 14: 0.21, 15: 0.13, 16: 0.08, 17: 0.05, 18: 0.04, 19: 0.04, 20: 0.12, 21: 0.24, 22: 0.41, 23: 0.53}}",False,15,0,0,5,4.0,13,,,5,5,21.725692179096797,-21.725692179096797,3,11.144053954623075,7.241897393032265,1053.0394729279587,0,0.43031790918391144,0.43031790918391144,0.43031790918391144,0.5,0.625,12.0,15.0,40.0,60.0,7.241897393032265,210.60789458559174,2,2.5,2,3,1,0,0,0,0,0,0,0,18.171466690063948,35.40625359156735,5.964704735916129,13.70254072488899,24.136171425980077,35.81428964223005,28.454858326776275,2,40.0,,
20250517_170252,aca,96,,,,,,,,,,,2,1,13.4,20.9,39,600,60,80,"(6.0, 6.0)",0.71,3.0,0.26666666666666666,False,96,0.01,"{'type': 'hourly', 'hourly_rates': {0: 1.59, 1: 4.38, 2: 2.38, 3: 1.15, 4: 0.84, 5: 0.76, 6: 1.0, 7: 2.25, 8: 2.86, 9: 1.94, 10: 1.23, 11: 0.85, 12: 0.55, 13: 0.37, 14: 0.21, 15: 0.13, 16: 0.08, 17: 0.05, 18: 0.04, 19: 0.04, 20: 0.12, 21: 0.24, 22: 0.41, 23: 0.53}}",False,15,0,0,5,4.0,13,,,9,6,257.7904419255653,-257.7904419255653,5,77.65196682556262,51.55808838511306,1393.9500187630606,0,0.4588554568777882,0.4588554568777882,0.4588554568777882,0.6,0.75,14.399999999999999,18.0,16.666666666666664,83.33333333333334,51.55808838511306,232.32500312717676,2,3.0,3,3,1,4,50.0,2.75,100.0,46.81057730660447,0.0,46.81057730660447,14.49234663994578,16.917338647084478,16.69525731542167,79.7572893605716,31.18760395536745,95.65196682556262,5.27814644645472,2,33.33333333333333,,
20250517_170253,aca,97,,,,,,,,,,,2,1,13.4,20.9,39,600,60,80,"(6.0, 6.0)",0.71,3.0,0.26666666666666666,False,97,0.01,"{'type': 'hourly', 'hourly_rates': {0: 1.59, 1: 4.38, 2: 2.38, 3: 1.15, 4: 0.84, 5: 0.76, 6: 1.0, 7: 2.25, 8: 2.86, 9: 1.94, 10: 1.23, 11: 0.85, 12: 0.55, 13: 0.37, 14: 0.21, 15: 0.13, 16: 0.08, 17: 0.05, 18: 0.04, 19: 0.04, 20: 0.12, 21: 0.24, 22: 0.41, 23: 0.53}}",False,15,0,0,5,4.0,13,,,10,10,21.132176497569958,-21.132176497569958,2,12.129963035220726,10.566088248784979,1261.4771689626364,0,0.4249524206933241,0.4249524206933241,0.4249524206933241,1.0,1.25,24.0,30.0,80.0,20.0,10.566088248784979,126.14771689626363,2,5.0,3,7,0,1,20.0,2.0,100.0,0.0,2.6415220621962447,-2.6415220621962447,10.440164833162537,14.673834316687419,7.5501965926479615,27.081004713824044,17.990361425810498,38.129963035220726,0.9195676835039706,2,20.0,,
20250517_170253,aca,98,,,,,,,,,,,2,1,13.4,20.9,39,600,60,80,"(6.0, 6.0)",0.71,3.0,0.26666666666666666,False,98,0.01,"{'type': 'hourly', 'hourly_rates': {0: 1.59, 1: 4.38, 2: 2.38, 3: 1.15, 4: 0.84, 5: 0.76, 6: 1.0, 7: 2.25, 8: 2.86, 9: 1.94, 10: 1.23, 11: 0.85, 12: 0.55, 13: 0.37, 14: 0.21, 15: 0.13, 16: 0.08, 17: 0.05, 18: 0.04, 19: 0.04, 20: 0.12, 21: 0.24, 22: 0.41, 23: 0.53}}",False,15,0,0,5,4.0,13,,,11,10,136.04900048779592,-136.04900048779592,4,64.37172887467895,34.01225012194898,983.5544357508402,0,0.35796077031598766,0.35796077031598766,0.35796077031598766,1.0,1.25,24.0,30.0,60.0,40.0,34.01225012194898,98.35544357508402,2,5.0,4,6,0,1,10.0,2.0,100.0,32.195225857671744,7.672856469192142,24.522369388479603,15.297693401143501,27.260902420123273,12.207407007342084,81.09351081251789,27.505100408485582,88.37172887467895,50.87140453412755,6,60.0,,
20250517_170254,aca,99,,,,,,,,,,,2,1,13.4,20.9,39,600,60,80,"(6.0, 6.0)",0.71,3.0,0.26666666666666666,False,99,0.01,"{'type': 'hourly', 'hourly_rates': {0: 1.59, 1: 4.38, 2: 2.38, 3: 1.15, 4: 0.84, 5: 0.76, 6: 1.0, 7: 2.25, 8: 2.86, 9: 1.94, 10: 1.23, 11: 0.85, 12: 0.55, 13: 0.37, 14: 0.21, 15: 0.13, 16: 0.08, 17: 0.05, 18: 0.04, 19: 0.04, 20: 0.12, 21: 0.24, 22: 0.41, 23: 0.53}}",False,15,0,0,5,4.0,13,,,17,14,162.16229268765062,-162.16229268765062,11,28.68012987562406,14.742026607968238,1543.038149782789,0,0.18949612859123108,0.18949612859123108,0.18949612859123108,1.4,1.75,33.599999999999994,42.0,21.428571428571427,78.57142857142857,14.742026607968238,110.21701069877065,2,7.0,5,9,1,4,28.57142857142857,2.0,100.0,13.301843072255746,8.683992266349733,4.617850805906013,12.660030984972456,24.476068344472537,14.46152415527238,46.935309948491806,27.12155514024484,53.680129875624004,18.23008020401372,3,21.428571428571427,,
20250517_170254,aca,100,,,,,,,,,,,2,1,13.4,20.9,39,600,60,80,"(6.0, 6.0)",0.71,3.0,0.26666666666666666,False,100,0.01,"{'type': 'hourly', 'hourly_rates': {0: 1.59, 1: 4.38, 2: 2.38, 3: 1.15, 4: 0.84, 5: 0.76, 6: 1.0, 7: 2.25, 8: 2.86, 9: 1.94, 10: 1.23, 11: 0.85, 12: 0.55, 13: 0.37, 14: 0.21, 15: 0.13, 16: 0.08, 17: 0.05, 18: 0.04, 19: 0.04, 20: 0.12, 21: 0.24, 22: 0.41, 23: 0.53}}",False,15,0,0,5,4.0,13,,,10,9,86.23188386188536,-86.23188386188536,6,36.132426012833236,14.37198064364756,923.8751784721157,0,0.4357063987673324,0.4357063987673324,0.4357063987673324,0.9,1.125,21.6,27.0,33.33333333333333,66.66666666666666,14.37198064364756,102.65279760801286,2,4.5,1,8,0,2,33.33333333333333,2.0,100.0,18.00586468893573,0.8240862149699902,17.18177847396574,15.11747432620885,21.584532440664077,8.646026896481644,31.201776928161394,23.763501222690493,46.132426012833236,23.923389343107516,4,44.44444444444444,,
20250517_170254,aca,101,,,,,,,,,,,2,1,13.4,20.9,39,600,60,80,"(6.0, 6.0)",0.71,3.0,0.26666666666666666,False,101,0.01,"{'type': 'hourly', 'hourly_rates': {0: 1.59, 1: 4.38, 2: 2.38, 3: 1.15, 4: 0.84, 5: 0.76, 6: 1.0, 7: 2.25, 8: 2.86, 9: 1.94, 10: 1.23, 11: 0.85, 12: 0.55, 13: 0.37, 14: 0.21, 15: 0.13, 16: 0.08, 17: 0.05, 18: 0.04, 19: 0.04, 20: 0.12, 21: 0.24, 22: 0.41, 23: 0.53}}",False,15,0,0,5,4.0,13,,,14,10,189.9787267572019,-189.9787267572019,9,46.70681657930862,21.10874741746688,1372.5773228510877,0,0.2521225960796489,0.2521225960796489,0.2521225960796489,1.0,1.25,24.0,30.0,10.0,90.0,21.10874741746688,137.25773228510877,2,5.0,4,6,0,3,20.0,2.3333333333333335,100.0,31.395030661770562,7.335414465196188,24.059616196574375,16.570782727958566,29.22045397916105,11.918649647517569,39.75966997028786,28.489432375476134,55.95262472089968,23.96508145220561,4,40.0,,
20250517_170255,aca,102,,,,,,,,,,,2,1,13.4,20.9,39,600,60,80,"(6.0, 6.0)",0.71,3.0,0.26666666666666666,False,102,0.01,"{'type': 'hourly', 'hourly_rates': {0: 1.59, 1: 4.38, 2: 2.38, 3: 1.15, 4: 0.84, 5: 0.76, 6: 1.0, 7: 2.25, 8: 2.86, 9: 1.94, 10: 1.23, 11: 0.85, 12: 0.55, 13: 0.37, 14: 0.21, 15: 0.13, 16: 0.08, 17: 0.05, 18: 0.04, 19: 0.04, 20: 0.12, 21: 0.24, 22: 0.41, 23: 0.53}}",False,15,0,0,5,4.0,13,,,11,11,2.383439629197369,-2.383439629197369,1,2.383439629197369,2.383439629197369,817.6684775692918,0,0.30168793182184306,0.30168793182184306,0.30168793182184306,1.1,1.375,26.400000000000002,33.0,90.9090909090909,9.090909090909092,2.383439629197369,74.33349796084471,2,5.5,3,8,0,0,0,0,0,0,0,0,13.202504827624939,21.896425756715576,3.933926812005896,13.141890521251725,17.136431639630835,22.490939743350594,35.05648708635805,5,45.45454545454545,,
20250517_170256,aca,103,,,,,,,,,,,2,1,13.4,20.9,39,600,60,80,"(6.0, 6.0)",0.71,3.0,0.26666666666666666,False,103,0.01,"{'type': 'hourly', 'hourly_rates': {0: 1.59, 1: 4.38, 2: 2.38, 3: 1.15, 4: 0.84, 5: 0.76, 6: 1.0, 7: 2.25, 8: 2.86, 9: 1.94, 10: 1.23, 11: 0.85, 12: 0.55, 13: 0.37, 14: 0.21, 15: 0.13, 16: 0.08, 17: 0.05, 18: 0.04, 19: 0.04, 20: 0.12, 21: 0.24, 22: 0.41, 23: 0.53}}",False,15,0,0,5,4.0,13,,,15,12,326.9490937043576,-326.9490937043576,11,84.25069232488718,29.72264488221433,2232.5061723936474,0,0.25005716122858934,0.25005716122858934,0.25005716122858934,1.2,1.5,28.799999999999997,36.0,8.333333333333332,91.66666666666666,29.72264488221433,186.04218103280394,2,6.0,4,8,0,4,33.33333333333333,2.0,100.0,25.657109186804874,13.92693912332345,11.730170063481424,14.40513832099073,20.94206648314332,16.50145370064821,46.3179430484779,30.90659202163894,56.68876635347658,3.405300827735175,2,16.666666666666664,,
20250517_170256,aca,104,,,,,,,,,,,2,1,13.4,20.9,39,600,60,80,"(6.0, 6.0)",0.71,3.0,0.26666666666666666,False,104,0.01,"{'type': 'hourly', 'hourly_rates': {0: 1.59, 1: 4.38, 2: 2.38, 3: 1.15, 4: 0.84, 5: 0.76, 6: 1.0, 7: 2.25, 8: 2.86, 9: 1.94, 10: 1.23, 11: 0.85, 12: 0.55, 13: 0.37, 14: 0.21, 15: 0.13, 16: 0.08, 17: 0.05, 18: 0.04, 19: 0.04, 20: 0.12, 21: 0.24, 22: 0.41, 23: 0.53}}",False,15,0,0,5,4.0,13,,,11,10,34.01055375880998,-34.01055375880998,4,16.099023230561556,8.502638439702496,1354.9295202674639,0,0.40179795831799164,0.40179795831799164,0.40179795831799164,1.0,1.25,24.0,30.0,60.0,40.0,8.502638439702496,135.4929520267464,2,5.0,4,6,0,0,0,0,0,0,0,0,12.783963718900226,25.27677258189297,8.184623354989691,24.563019067692544,20.968587073889918,41.099023230561556,8.142047079449156,2,20.0,,
20250517_170257,aca,105,,,,,,,,,,,2,1,13.4,20.9,39,600,60,80,"(6.0, 6.0)",0.71,3.0,0.26666666666666666,False,105,0.01,"{'type': 'hourly', 'hourly_rates': {0: 1.59, 1: 4.38, 2: 2.38, 3: 1.15, 4: 0.84, 5: 0.76, 6: 1.0, 7: 2.25, 8: 2.86, 9: 1.94, 10: 1.23, 11: 0.85, 12: 0.55, 13: 0.37, 14: 0.21, 15: 0.13, 16: 0.08, 17: 0.05, 18: 0.04, 19: 0.04, 20: 0.12, 21: 0.24, 22: 0.41, 23: 0.53}}",False,15,0,0,5,4.0,13,,,13,8,399.7631922154293,-399.76319221542934,10,73.67200631621158,39.97631922154293,1622.770001982091,0,0.11674165995322075,0.11674165995322075,0.11674165995322075,0.8,1.0,19.200000000000003,24.0,-25.0,125.0,39.97631922154293,202.84625024776136,2,4.0,4,4,0,5,62.5,2.0,100.0,37.161823673364076,0.0,37.161823673364076,14.861182895273112,22.98119238519581,19.04669107813763,53.35520908994778,33.907873973410744,65.66946987075235,13.470115330754503,2,25.0,,
20250517_170258,aca,106,,,,,,,,,,,2,1,13.4,20.9,39,600,60,80,"(6.0, 6.0)",0.71,3.0,0.26666666666666666,False,106,0.01,"{'type': 'hourly', 'hourly_rates': {0: 1.59, 1: 4.38, 2: 2.38, 3: 1.15, 4: 0.84, 5: 0.76, 6: 1.0, 7: 2.25, 8: 2.86, 9: 1.94, 10: 1.23, 11: 0.85, 12: 0.55, 13: 0.37, 14: 0.21, 15: 0.13, 16: 0.08, 17: 0.05, 18: 0.04, 19: 0.04, 20: 0.12, 21: 0.24, 22: 0.41, 23: 0.53}}",False,15,0,0,5,4.0,13,,,7,5,116.37736897558797,-116.37736897558797,7,38.043664008711005,16.625338425083996,1422.9964031578054,0,0.2897954442523267,0.2897954442523267,0.2897954442523267,0.5,0.625,12.0,15.0,-40.0,140.0,16.625338425083996,284.5992806315611,2,2.5,2,3,1,3,60.0,2.3333333333333335,100.0,10.154101224923261,5.960363752180967,4.193737472742294,13.422775562530337,25.224245305533206,6.253830673296007,12.566402741408325,19.676606235826345,26,8.224245305533206,1,20.0,,
20250517_170258,aca,107,,,,,,,,,,,2,1,13.4,20.9,39,600,60,80,"(6.0, 6.0)",0.71,3.0,0.26666666666666666,False,107,0.01,"{'type': 'hourly', 'hourly_rates': {0: 1.59, 1: 4.38, 2: 2.38, 3: 1.15, 4: 0.84, 5: 0.76, 6: 1.0, 7: 2.25, 8: 2.86, 9: 1.94, 10: 1.23, 11: 0.85, 12: 0.55, 13: 0.37, 14: 0.21, 15: 0.13, 16: 0.08, 17: 0.05, 18: 0.04, 19: 0.04, 20: 0.12, 21: 0.24, 22: 0.41, 23: 0.53}}",False,15,0,0,5,4.0,13,,,20,14,258.8925778009745,-258.89257780097444,14,49.45077234292066,18.492326985783894,1806.1278429235779,0,0.1268552795246359,0.1268552795246359,0.1268552795246359,1.4,1.75,33.599999999999994,42.0,0.0,100.0,18.492326985783894,129.0091316373984,2,7.0,5,9,0,5,28.57142857142857,2.0,100.0,14.984496204587252,7.229623738294802,7.75487246629245,12.281551655762554,15.403122569223115,14.292085992637823,36.43547495265645,26.573637648400375,47.83332952251091,7.133486682833393,2,14.285714285714285,,
20250517_170259,aca,108,,,,,,,,,,,2,1,13.4,20.9,39,600,60,80,"(6.0, 6.0)",0.71,3.0,0.26666666666666666,False,108,0.01,"{'type': 'hourly', 'hourly_rates': {0: 1.59, 1: 4.38, 2: 2.38, 3: 1.15, 4: 0.84, 5: 0.76, 6: 1.0, 7: 2.25, 8: 2.86, 9: 1.94, 10: 1.23, 11: 0.85, 12: 0.55, 13: 0.37, 14: 0.21, 15: 0.13, 16: 0.08, 17: 0.05, 18: 0.04, 19: 0.04, 20: 0.12, 21: 0.24, 22: 0.41, 23: 0.53}}",False,15,0,0,5,4.0,13,,,16,12,358.08552385693764,-358.08552385693764,11,97.26508385263804,32.553229441539784,1859.1567535821894,0,0.19675536109249775,0.19675536109249775,0.19675536109249775,1.2,1.5,28.799999999999997,36.0,8.333333333333332,91.66666666666666,32.553229441539784,154.92972946518245,2,6.0,5,7,0,4,25.0,2.25,100.0,47.14048358248041,5.591233467565344,41.54925011491506,12.842437488429878,16.65459591391405,17.606546343510885,81.34288359176227,30.448983831940765,96.82540460896273,2.782726574342121,2,16.666666666666664,,
20250517_170259,aca,109,,,,,,,,,,,2,1,13.4,20.9,39,600,60,80,"(6.0, 6.0)",0.71,3.0,0.26666666666666666,False,109,0.01,"{'type': 'hourly', 'hourly_rates': {0: 1.59, 1: 4.38, 2: 2.38, 3: 1.15, 4: 0.84, 5: 0.76, 6: 1.0, 7: 2.25, 8: 2.86, 9: 1.94, 10: 1.23, 11: 0.85, 12: 0.55, 13: 0.37, 14: 0.21, 15: 0.13, 16: 0.08, 17: 0.05, 18: 0.04, 19: 0.04, 20: 0.12, 21: 0.24, 22: 0.41, 23: 0.53}}",False,15,0,0,5,4.0,13,,,14,10,434.42387933865484,-434.4238793386548,9,119.25535066607304,48.269319926517205,1589.060474535712,0,0.18657877853778115,0.18657877853778115,0.18657877853778115,1.0,1.25,24.0,30.0,10.0,90.0,48.269319926517205,158.9060474535712,2,5.0,4,6,1,5,30.0,2.6,100.0,49.81259667905653,5.7248340048243165,44.087762674232216,15.533858114422856,27.208388821019106,14.177404409925021,91.31817414847185,29.711262524347877,102.25535066607304,39.17316231822956,7,70.0,,
20250517_170300,aca,110,,,,,,,,,,,2,1,13.4,20.9,39,600,60,80,"(6.0, 6.0)",0.71,3.0,0.26666666666666666,False,110,0.01,"{'type': 'hourly', 'hourly_rates': {0: 1.59, 1: 4.38, 2: 2.38, 3: 1.15, 4: 0.84, 5: 0.76, 6: 1.0, 7: 2.25, 8: 2.86, 9: 1.94, 10: 1.23, 11: 0.85, 12: 0.55, 13: 0.37, 14: 0.21, 15: 0.13, 16: 0.08, 17: 0.05, 18: 0.04, 19: 0.04, 20: 0.12, 21: 0.24, 22: 0.41, 23: 0.53}}",False,15,0,0,5,4.0,13,,,13,9,347.5109922389746,-347.5109922389746,7,72.04388933691678,49.64442746271066,1724.7219248194451,0,0.2631341460567084,0.2631341460567084,0.2631341460567084,0.9,1.125,21.6,27.0,22.22222222222222,77.77777777777779,49.64442746271066,191.6357694243828,2,4.5,4,5,1,4,22.22222222222222,2.5,100.0,51.489446202425356,2.4374156230174355,49.05203057940792,13.20979429503133,21.246483473143826,10.234573364391105,40.307493843395775,23.444367659422436,52.92505258973344,4.927717764498709,1,11.11111111111111,,
20250517_170301,aca,111,,,,,,,,,,,2,1,13.4,20.9,39,600,60,80,"(6.0, 6.0)",0.71,3.0,0.26666666666666666,False,111,0.01,"{'type': 'hourly', 'hourly_rates': {0: 1.59, 1: 4.38, 2: 2.38, 3: 1.15, 4: 0.84, 5: 0.76, 6: 1.0, 7: 2.25, 8: 2.86, 9: 1.94, 10: 1.23, 11: 0.85, 12: 0.55, 13: 0.37, 14: 0.21, 15: 0.13, 16: 0.08, 17: 0.05, 18: 0.04, 19: 0.04, 20: 0.12, 21: 0.24, 22: 0.41, 23: 0.53}}",False,15,0,0,5,4.0,13,,,17,9,428.51238567691337,-428.5123856769133,12,85.62626725091519,35.70936547307611,2167.8144502999157,0,0.39030783010353337,0.39030783010353337,0.39030783010353337,0.9,1.125,21.6,27.0,-33.33333333333333,133.33333333333331,35.70936547307611,240.8682722555462,2,4.5,3,6,1,7,33.33333333333333,3.0,100.0,42.857894149886754,4.56851464692987,38.28937950295688,12.875397058237647,15.213544953380747,12.675524191864135,38.412722297534444,25.55092125010178,53.62626725091519,16.280528223753443,3,33.33333333333333,,
20250517_170301,aca,112,,,,,,,,,,,2,1,13.4,20.9,39,600,60,80,"(6.0, 6.0)",0.71,3.0,0.26666666666666666,False,112,0.01,"{'type': 'hourly', 'hourly_rates': {0: 1.59, 1: 4.38, 2: 2.38, 3: 1.15, 4: 0.84, 5: 0.76, 6: 1.0, 7: 2.25, 8: 2.86, 9: 1.94, 10: 1.23, 11: 0.85, 12: 0.55, 13: 0.37, 14: 0.21, 15: 0.13, 16: 0.08, 17: 0.05, 18: 0.04, 19: 0.04, 20: 0.12, 21: 0.24, 22: 0.41, 23: 0.53}}",False,15,0,0,5,4.0,13,,,10,10,22.68548597343751,-22.68548597343751,3,19.040557344057063,7.5618286578125025,964.5302290209286,0,0.382128602528875,0.382128602528875,0.382128602528875,1.0,1.25,24.0,30.0,70.0,30.0,7.5618286578125025,96.45302290209285,2,5.0,5,5,0,0,0,0,0,0,0,0,13.300223535305719,20.70358644633348,7.16222486807235,31.20410209620193,20.46244840337807,39.04055734405706,34.0145806065291,4,40.0,,
20250517_170302,aca,113,,,,,,,,,,,2,1,13.4,20.9,39,600,60,80,"(6.0, 6.0)",0.71,3.0,0.26666666666666666,False,113,0.01,"{'type': 'hourly', 'hourly_rates': {0: 1.59, 1: 4.38, 2: 2.38, 3: 1.15, 4: 0.84, 5: 0.76, 6: 1.0, 7: 2.25, 8: 2.86, 9: 1.94, 10: 1.23, 11: 0.85, 12: 0.55, 13: 0.37, 14: 0.21, 15: 0.13, 16: 0.08, 17: 0.05, 18: 0.04, 19: 0.04, 20: 0.12, 21: 0.24, 22: 0.41, 23: 0.53}}",False,15,0,0,5,4.0,13,,,15,15,5.203677976332898,-5.203677976332898,4,2.479266071465844,1.3009194940832245,1648.9446043851576,0,0.183224340375164,0.183224340375164,0.183224340375164,1.5,1.875,36.0,45.0,73.33333333333333,26.666666666666668,1.3009194940832245,109.92964029234385,2,7.5,7,8,1,0,0,0,0,0,0,0,12.209072384571337,18.725192413418597,4.9794181890292935,16.851962945953744,17.18849057360063,27.479266071465844,35.38471177002293,7,46.666666666666664,,
20250517_170302,aca,114,,,,,,,,,,,2,1,13.4,20.9,39,600,60,80,"(6.0, 6.0)",0.71,3.0,0.26666666666666666,False,114,0.01,"{'type': 'hourly', 'hourly_rates': {0: 1.59, 1: 4.38, 2: 2.38, 3: 1.15, 4: 0.84, 5: 0.76, 6: 1.0, 7: 2.25, 8: 2.86, 9: 1.94, 10: 1.23, 11: 0.85, 12: 0.55, 13: 0.37, 14: 0.21, 15: 0.13, 16: 0.08, 17: 0.05, 18: 0.04, 19: 0.04, 20: 0.12, 21: 0.24, 22: 0.41, 23: 0.53}}",False,15,0,0,5,4.0,13,,,14,11,160.5139325712414,-160.5139325712414,6,69.06649976933062,26.752322095206903,1422.852930101668,0,0.16856067552273313,0.16856067552273313,0.16856067552273313,1.1,1.375,26.400000000000002,33.0,45.45454545454545,54.54545454545454,26.752322095206903,129.3502663728789,2,5.5,5,6,0,4,27.27272727272727,2.5,100.0,24.53098219344675,0.488273787263779,24.04270840618297,11.71047014324443,16.808173119106183,8.340541771869152,49.18750503667526,20.05101191511358,61.51692759333639,3.7828060862286677,1,9.090909090909092,,
20250517_170303,aca,115,,,,,,,,,,,2,1,13.4,20.9,39,600,60,80,"(6.0, 6.0)",0.71,3.0,0.26666666666666666,False,115,0.01,"{'type': 'hourly', 'hourly_rates': {0: 1.59, 1: 4.38, 2: 2.38, 3: 1.15, 4: 0.84, 5: 0.76, 6: 1.0, 7: 2.25, 8: 2.86, 9: 1.94, 10: 1.23, 11: 0.85, 12: 0.55, 13: 0.37, 14: 0.21, 15: 0.13, 16: 0.08, 17: 0.05, 18: 0.04, 19: 0.04, 20: 0.12, 21: 0.24, 22: 0.41, 23: 0.53}}",False,15,0,0,5,4.0,13,,,14,13,324.7467147556624,-324.74671475566237,10,113.64749440308267,32.47467147556624,3031.146312630693,0,0.11440406791344195,0.11440406791344195,0.11440406791344195,1.3,1.625,31.200000000000003,39.0,23.076923076923077,76.92307692307693,32.47467147556624,233.16510097159178,2,6.5,6,7,0,1,7.6923076923076925,2.0,100.0,39.71613289656767,21.87930945295555,17.836823443612122,15.023745484858647,23.57166594270337,22.203699873994047,110.73243652697997,37.22744535885269,124.64749440308267,3.9817849778804266,2,15.384615384615385,,
20250517_170303,aca,116,,,,,,,,,,,2,1,13.4,20.9,39,600,60,80,"(6.0, 6.0)",0.71,3.0,0.26666666666666666,False,116,0.01,"{'type': 'hourly', 'hourly_rates': {0: 1.59, 1: 4.38, 2: 2.38, 3: 1.15, 4: 0.84, 5: 0.76, 6: 1.0, 7: 2.25, 8: 2.86, 9: 1.94, 10: 1.23, 11: 0.85, 12: 0.55, 13: 0.37, 14: 0.21, 15: 0.13, 16: 0.08, 17: 0.05, 18: 0.04, 19: 0.04, 20: 0.12, 21: 0.24, 22: 0.41, 23: 0.53}}",False,15,0,0,5,4.0,13,,,7,7,16.512163012333914,-16.512163012333914,1,16.512163012333914,16.512163012333914,797.4891684386824,0,0.4328614665696228,0.4328614665696228,0.4328614665696228,0.7,0.875,16.799999999999997,21.0,85.71428571428571,14.285714285714285,16.512163012333914,113.92702406266892,2,3.5,1,6,1,0,0,0,0,0,0,0,12.282472714863095,20.892847491726258,4.544371213705245,24.400145477482262,16.82684392856834,32.512163012333914,29.26194571736659,5,71.42857142857143,,
20250517_170304,aca,117,,,,,,,,,,,2,1,13.4,20.9,39,600,60,80,"(6.0, 6.0)",0.71,3.0,0.26666666666666666,False,117,0.01,"{'type': 'hourly', 'hourly_rates': {0: 1.59, 1: 4.38, 2: 2.38, 3: 1.15, 4: 0.84, 5: 0.76, 6: 1.0, 7: 2.25, 8: 2.86, 9: 1.94, 10: 1.23, 11: 0.85, 12: 0.55, 13: 0.37, 14: 0.21, 15: 0.13, 16: 0.08, 17: 0.05, 18: 0.04, 19: 0.04, 20: 0.12, 21: 0.24, 22: 0.41, 23: 0.53}}",False,15,0,0,5,4.0,13,,,8,8,17.12622117362133,-17.12622117362133,1,17.12622117362133,17.12622117362133,596.7476760303439,0,0.6695098480247323,0.6695098480247323,0.6695098480247323,0.8,1.0,19.200000000000003,24.0,87.5,12.5,17.12622117362133,74.59345950379299,2,4.0,3,5,0,0,0,0,0,0,0,0,11.61673133648915,15.0790188864529,3.692590057081563,26.097328254047966,15.309321393570713,39.12622117362133,27.093334172969012,6,75.0,,
20250517_170304,aca,118,,,,,,,,,,,2,1,13.4,20.9,39,600,60,80,"(6.0, 6.0)",0.71,3.0,0.26666666666666666,False,118,0.01,"{'type': 'hourly', 'hourly_rates': {0: 1.59, 1: 4.38, 2: 2.38, 3: 1.15, 4: 0.84, 5: 0.76, 6: 1.0, 7: 2.25, 8: 2.86, 9: 1.94, 10: 1.23, 11: 0.85, 12: 0.55, 13: 0.37, 14: 0.21, 15: 0.13, 16: 0.08, 17: 0.05, 18: 0.04, 19: 0.04, 20: 0.12, 21: 0.24, 22: 0.41, 23: 0.53}}",False,15,0,0,5,4.0,13,,,5,5,17.026102866228285,-17.026102866228285,3,7.428875604978913,5.675367622076095,1195.0519784237724,0,0.616062552510461,0.616062552510461,0.616062552510461,0.5,0.625,12.0,15.0,40.0,60.0,5.675367622076095,239.01039568475449,2,2.5,2,3,0,0,0,0,0,0,0,0,13.297332768070115,15.973442565207648,4.391143355859529,7.865062197186262,17.688476123929643,20.428875604978913,1.7177416737824274,1,20.0,,
20250517_170305,aca,119,,,,,,,,,,,2,1,13.4,20.9,39,600,60,80,"(6.0, 6.0)",0.71,3.0,0.26666666666666666,False,119,0.01,"{'type': 'hourly', 'hourly_rates': {0: 1.59, 1: 4.38, 2: 2.38, 3: 1.15, 4: 0.84, 5: 0.76, 6: 1.0, 7: 2.25, 8: 2.86, 9: 1.94, 10: 1.23, 11: 0.85, 12: 0.55, 13: 0.37, 14: 0.21, 15: 0.13, 16: 0.08, 17: 0.05, 18: 0.04, 19: 0.04, 20: 0.12, 21: 0.24, 22: 0.41, 23: 0.53}}",False,15,0,0,5,4.0,13,,,21,10,1016.8184038495203,-1016.8184038495205,17,148.64075814211,59.8128472852659,2744.0314790568946,0,0.2434479268176844,0.2434479268176844,0.2434479268176844,1.0,1.25,24.0,30.0,-70.0,170.0,59.8128472852659,274.4031479056895,2,5.0,5,5,0,9,40.0,2.7777777777777777,100.0,53.11357749255734,11.846786628863137,41.266790863694204,14.514541045179172,19.449204101191498,20.218516969706158,49.375849765250166,34.73305801488533,67.49326781253188,16.27923535892839,1,10.0,,
20250517_170306,aca,120,,,,,,,,,,,2,1,13.4,20.9,39,600,60,80,"(6.0, 6.0)",0.71,3.0,0.26666666666666666,False,120,0.01,"{'type': 'hourly', 'hourly_rates': {0: 1.59, 1: 4.38, 2: 2.38, 3: 1.15, 4: 0.84, 5: 0.76, 6: 1.0, 7: 2.25, 8: 2.86, 9: 1.94, 10: 1.23, 11: 0.85, 12: 0.55, 13: 0.37, 14: 0.21, 15: 0.13, 16: 0.08, 17: 0.05, 18: 0.04, 19: 0.04, 20: 0.12, 21: 0.24, 22: 0.41, 23: 0.53}}",False,15,0,0,5,4.0,13,,,5,5,0,0,0,0,0,323.3066327222439,0,0.5831062855439859,0.5831062855439859,0.5831062855439859,0.5,0.625,12.0,15.0,100.0,0.0,0,64.66132654444877,2,2.5,1,4,0,0,0,0,0,0,0,0,15.051194204520556,24.254074649272127,2.923555156422327,11.204108932984013,17.974749360942884,25.98641802710233,28.033983012628347,3,60.0,,
20250517_170306,aca,121,,,,,,,,,,,2,1,13.4,20.9,39,600,60,80,"(6.0, 6.0)",0.71,3.0,0.26666666666666666,False,121,0.01,"{'type': 'hourly', 'hourly_rates': {0: 1.59, 1: 4.38, 2: 2.38, 3: 1.15, 4: 0.84, 5: 0.76, 6: 1.0, 7: 2.25, 8: 2.86, 9: 1.94, 10: 1.23, 11: 0.85, 12: 0.55, 13: 0.37, 14: 0.21, 15: 0.13, 16: 0.08, 17: 0.05, 18: 0.04, 19: 0.04, 20: 0.12, 21: 0.24, 22: 0.41, 23: 0.53}}",False,15,0,0,5,4.0,13,,,7,7,29.044978149738434,-29.044978149738434,2,14.707709952603274,14.522489074869217,812.5023764302333,0,0.4983038749851826,0.4983038749851826,0.4983038749851826,0.7,0.875,16.799999999999997,21.0,71.42857142857143,28.57142857142857,14.522489074869217,116.0717680614619,1,7.0,7,7,1,0,0,0,0,0,0,0,14.195984924713047,22.162912389315636,6.684874817464269,24.062945051867757,20.880859742177314,39.33726819713516,18.32037580219326,3,42.857142857142854,,
20250517_170307,aca,122,,,,,,,,,,,2,1,13.4,20.9,39,600,60,80,"(6.0, 6.0)",0.71,3.0,0.26666666666666666,False,122,0.01,"{'type': 'hourly', 'hourly_rates': {0: 1.59, 1: 4.38, 2: 2.38, 3: 1.15, 4: 0.84, 5: 0.76, 6: 1.0, 7: 2.25, 8: 2.86, 9: 1.94, 10: 1.23, 11: 0.85, 12: 0.55, 13: 0.37, 14: 0.21, 15: 0.13, 16: 0.08, 17: 0.05, 18: 0.04, 19: 0.04, 20: 0.12, 21: 0.24, 22: 0.41, 23: 0.53}}",False,15,0,0,5,4.0,13,,,11,10,81.26557627658372,-81.26557627658372,4,49.846591068185774,20.31639406914593,876.3039593125446,0,0.3080933708160308,0.3080933708160308,0.3080933708160308,1.0,1.25,24.0,30.0,60.0,40.0,20.31639406914593,87.63039593125447,2,5.0,4,6,0,1,10.0,2.0,100.0,14.995886620236092,6.702555616923405,8.293331003312687,12.550476601155358,18.78414337150511,10.646561667012403,55.062447696680664,23.197038268167763,73.84659106818577,25.77864927318188,5,50.0,,
20250517_170307,aca,123,,,,,,,,,,,2,1,13.4,20.9,39,600,60,80,"(6.0, 6.0)",0.71,3.0,0.26666666666666666,False,123,0.01,"{'type': 'hourly', 'hourly_rates': {0: 1.59, 1: 4.38, 2: 2.38, 3: 1.15, 4: 0.84, 5: 0.76, 6: 1.0, 7: 2.25, 8: 2.86, 9: 1.94, 10: 1.23, 11: 0.85, 12: 0.55, 13: 0.37, 14: 0.21, 15: 0.13, 16: 0.08, 17: 0.05, 18: 0.04, 19: 0.04, 20: 0.12, 21: 0.24, 22: 0.41, 23: 0.53}}",False,15,0,0,5,4.0,13,,,15,11,142.66893827865923,-142.66893827865923,8,40.638776895348286,17.833617284832403,1030.4339133512788,0,0.23471441121560346,0.23471441121560346,0.23471441121560346,1.1,1.375,26.400000000000002,33.0,27.27272727272727,72.72727272727273,17.833617284832403,93.67581030466171,2,5.5,4,7,0,5,36.36363636363637,2.2,100.0,16.57107994127822,0.8660335157988713,15.705046425479349,10.793634364816702,17.887375565071324,10.60543715210869,28.702733853988548,21.399071516925392,43.3924503939777,22.813615762935008,3,27.27272727272727,,
20250517_170308,aca,124,,,,,,,,,,,2,1,13.4,20.9,39,600,60,80,"(6.0, 6.0)",0.71,3.0,0.26666666666666666,False,124,0.01,"{'type': 'hourly', 'hourly_rates': {0: 1.59, 1: 4.38, 2: 2.38, 3: 1.15, 4: 0.84, 5: 0.76, 6: 1.0, 7: 2.25, 8: 2.86, 9: 1.94, 10: 1.23, 11: 0.85, 12: 0.55, 13: 0.37, 14: 0.21, 15: 0.13, 16: 0.08, 17: 0.05, 18: 0.04, 19: 0.04, 20: 0.12, 21: 0.24, 22: 0.41, 23: 0.53}}",False,15,0,0,5,4.0,13,,,10,8,94.07513984990975,-94.07513984990975,5,36.40012392648441,18.815027969981948,1005.9083467497395,0,0.2915952819959306,0.2915952819959306,0.2915952819959306,0.8,1.0,19.200000000000003,24.0,37.5,62.5,18.815027969981948,125.73854334371744,2,4.0,2,6,0,3,25.0,2.3333333333333335,100.0,23.95543374868356,0.6750532523834281,23.280380496300133,13.090369802878802,21.686407883118775,8.499735019439623,22.838310414813748,21.590104822318423,35.40012392648441,12.77108981311767,3,37.5,,
20250517_170308,aca,125,,,,,,,,,,,2,1,13.4,20.9,39,600,60,80,"(6.0, 6.0)",0.71,3.0,0.26666666666666666,False,125,0.01,"{'type': 'hourly', 'hourly_rates': {0: 1.59, 1: 4.38, 2: 2.38, 3: 1.15, 4: 0.84, 5: 0.76, 6: 1.0, 7: 2.25, 8: 2.86, 9: 1.94, 10: 1.23, 11: 0.85, 12: 0.55, 13: 0.37, 14: 0.21, 15: 0.13, 16: 0.08, 17: 0.05, 18: 0.04, 19: 0.04, 20: 0.12, 21: 0.24, 22: 0.41, 23: 0.53}}",False,15,0,0,5,4.0,13,,,18,15,388.95697978999954,-388.95697978999954,13,77.25775338307966,29.91976767615381,1754.4814314454266,0,0.28776793396147776,0.28776793396147776,0.28776793396147776,1.5,1.875,36.0,45.0,13.333333333333334,86.66666666666667,29.91976767615381,116.96542876302844,2,7.5,7,8,0,4,33.33333333333333,2.0,100.0,38.46389061896755,8.036935372237881,30.426955246729666,13.280361412231665,29.775700731568634,21.91292625753423,77.16628272268181,35.1932876697659,92.08751097176855,22.341536052055176,2,13.333333333333334,,
20250517_170309,aca,126,,,,,,,,,,,2,1,13.4,20.9,39,600,60,80,"(6.0, 6.0)",0.71,3.0,0.26666666666666666,False,126,0.01,"{'type': 'hourly', 'hourly_rates': {0: 1.59, 1: 4.38, 2: 2.38, 3: 1.15, 4: 0.84, 5: 0.76, 6: 1.0, 7: 2.25, 8: 2.86, 9: 1.94, 10: 1.23, 11: 0.85, 12: 0.55, 13: 0.37, 14: 0.21, 15: 0.13, 16: 0.08, 17: 0.05, 18: 0.04, 19: 0.04, 20: 0.12, 21: 0.24, 22: 0.41, 23: 0.53}}",False,15,0,0,5,4.0,13,,,8,8,26.347500638629697,-26.347500638629697,2,18.190884004402847,13.173750319314848,527.7420755650616,0,0.5473665179034015,0.5473665179034015,0.5473665179034015,0.8,1.0,19.200000000000003,24.0,75.0,25.0,13.173750319314848,65.9677594456327,2,4.0,4,4,1,0,0,0,0,0,0,0,15.360760139730559,20.578738499202444,6.529974968241907,22.612145505200402,21.890735107972464,43.19088400440285,38.02225730353974,3,37.5,,
20250517_170309,aca,127,,,,,,,,,,,2,1,13.4,20.9,39,600,60,80,"(6.0, 6.0)",0.71,3.0,0.26666666666666666,False,127,0.01,"{'type': 'hourly', 'hourly_rates': {0: 1.59, 1: 4.38, 2: 2.38, 3: 1.15, 4: 0.84, 5: 0.76, 6: 1.0, 7: 2.25, 8: 2.86, 9: 1.94, 10: 1.23, 11: 0.85, 12: 0.55, 13: 0.37, 14: 0.21, 15: 0.13, 16: 0.08, 17: 0.05, 18: 0.04, 19: 0.04, 20: 0.12, 21: 0.24, 22: 0.41, 23: 0.53}}",False,15,0,0,5,4.0,13,,,14,10,260.1978752858914,-260.1978752858914,10,53.679833081439824,26.01978752858914,1426.8675730740204,0,0.2632245993528814,0.2632245993528814,0.2632245993528814,1.0,1.25,24.0,30.0,0.0,100.0,26.01978752858914,142.68675730740205,2,5.0,5,5,1,5,40.0,2.2,100.0,25.63234173008746,5.609545466027659,20.022796264059803,12.40485829851233,21.552572597754704,14.928490343846107,56.71688691871128,27.333348642358438,68.67983308143982,17.565392920485507,3,30.0,,
20250517_170310,aca,128,,,,,,,,,,,2,1,13.4,20.9,39,600,60,80,"(6.0, 6.0)",0.71,3.0,0.26666666666666666,False,128,0.01,"{'type': 'hourly', 'hourly_rates': {0: 1.59, 1: 4.38, 2: 2.38, 3: 1.15, 4: 0.84, 5: 0.76, 6: 1.0, 7: 2.25, 8: 2.86, 9: 1.94, 10: 1.23, 11: 0.85, 12: 0.55, 13: 0.37, 14: 0.21, 15: 0.13, 16: 0.08, 17: 0.05, 18: 0.04, 19: 0.04, 20: 0.12, 21: 0.24, 22: 0.41, 23: 0.53}}",False,15,0,0,5,4.0,13,,,11,9,132.17980973212593,-132.17980973212593,7,32.16561856947017,18.882829961732277,982.0253630213118,0,0.17874839857832794,0.17874839857832794,0.17874839857832794,0.9,1.125,21.6,27.0,22.22222222222222,77.77777777777779,18.882829961732277,109.11392922459021,2,4.5,2,7,1,3,22.22222222222222,2.3333333333333335,100.0,15.778412218456161,6.452706329635389,9.325705888820771,13.65077493259675,15.859378847174861,10.762565920765514,28.00310111189566,24.413340853362264,43.86247995907052,17.48209636978052,4,44.44444444444444,,
20250517_170311,aca,129,,,,,,,,,,,2,1,13.4,20.9,39,600,60,80,"(6.0, 6.0)",0.71,3.0,0.26666666666666666,False,129,0.01,"{'type': 'hourly', 'hourly_rates': {0: 1.59, 1: 4.38, 2: 2.38, 3: 1.15, 4: 0.84, 5: 0.76, 6: 1.0, 7: 2.25, 8: 2.86, 9: 1.94, 10: 1.23, 11: 0.85, 12: 0.55, 13: 0.37, 14: 0.21, 15: 0.13, 16: 0.08, 17: 0.05, 18: 0.04, 19: 0.04, 20: 0.12, 21: 0.24, 22: 0.41, 23: 0.53}}",False,15,0,0,5,4.0,13,,,21,14,597.8805079971744,-597.8805079971743,13,139.18581004400068,45.99080830747495,2856.4632713815436,0,0.06155755698990668,0.06155755698990668,0.06155755698990668,1.4,1.75,33.599999999999994,42.0,7.142857142857142,92.85714285714286,45.99080830747495,204.0330908129674,2,7.0,5,9,0,11,64.28571428571429,2.3636363636363638,100.0,25.444029621020306,18.169206063123102,7.274823557897204,11.135368081033192,15.84045655578268,21.705350267735366,67.80531336954854,32.84071834876856,79.18501469505026,3.8656357943095827,2,14.285714285714285,,
20250517_170311,aca,130,,,,,,,,,,,2,1,13.4,20.9,39,600,60,80,"(6.0, 6.0)",0.71,3.0,0.26666666666666666,False,130,0.01,"{'type': 'hourly', 'hourly_rates': {0: 1.59, 1: 4.38, 2: 2.38, 3: 1.15, 4: 0.84, 5: 0.76, 6: 1.0, 7: 2.25, 8: 2.86, 9: 1.94, 10: 1.23, 11: 0.85, 12: 0.55, 13: 0.37, 14: 0.21, 15: 0.13, 16: 0.08, 17: 0.05, 18: 0.04, 19: 0.04, 20: 0.12, 21: 0.24, 22: 0.41, 23: 0.53}}",False,15,0,0,5,4.0,13,,,10,9,38.253175874160824,-38.253175874160824,4,15.668478268964577,9.563293968540206,1414.4823204144966,0,0.4746984971453383,0.4746984971453383,0.4746984971453383,0.9,1.125,21.6,27.0,55.55555555555556,44.44444444444444,9.563293968540206,157.1647022682774,2,4.5,3,6,0,1,11.11111111111111,2.0,100.0,6.572535766795227,3.9600800134206997,2.612455753374527,11.953655362136244,18.005053404527246,7.85992010646757,25.665964625365213,19.813575468603815,35.23475932473769,8.48972286481587,2,22.22222222222222,,
20250517_170312,aca,131,,,,,,,,,,,2,1,13.4,20.9,39,600,60,80,"(6.0, 6.0)",0.71,3.0,0.26666666666666666,False,131,0.01,"{'type': 'hourly', 'hourly_rates': {0: 1.59, 1: 4.38, 2: 2.38, 3: 1.15, 4: 0.84, 5: 0.76, 6: 1.0, 7: 2.25, 8: 2.86, 9: 1.94, 10: 1.23, 11: 0.85, 12: 0.55, 13: 0.37, 14: 0.21, 15: 0.13, 16: 0.08, 17: 0.05, 18: 0.04, 19: 0.04, 20: 0.12, 21: 0.24, 22: 0.41, 23: 0.53}}",False,15,0,0,5,4.0,13,,,10,10,89.59382636584293,-89.59382636584293,5,35.308099971248,17.918765273168585,926.8328091708602,0,0.40077306488580816,0.40077306488580816,0.40077306488580816,1.0,1.25,24.0,30.0,50.0,50.0,17.918765273168585,92.68328091708602,2,5.0,4,6,1,0,0,0,0,0,0,0,12.594064943371084,24.956741635610058,13.87977216752661,34.544530527230535,26.473837110897694,57.308099971248,16.9179336524304,3,30.0,,
20250517_170312,aca,132,,,,,,,,,,,2,1,13.4,20.9,39,600,60,80,"(6.0, 6.0)",0.71,3.0,0.26666666666666666,False,132,0.01,"{'type': 'hourly', 'hourly_rates': {0: 1.59, 1: 4.38, 2: 2.38, 3: 1.15, 4: 0.84, 5: 0.76, 6: 1.0, 7: 2.25, 8: 2.86, 9: 1.94, 10: 1.23, 11: 0.85, 12: 0.55, 13: 0.37, 14: 0.21, 15: 0.13, 16: 0.08, 17: 0.05, 18: 0.04, 19: 0.04, 20: 0.12, 21: 0.24, 22: 0.41, 23: 0.53}}",False,15,0,0,5,4.0,13,,,14,11,78.02512939116703,-78.02512939116703,7,25.606663509914796,11.146447055881003,902.6982119312775,0,0.2970646444551052,0.2970646444551052,0.2970646444551052,1.1,1.375,26.400000000000002,33.0,36.36363636363637,63.63636363636363,11.146447055881003,82.06347381193432,2,5.5,4,7,0,3,18.181818181818183,2.3333333333333335,100.0,6.733072662041906,5.75894643935548,0.9741262226864258,12.061159439823928,19.599439437829673,11.85695995904012,45.172771200334495,23.91811939886405,53.606663509914796,27.61461553403504,3,27.27272727272727,,
20250517_170313,aca,133,,,,,,,,,,,2,1,13.4,20.9,39,600,60,80,"(6.0, 6.0)",0.71,3.0,0.26666666666666666,False,133,0.01,"{'type': 'hourly', 'hourly_rates': {0: 1.59, 1: 4.38, 2: 2.38, 3: 1.15, 4: 0.84, 5: 0.76, 6: 1.0, 7: 2.25, 8: 2.86, 9: 1.94, 10: 1.23, 11: 0.85, 12: 0.55, 13: 0.37, 14: 0.21, 15: 0.13, 16: 0.08, 17: 0.05, 18: 0.04, 19: 0.04, 20: 0.12, 21: 0.24, 22: 0.41, 23: 0.53}}",False,15,0,0,5,4.0,13,,,9,9,7.415244453034063,-7.415244453034063,1,7.415244453034063,7.415244453034063,909.074000079295,0,0.450951657565079,0.450951657565079,0.450951657565079,0.9,1.125,21.6,27.0,88.88888888888889,11.11111111111111,7.415244453034063,101.00822223103279,2,4.5,3,6,1,0,0,0,0,0,0,0,10.26976715094803,18.31894389419574,4.678951732146008,15.376349929308216,14.948718883094038,28.415244453034063,7.6485345722589795,4,44.44444444444444,,
20250517_170314,aca,134,,,,,,,,,,,2,1,13.4,20.9,39,600,60,80,"(6.0, 6.0)",0.71,3.0,0.26666666666666666,False,134,0.01,"{'type': 'hourly', 'hourly_rates': {0: 1.59, 1: 4.38, 2: 2.38, 3: 1.15, 4: 0.84, 5: 0.76, 6: 1.0, 7: 2.25, 8: 2.86, 9: 1.94, 10: 1.23, 11: 0.85, 12: 0.55, 13: 0.37, 14: 0.21, 15: 0.13, 16: 0.08, 17: 0.05, 18: 0.04, 19: 0.04, 20: 0.12, 21: 0.24, 22: 0.41, 23: 0.53}}",False,15,0,0,5,4.0,13,,,10,8,118.43059390812823,-118.43059390812823,6,39.51541617147066,19.73843231802137,1276.2524787350153,0,0.4126594249879684,0.4126594249879684,0.4126594249879684,0.8,1.0,19.200000000000003,24.0,25.0,75.0,19.73843231802137,159.5315598418769,2,4.0,2,6,1,4,37.5,2.25,100.0,20.714219468930793,1.300195154446476,19.414024314484315,15.382288582404072,19.85159101905981,6.465415557037106,32.346632031853574,21.847704139441177,42.67545564387089,30.015743166861526,3,37.5,,
20250517_170314,aca,135,,,,,,,,,,,2,1,13.4,20.9,39,600,60,80,"(6.0, 6.0)",0.71,3.0,0.26666666666666666,False,135,0.01,"{'type': 'hourly', 'hourly_rates': {0: 1.59, 1: 4.38, 2: 2.38, 3: 1.15, 4: 0.84, 5: 0.76, 6: 1.0, 7: 2.25, 8: 2.86, 9: 1.94, 10: 1.23, 11: 0.85, 12: 0.55, 13: 0.37, 14: 0.21, 15: 0.13, 16: 0.08, 17: 0.05, 18: 0.04, 19: 0.04, 20: 0.12, 21: 0.24, 22: 0.41, 23: 0.53}}",False,15,0,0,5,4.0,13,,,8,8,29.57359824985889,-29.57359824985889,3,15.86152282087727,9.857866083286297,728.9882905674111,0,0.5179271639847749,0.5179271639847749,0.5179271639847749,0.8,1.0,19.200000000000003,24.0,62.5,37.5,9.857866083286297,91.12353632092639,2,4.0,3,5,1,0,0,0,0,0,0,0,11.950432706256292,18.950710955882883,9.17364448144761,28.391580932647898,21.124077187703904,43.861522820877255,8.724834565140739,2,25.0,,
20250517_170315,aca,136,,,,,,,,,,,2,1,13.4,20.9,39,600,60,80,"(6.0, 6.0)",0.71,3.0,0.26666666666666666,False,136,0.01,"{'type': 'hourly', 'hourly_rates': {0: 1.59, 1: 4.38, 2: 2.38, 3: 1.15, 4: 0.84, 5: 0.76, 6: 1.0, 7: 2.25, 8: 2.86, 9: 1.94, 10: 1.23, 11: 0.85, 12: 0.55, 13: 0.37, 14: 0.21, 15: 0.13, 16: 0.08, 17: 0.05, 18: 0.04, 19: 0.04, 20: 0.12, 21: 0.24, 22: 0.41, 23: 0.53}}",False,15,0,0,5,4.0,13,,,13,9,309.9993341096007,-309.9993341096007,9,68.49150681712082,34.444370456622295,1142.6630851960072,0,0.1944741540217805,0.1944741540217805,0.1944741540217805,0.9,1.125,21.6,27.0,0.0,100.0,34.444370456622295,126.96256502177857,2,4.5,4,5,1,4,22.22222222222222,2.5,100.0,45.27665084578103,7.1901221787456056,38.086528667035424,12.186574880481318,15.893028832536942,18.762438477450516,65.39412476862447,30.94901335793184,80.49150681712082,17.688915573534956,2,22.22222222222222,,
20250517_170315,aca,137,,,,,,,,,,,2,1,13.4,20.9,39,600,60,80,"(6.0, 6.0)",0.71,3.0,0.26666666666666666,False,137,0.01,"{'type': 'hourly', 'hourly_rates': {0: 1.59, 1: 4.38, 2: 2.38, 3: 1.15, 4: 0.84, 5: 0.76, 6: 1.0, 7: 2.25, 8: 2.86, 9: 1.94, 10: 1.23, 11: 0.85, 12: 0.55, 13: 0.37, 14: 0.21, 15: 0.13, 16: 0.08, 17: 0.05, 18: 0.04, 19: 0.04, 20: 0.12, 21: 0.24, 22: 0.41, 23: 0.53}}",False,15,0,0,5,4.0,13,,,12,12,45.363155826054054,-45.363155826054054,4,25.164559315903915,11.340788956513514,1127.4246559837695,0,0.2335571741772056,0.2335571741772056,0.2335571741772056,1.2,1.5,28.799999999999997,36.0,66.66666666666666,33.33333333333333,11.340788956513514,93.95205466531412,2,6.0,5,7,1,0,0,0,0,0,0,0,16.96581856258329,24.20371145832968,7.249662900694601,42.02753573086054,24.215481463277893,53.16455931590392,79.16477730861288,8,66.66666666666666,,
20250517_170315,aca,138,,,,,,,,,,,2,1,13.4,20.9,39,600,60,80,"(6.0, 6.0)",0.71,3.0,0.26666666666666666,False,138,0.01,"{'type': 'hourly', 'hourly_rates': {0: 1.59, 1: 4.38, 2: 2.38, 3: 1.15, 4: 0.84, 5: 0.76, 6: 1.0, 7: 2.25, 8: 2.86, 9: 1.94, 10: 1.23, 11: 0.85, 12: 0.55, 13: 0.37, 14: 0.21, 15: 0.13, 16: 0.08, 17: 0.05, 18: 0.04, 19: 0.04, 20: 0.12, 21: 0.24, 22: 0.41, 23: 0.53}}",False,15,0,0,5,4.0,13,,,6,6,99.34029978748833,-99.34029978748833,2,54.08806978609502,49.67014989374417,806.986150775097,0,0.5629018305152852,0.5629018305152852,0.5629018305152852,0.6,0.75,14.399999999999999,18.0,66.66666666666666,33.33333333333333,49.67014989374417,134.4976917958495,2,3.0,2,4,1,1,33.33333333333333,2.0,100.0,27.04403489304751,11.313057500348329,15.730977392699181,12.208484713264715,18.0194892321295,22.675157648169304,61.11370259442924,34.88364236143402,69.25223000139331,15.078319621374142,2,33.33333333333333,,
20250517_170316,aca,139,,,,,,,,,,,2,1,13.4,20.9,39,600,60,80,"(6.0, 6.0)",0.71,3.0,0.26666666666666666,False,139,0.01,"{'type': 'hourly', 'hourly_rates': {0: 1.59, 1: 4.38, 2: 2.38, 3: 1.15, 4: 0.84, 5: 0.76, 6: 1.0, 7: 2.25, 8: 2.86, 9: 1.94, 10: 1.23, 11: 0.85, 12: 0.55, 13: 0.37, 14: 0.21, 15: 0.13, 16: 0.08, 17: 0.05, 18: 0.04, 19: 0.04, 20: 0.12, 21: 0.24, 22: 0.41, 23: 0.53}}",False,15,0,0,5,4.0,13,,,12,10,121.35601461757551,-121.35601461757551,7,50.43551333147184,17.336573516796502,1385.484196307862,0,0.5256724656577704,0.5256724656577704,0.5256724656577704,1.0,1.25,24.0,30.0,30.0,70.0,17.336573516796502,138.5484196307862,2,5.0,5,5,1,2,20.0,2.0,100.0,10.399991395603081,12.290369147882085,-1.8903777522790044,12.999211772105577,22.217831691052993,15.879335193763893,45.60359178195901,28.878546965869468,59.43551333147184,23.853572512476724,3,30.0,,
20250517_170316,aca,140,,,,,,,,,,,2,1,13.4,20.9,39,600,60,80,"(6.0, 6.0)",0.71,3.0,0.26666666666666666,False,140,0.01,"{'type': 'hourly', 'hourly_rates': {0: 1.59, 1: 4.38, 2: 2.38, 3: 1.15, 4: 0.84, 5: 0.76, 6: 1.0, 7: 2.25, 8: 2.86, 9: 1.94, 10: 1.23, 11: 0.85, 12: 0.55, 13: 0.37, 14: 0.21, 15: 0.13, 16: 0.08, 17: 0.05, 18: 0.04, 19: 0.04, 20: 0.12, 21: 0.24, 22: 0.41, 23: 0.53}}",False,15,0,0,5,4.0,13,,,8,8,10.451204291551875,-10.451204291551875,2,7.2449096122730055,5.225602145775937,870.4440731149439,0,0.4601238711867283,0.4601238711867283,0.4601238711867283,0.8,1.0,19.200000000000003,24.0,75.0,25.0,5.225602145775937,108.80550913936798,2,4.0,4,4,1,0,0,0,0,0,0,0,13.256312792706098,22.275239618839464,7.412400241521216,16.08356039657184,20.668713034227313,29.20629467927887,10.80276413992425,1,12.5,,
20250517_170317,aca,141,,,,,,,,,,,2,1,13.4,20.9,39,600,60,80,"(6.0, 6.0)",0.71,3.0,0.26666666666666666,False,141,0.01,"{'type': 'hourly', 'hourly_rates': {0: 1.59, 1: 4.38, 2: 2.38, 3: 1.15, 4: 0.84, 5: 0.76, 6: 1.0, 7: 2.25, 8: 2.86, 9: 1.94, 10: 1.23, 11: 0.85, 12: 0.55, 13: 0.37, 14: 0.21, 15: 0.13, 16: 0.08, 17: 0.05, 18: 0.04, 19: 0.04, 20: 0.12, 21: 0.24, 22: 0.41, 23: 0.53}}",False,15,0,0,5,4.0,13,,,15,14,76.10530125979413,-76.10530125979413,6,25.76554790753471,12.684216876632355,1158.5876298140072,0,0.20546440634808197,0.20546440634808197,0.20546440634808197,1.4,1.75,33.599999999999994,42.0,57.14285714285714,42.857142857142854,12.684216876632355,82.75625927242909,2,7.0,6,8,1,1,7.142857142857142,2.0,100.0,8.497668596893078,4.5827692315463935,3.9148993653466846,13.442917343817586,20.99156765486623,9.43172350925194,32.95161270774872,22.87464085306953,48.13701891521788,13.57979962375472,5,35.714285714285715,,
20250517_170317,rl_aca,42,,,,,,,,,,,2,1,13.4,20.9,39,600,60,80,"(6.0, 6.0)",0.71,3.0,0.26666666666666666,False,42,0.01,"{'type': 'hourly', 'hourly_rates': {0: 1.59, 1: 4.38, 2: 2.38, 3: 1.15, 4: 0.84, 5: 0.76, 6: 1.0, 7: 2.25, 8: 2.86, 9: 1.94, 10: 1.23, 11: 0.85, 12: 0.55, 13: 0.37, 14: 0.21, 15: 0.13, 16: 0.08, 17: 0.05, 18: 0.04, 19: 0.04, 20: 0.12, 21: 0.24, 22: 0.41, 23: 0.53}}",False,15,3,10,3,2.0,13,,,11,11,39.642693041767785,-39.642693041767785,3,24.94018548847771,13.214231013922594,700.6507972446076,1,0.5125971922350657,0.5125971922350657,0.5125971922350657,1.1,1.375,26.400000000000002,33.0,72.72727272727273,27.27272727272727,13.214231013922594,63.69552702223705,2,5.5,5,6,1,0,0,0,0,0,0,0,12.86671866578355,21.33402659090094,8.406778328628365,39.56899433942601,21.273496994411918,49.94018548847771,30.70743463193318,7,63.63636363636363,,
20250517_170318,rl_aca,43,,,,,,,,,,,2,1,13.4,20.9,39,600,60,80,"(6.0, 6.0)",0.71,3.0,0.26666666666666666,False,43,0.01,"{'type': 'hourly', 'hourly_rates': {0: 1.59, 1: 4.38, 2: 2.38, 3: 1.15, 4: 0.84, 5: 0.76, 6: 1.0, 7: 2.25, 8: 2.86, 9: 1.94, 10: 1.23, 11: 0.85, 12: 0.55, 13: 0.37, 14: 0.21, 15: 0.13, 16: 0.08, 17: 0.05, 18: 0.04, 19: 0.04, 20: 0.12, 21: 0.24, 22: 0.41, 23: 0.53}}",False,15,3,10,3,2.0,13,,,8,8,12.520618450436395,-12.520618450436395,2,10.152806915903547,6.260309225218197,687.7044236144242,0,0.4178327208858847,0.4178327208858847,0.4178327208858847,0.8,1.0,19.200000000000003,24.0,75.0,25.0,6.260309225218197,85.96305295180302,2,4.0,3,5,0,0,0,0,0,0,0,0,14.582244712669356,24.154144049648437,3.673486570609028,25.930579552337516,18.255731283278383,35.15280691590355,36.0770220098328,6,75.0,,
20250517_170319,rl_aca,44,,,,,,,,,,,2,1,13.4,20.9,39,600,60,80,"(6.0, 6.0)",0.71,3.0,0.26666666666666666,False,44,0.01,"{'type': 'hourly', 'hourly_rates': {0: 1.59, 1: 4.38, 2: 2.38, 3: 1.15, 4: 0.84, 5: 0.76, 6: 1.0, 7: 2.25, 8: 2.86, 9: 1.94, 10: 1.23, 11: 0.85, 12: 0.55, 13: 0.37, 14: 0.21, 15: 0.13, 16: 0.08, 17: 0.05, 18: 0.04, 19: 0.04, 20: 0.12, 21: 0.24, 22: 0.41, 23: 0.53}}",False,15,3,10,3,2.0,13,,,13,8,35.790108339887354,-35.790108339887354,3,21.17615995075741,11.930036113295785,616.2316218300183,5,0.39489390888581666,0.39489390888581666,0.39489390888581666,0.8,1.0,19.200000000000003,24.0,62.5,37.5,11.930036113295785,77.02895272875229,1,8.0,8,8,1,2,0.0,2.0,100.0,0,0,0,14.486737710322947,23.13672698726552,7.092330950921212,25.387360177469347,21.579068661244158,41.17615995075741,27.553068451458927,3,37.5,,
20250517_170319,rl_aca,45,,,,,,,,,,,2,1,13.4,20.9,39,600,60,80,"(6.0, 6.0)",0.71,3.0,0.26666666666666666,False,45,0.01,"{'type': 'hourly', 'hourly_rates': {0: 1.59, 1: 4.38, 2: 2.38, 3: 1.15, 4: 0.84, 5: 0.76, 6: 1.0, 7: 2.25, 8: 2.86, 9: 1.94, 10: 1.23, 11: 0.85, 12: 0.55, 13: 0.37, 14: 0.21, 15: 0.13, 16: 0.08, 17: 0.05, 18: 0.04, 19: 0.04, 20: 0.12, 21: 0.24, 22: 0.41, 23: 0.53}}",False,15,3,10,3,2.0,13,,,19,13,281.69676509082774,-281.69676509082774,14,35.29458816355162,20.121197506487697,1887.5956515624173,5,0.14945315271560786,0.14945315271560786,0.14945315271560786,1.3,1.625,31.200000000000003,39.0,-7.6923076923076925,107.6923076923077,20.121197506487697,145.19966550480132,2,6.5,6,7,0,4,30.76923076923077,2.25,100.0,23.175474108835125,8.159753904088154,15.015720204746971,13.304724371807232,25.81215418832207,15.517825120538987,34.01936729389604,28.82254949234622,47.42015349479098,7.853214932887909,1,7.6923076923076925,,
20250517_170320,rl_aca,46,,,,,,,,,,,2,1,13.4,20.9,39,600,60,80,"(6.0, 6.0)",0.71,3.0,0.26666666666666666,False,46,0.01,"{'type': 'hourly', 'hourly_rates': {0: 1.59, 1: 4.38, 2: 2.38, 3: 1.15, 4: 0.84, 5: 0.76, 6: 1.0, 7: 2.25, 8: 2.86, 9: 1.94, 10: 1.23, 11: 0.85, 12: 0.55, 13: 0.37, 14: 0.21, 15: 0.13, 16: 0.08, 17: 0.05, 18: 0.04, 19: 0.04, 20: 0.12, 21: 0.24, 22: 0.41, 23: 0.53}}",False,15,3,10,3,2.0,13,,,12,6,1.2775601518667372,-1.2775601518667372,2,1.2446791524596392,0.6387800759333686,966.3693283968311,6,0.4907439397121618,0.4907439397121618,0.4907439397121618,0.6,0.75,14.399999999999999,18.0,66.66666666666666,33.33333333333333,0.6387800759333686,161.06155473280518,2,3.0,1,5,1,0,0,0,0,0,0,0,13.745614557001078,19.224030643073803,3.224260193047641,12.474349590814228,16.96987475004872,20.244679152459668,20.739888832897748,4,66.66666666666666,,
20250517_170321,rl_aca,47,,,,,,,,,,,2,1,13.4,20.9,39,600,60,80,"(6.0, 6.0)",0.71,3.0,0.26666666666666666,False,47,0.01,"{'type': 'hourly', 'hourly_rates': {0: 1.59, 1: 4.38, 2: 2.38, 3: 1.15, 4: 0.84, 5: 0.76, 6: 1.0, 7: 2.25, 8: 2.86, 9: 1.94, 10: 1.23, 11: 0.85, 12: 0.55, 13: 0.37, 14: 0.21, 15: 0.13, 16: 0.08, 17: 0.05, 18: 0.04, 19: 0.04, 20: 0.12, 21: 0.24, 22: 0.41, 23: 0.53}}",False,15,3,10,3,2.0,13,,,10,8,114.23092054101376,-114.23092054101376,7,32.86910029621299,16.318702934430537,867.091420255193,4,0.4029180560000885,0.4029180560000885,0.4029180560000885,0.8,1.0,19.200000000000003,24.0,12.5,87.5,16.318702934430537,108.38642753189913,2,4.0,4,4,1,1,12.5,3.0,100.0,31.371370806730226,5.374412742837042,25.996958063893185,13.44885909528555,19.664688961149693,13.129578681441801,41.37903943305281,26.578437776727352,59.86910029621299,22.535202327008342,4,50.0,,
20250517_170321,rl_aca,48,,,,,,,,,,,2,1,13.4,20.9,39,600,60,80,"(6.0, 6.0)",0.71,3.0,0.26666666666666666,False,48,0.01,"{'type': 'hourly', 'hourly_rates': {0: 1.59, 1: 4.38, 2: 2.38, 3: 1.15, 4: 0.84, 5: 0.76, 6: 1.0, 7: 2.25, 8: 2.86, 9: 1.94, 10: 1.23, 11: 0.85, 12: 0.55, 13: 0.37, 14: 0.21, 15: 0.13, 16: 0.08, 17: 0.05, 18: 0.04, 19: 0.04, 20: 0.12, 21: 0.24, 22: 0.41, 23: 0.53}}",False,15,3,10,3,2.0,13,,,13,12,60.70724469556227,-60.70724469556227,6,19.095368828613005,10.117874115927044,1572.423753514789,3,0.18642300083022129,0.18642300083022129,0.18642300083022129,1.2,1.5,28.799999999999997,36.0,50.0,50.0,10.117874115927044,131.03531279289908,2,6.0,5,7,1,1,8.333333333333332,2.0,100.0,12.426109215231946,2.6532515137924833,9.772857701439463,14.44779020528375,26.355292018407994,5.059430869868975,21.428689795767667,19.507221075152724,37.71121380626907,22.27225746319789,4,33.33333333333333,,
20250517_170322,rl_aca,49,,,,,,,,,,,2,1,13.4,20.9,39,600,60,80,"(6.0, 6.0)",0.71,3.0,0.26666666666666666,False,49,0.01,"{'type': 'hourly', 'hourly_rates': {0: 1.59, 1: 4.38, 2: 2.38, 3: 1.15, 4: 0.84, 5: 0.76, 6: 1.0, 7: 2.25, 8: 2.86, 9: 1.94, 10: 1.23, 11: 0.85, 12: 0.55, 13: 0.37, 14: 0.21, 15: 0.13, 16: 0.08, 17: 0.05, 18: 0.04, 19: 0.04, 20: 0.12, 21: 0.24, 22: 0.41, 23: 0.53}}",False,15,3,10,3,2.0,13,,,12,10,57.46024406647052,-57.46024406647052,5,27.55395343772534,11.492048813294105,1547.0052976254992,5,0.5484921062336238,0.5484921062336238,0.5484921062336238,1.0,1.25,24.0,30.0,50.0,50.0,11.492048813294105,154.70052976254993,2,5.0,4,6,1,2,20.0,2.0,100.0,9.531283120470476,4.033846718527592,5.497436401942885,11.235704686011113,20.03507424706629,8.33506088533937,27.589546236449905,19.570765571350485,39.55395343772534,17.731691465259928,2,20.0,,
20250517_170322,rl_aca,50,,,,,,,,,,,2,1,13.4,20.9,39,600,60,80,"(6.0, 6.0)",0.71,3.0,0.26666666666666666,False,50,0.01,"{'type': 'hourly', 'hourly_rates': {0: 1.59, 1: 4.38, 2: 2.38, 3: 1.15, 4: 0.84, 5: 0.76, 6: 1.0, 7: 2.25, 8: 2.86, 9: 1.94, 10: 1.23, 11: 0.85, 12: 0.55, 13: 0.37, 14: 0.21, 15: 0.13, 16: 0.08, 17: 0.05, 18: 0.04, 19: 0.04, 20: 0.12, 21: 0.24, 22: 0.41, 23: 0.53}}",False,15,3,10,3,2.0,13,,,5,5,0.9984151655883693,-0.9984151655883693,1,0.9984151655883693,0.9984151655883693,533.379508980324,0,0.6782147618265476,0.6782147618265476,0.6782147618265476,0.5,0.625,12.0,15.0,80.0,20.0,0.9984151655883693,106.67590179606479,2,2.5,2,3,1,0,0,0,0,0,0,0,12.886658306960848,20.301619231550035,1.4827162679573145,3.078328266135543,14.369374574918163,20.99841516558837,11.5888485670854,3,60.0,,
20250517_170323,rl_aca,51,,,,,,,,,,,2,1,13.4,20.9,39,600,60,80,"(6.0, 6.0)",0.71,3.0,0.26666666666666666,False,51,0.01,"{'type': 'hourly', 'hourly_rates': {0: 1.59, 1: 4.38, 2: 2.38, 3: 1.15, 4: 0.84, 5: 0.76, 6: 1.0, 7: 2.25, 8: 2.86, 9: 1.94, 10: 1.23, 11: 0.85, 12: 0.55, 13: 0.37, 14: 0.21, 15: 0.13, 16: 0.08, 17: 0.05, 18: 0.04, 19: 0.04, 20: 0.12, 21: 0.24, 22: 0.41, 23: 0.53}}",False,15,3,10,3,2.0,13,,,9,9,35.30017466904707,-35.30017466904707,3,18.32447266091839,11.766724889682356,1086.1994111666365,3,0.5082934073469108,0.5082934073469108,0.5082934073469108,0.9,1.125,21.6,27.0,66.66666666666666,33.33333333333333,11.766724889682356,120.68882346295962,2,4.5,4,5,0,1,22.22222222222222,2.0,100.0,0.0,5.042882095578152,-5.042882095578152,12.76868486451527,22.93815343623038,7.763345292732295,28.38164482677621,20.532030157247565,38.41054924857656,22.527685273776513,4,44.44444444444444,,
20250517_170323,rl_aca,52,,,,,,,,,,,2,1,13.4,20.9,39,600,60,80,"(6.0, 6.0)",0.71,3.0,0.26666666666666666,False,52,0.01,"{'type': 'hourly', 'hourly_rates': {0: 1.59, 1: 4.38, 2: 2.38, 3: 1.15, 4: 0.84, 5: 0.76, 6: 1.0, 7: 2.25, 8: 2.86, 9: 1.94, 10: 1.23, 11: 0.85, 12: 0.55, 13: 0.37, 14: 0.21, 15: 0.13, 16: 0.08, 17: 0.05, 18: 0.04, 19: 0.04, 20: 0.12, 21: 0.24, 22: 0.41, 23: 0.53}}",False,15,3,10,3,2.0,13,,,7,7,16.584093357783644,-16.584093357783644,3,13,5.528031119261215,1334.4290134914422,0,0.4950813316525161,0.4950813316525161,0.4950813316525161,0.7,0.875,16.799999999999997,21.0,57.14285714285714,42.857142857142854,5.528031119261215,190.63271621306316,2,3.5,3,4,1,1,28.57142857142857,2.0,100.0,6.649568848146302,0.6569911322982079,5.992577715848094,13.202065786747507,20.633399046563,4.871971250777675,17.309845693058193,18.074037037525184,25.299137696292597,22.848888504727455,4,57.14285714285714,,
20250517_170325,rl_aca,53,,,,,,,,,,,2,1,13.4,20.9,39,600,60,80,"(6.0, 6.0)",0.71,3.0,0.26666666666666666,False,53,0.01,"{'type': 'hourly', 'hourly_rates': {0: 1.59, 1: 4.38, 2: 2.38, 3: 1.15, 4: 0.84, 5: 0.76, 6: 1.0, 7: 2.25, 8: 2.86, 9: 1.94, 10: 1.23, 11: 0.85, 12: 0.55, 13: 0.37, 14: 0.21, 15: 0.13, 16: 0.08, 17: 0.05, 18: 0.04, 19: 0.04, 20: 0.12, 21: 0.24, 22: 0.41, 23: 0.53}}",False,15,3,10,3,2.0,13,,,14,4,2444.6984407190503,-2444.6984407190503,11,415.7711181561457,222.24531279264093,906.5678445860542,13,0.6877658352681849,0.6877658352681849,0.6877658352681849,0.4,0.5,9.600000000000001,12.0,-175.0,275.0,222.24531279264093,226.64196114651355,2,2.0,1,3,0,4,100.0,2.75,100.0,0,0,0,11.777936714646914,18.849314490912555,183.28382676907364,332.79926282301875,195.06176348372054,344.68577302252777,0.0,0,0.0,,
20250517_170326,rl_aca,54,,,,,,,,,,,2,1,13.4,20.9,39,600,60,80,"(6.0, 6.0)",0.71,3.0,0.26666666666666666,False,54,0.01,"{'type': 'hourly', 'hourly_rates': {0: 1.59, 1: 4.38, 2: 2.38, 3: 1.15, 4: 0.84, 5: 0.76, 6: 1.0, 7: 2.25, 8: 2.86, 9: 1.94, 10: 1.23, 11: 0.85, 12: 0.55, 13: 0.37, 14: 0.21, 15: 0.13, 16: 0.08, 17: 0.05, 18: 0.04, 19: 0.04, 20: 0.12, 21: 0.24, 22: 0.41, 23: 0.53}}",False,15,3,10,3,2.0,13,,,9,7,113.2859995074347,-113.2859995074347,6,45.891584249823836,18.880999917905783,1372.7972193384433,5,0.5748370660328384,0.5748370660328384,0.5748370660328384,0.7,0.875,16.799999999999997,21.0,14.285714285714285,85.71428571428571,18.880999917905783,196.11388847692047,2,3.5,3,4,1,1,0.0,2.0,100.0,0,0,0,11.741663734013851,16.45476851228443,16.779026963205816,40.02399307321082,28.520690697219667,56.47876158549525,8.322250698928514,1,14.285714285714285,,
20250517_170327,rl_aca,55,,,,,,,,,,,2,1,13.4,20.9,39,600,60,80,"(6.0, 6.0)",0.71,3.0,0.26666666666666666,False,55,0.01,"{'type': 'hourly', 'hourly_rates': {0: 1.59, 1: 4.38, 2: 2.38, 3: 1.15, 4: 0.84, 5: 0.76, 6: 1.0, 7: 2.25, 8: 2.86, 9: 1.94, 10: 1.23, 11: 0.85, 12: 0.55, 13: 0.37, 14: 0.21, 15: 0.13, 16: 0.08, 17: 0.05, 18: 0.04, 19: 0.04, 20: 0.12, 21: 0.24, 22: 0.41, 23: 0.53}}",False,15,3,10,3,2.0,13,,,11,0,0,0,0,0,0,0,11,1.0,1.0,1.0,0.0,0.0,0.0,0.0,0,0,0,0,0,0,0,0,,0,0,0,0,0,0,0,0,0.0,0,0.0,0,0.0,0.0,0,0,,
20250517_170328,rl_aca,56,,,,,,,,,,,2,1,13.4,20.9,39,600,60,80,"(6.0, 6.0)",0.71,3.0,0.26666666666666666,False,56,0.01,"{'type': 'hourly', 'hourly_rates': {0: 1.59, 1: 4.38, 2: 2.38, 3: 1.15, 4: 0.84, 5: 0.76, 6: 1.0, 7: 2.25, 8: 2.86, 9: 1.94, 10: 1.23, 11: 0.85, 12: 0.55, 13: 0.37, 14: 0.21, 15: 0.13, 16: 0.08, 17: 0.05, 18: 0.04, 19: 0.04, 20: 0.12, 21: 0.24, 22: 0.41, 23: 0.53}}",False,15,3,10,3,2.0,13,,,10,4,562.9136859830282,-562.9136859830282,3,194.76207757137246,187.6378953276761,323.44663355924087,8,0.7160873005485828,0.7160873005485828,0.7160873005485828,0.4,0.5,9.600000000000001,12.0,25.0,75.0,187.6378953276761,80.86165838981022,2,2.0,1,3,0,1,25.0,3.0,100.0,194.76207757137246,0.0,194.76207757137246,15.598935897437201,17.350176049620444,43.935460448515244,173.54935501241812,59.53439634595244,189.76207757137246,22.807513218357144,3,75.0,,
20250517_170328,rl_aca,57,,,,,,,,,,,2,1,13.4,20.9,39,600,60,80,"(6.0, 6.0)",0.71,3.0,0.26666666666666666,False,57,0.01,"{'type': 'hourly', 'hourly_rates': {0: 1.59, 1: 4.38, 2: 2.38, 3: 1.15, 4: 0.84, 5: 0.76, 6: 1.0, 7: 2.25, 8: 2.86, 9: 1.94, 10: 1.23, 11: 0.85, 12: 0.55, 13: 0.37, 14: 0.21, 15: 0.13, 16: 0.08, 17: 0.05, 18: 0.04, 19: 0.04, 20: 0.12, 21: 0.24, 22: 0.41, 23: 0.53}}",False,15,3,10,3,2.0,13,,,12,11,84.80173540567367,-84.80173540567367,4,55.74059191955524,21.200433851418417,1234.7837796960573,0,0.3885698160175649,0.3885698160175649,0.3885698160175649,1.1,1.375,26.400000000000002,33.0,63.63636363636363,36.36363636363637,21.200433851418417,112.25307088145975,2,5.5,5,6,1,1,9.090909090909092,2.0,100.0,9.60374330674722,7.138354322876938,2.465388983870281,12.379666160712713,18.227635137720426,10.475128185758452,64.85102060310032,22.854794346471166,76.74059191955524,41.600375130529955,6,54.54545454545454,,
20250517_170329,rl_aca,58,,,,,,,,,,,2,1,13.4,20.9,39,600,60,80,"(6.0, 6.0)",0.71,3.0,0.26666666666666666,False,58,0.01,"{'type': 'hourly', 'hourly_rates': {0: 1.59, 1: 4.38, 2: 2.38, 3: 1.15, 4: 0.84, 5: 0.76, 6: 1.0, 7: 2.25, 8: 2.86, 9: 1.94, 10: 1.23, 11: 0.85, 12: 0.55, 13: 0.37, 14: 0.21, 15: 0.13, 16: 0.08, 17: 0.05, 18: 0.04, 19: 0.04, 20: 0.12, 21: 0.24, 22: 0.41, 23: 0.53}}",False,15,3,10,3,2.0,13,,,15,0,0,0,0,0,0,0,15,1.0,1.0,1.0,0.0,0.0,0.0,0.0,0,0,0,0,0,0,0,0,,0,0,0,0,0,0,0,0,0.0,0,0.0,0,0.0,0.0,0,0,,
20250517_170330,rl_aca,59,,,,,,,,,,,2,1,13.4,20.9,39,600,60,80,"(6.0, 6.0)",0.71,3.0,0.26666666666666666,False,59,0.01,"{'type': 'hourly', 'hourly_rates': {0: 1.59, 1: 4.38, 2: 2.38, 3: 1.15, 4: 0.84, 5: 0.76, 6: 1.0, 7: 2.25, 8: 2.86, 9: 1.94, 10: 1.23, 11: 0.85, 12: 0.55, 13: 0.37, 14: 0.21, 15: 0.13, 16: 0.08, 17: 0.05, 18: 0.04, 19: 0.04, 20: 0.12, 21: 0.24, 22: 0.41, 23: 0.53}}",False,15,3,10,3,2.0,13,,,17,14,530.6316742158726,-530.6316742158726,10,156.0129731358232,53.063167421587266,1461.31293256359,0,0.23321029468727664,0.23321029468727664,0.23321029468727664,1.4,1.75,33.599999999999994,42.0,28.57142857142857,71.42857142857143,53.063167421587266,104.37949518311358,2,7.0,6,8,1,5,35.714285714285715,2.2,100.0,52.70762311238891,6.966019759912872,45.741603352476034,12.667787059242286,18.2773929406236,26.62795109958009,170.5468813624449,39.29573815882238,184.0129731358232,12.189853634670854,4,28.57142857142857,,
20250517_170330,rl_aca,60,,,,,,,,,,,2,1,13.4,20.9,39,600,60,80,"(6.0, 6.0)",0.71,3.0,0.26666666666666666,False,60,0.01,"{'type': 'hourly', 'hourly_rates': {0: 1.59, 1: 4.38, 2: 2.38, 3: 1.15, 4: 0.84, 5: 0.76, 6: 1.0, 7: 2.25, 8: 2.86, 9: 1.94, 10: 1.23, 11: 0.85, 12: 0.55, 13: 0.37, 14: 0.21, 15: 0.13, 16: 0.08, 17: 0.05, 18: 0.04, 19: 0.04, 20: 0.12, 21: 0.24, 22: 0.41, 23: 0.53}}",False,15,3,10,3,2.0,13,,,7,7,13.416446474629481,-13.416446474629481,1,13.416446474629481,13.416446474629481,643.5138299525388,0,0.4605292318759108,0.4605292318759108,0.4605292318759108,0.7,0.875,16.799999999999997,21.0,85.71428571428571,14.285714285714285,13.416446474629481,91.93054713607697,2,3.5,1,6,0,0,0,0,0,0,0,0,12.656601682931418,18.85002114693401,3.735225043978878,16.56642532769547,16.391826726910296,35.41644647462948,31.680516638995968,4,57.14285714285714,,
20250517_170332,rl_aca,61,,,,,,,,,,,2,1,13.4,20.9,39,600,60,80,"(6.0, 6.0)",0.71,3.0,0.26666666666666666,False,61,0.01,"{'type': 'hourly', 'hourly_rates': {0: 1.59, 1: 4.38, 2: 2.38, 3: 1.15, 4: 0.84, 5: 0.76, 6: 1.0, 7: 2.25, 8: 2.86, 9: 1.94, 10: 1.23, 11: 0.85, 12: 0.55, 13: 0.37, 14: 0.21, 15: 0.13, 16: 0.08, 17: 0.05, 18: 0.04, 19: 0.04, 20: 0.12, 21: 0.24, 22: 0.41, 23: 0.53}}",False,15,3,10,3,2.0,13,,,12,0,0,0,0,0,0,0,12,1.0,1.0,1.0,0.0,0.0,0.0,0.0,0,0,0,0,0,0,0,0,,0,0,0,0,0,0,0,0,0.0,0,0.0,0,0.0,0.0,0,0,,
20250517_170332,rl_aca,62,,,,,,,,,,,2,1,13.4,20.9,39,600,60,80,"(6.0, 6.0)",0.71,3.0,0.26666666666666666,False,62,0.01,"{'type': 'hourly', 'hourly_rates': {0: 1.59, 1: 4.38, 2: 2.38, 3: 1.15, 4: 0.84, 5: 0.76, 6: 1.0, 7: 2.25, 8: 2.86, 9: 1.94, 10: 1.23, 11: 0.85, 12: 0.55, 13: 0.37, 14: 0.21, 15: 0.13, 16: 0.08, 17: 0.05, 18: 0.04, 19: 0.04, 20: 0.12, 21: 0.24, 22: 0.41, 23: 0.53}}",False,15,3,10,3,2.0,13,,,11,5,32.093151413523245,-32.093151413523245,5,12.03363340176675,6.418630282704649,1213.0206144575266,8,0.48766881552899005,0.48766881552899005,0.48766881552899005,0.5,0.625,12.0,15.0,0.0,100.0,6.418630282704649,242.6041228915053,2,2.5,2,3,0,0,0,0,0,0,0,0,11.599594384788555,13.98795769717239,11.819035897916095,27.856378012972073,23.418630282704648,35.03363340176675,0.8249348041204279,1,20.0,,
20250517_170333,rl_aca,63,,,,,,,,,,,2,1,13.4,20.9,39,600,60,80,"(6.0, 6.0)",0.71,3.0,0.26666666666666666,False,63,0.01,"{'type': 'hourly', 'hourly_rates': {0: 1.59, 1: 4.38, 2: 2.38, 3: 1.15, 4: 0.84, 5: 0.76, 6: 1.0, 7: 2.25, 8: 2.86, 9: 1.94, 10: 1.23, 11: 0.85, 12: 0.55, 13: 0.37, 14: 0.21, 15: 0.13, 16: 0.08, 17: 0.05, 18: 0.04, 19: 0.04, 20: 0.12, 21: 0.24, 22: 0.41, 23: 0.53}}",False,15,3,10,3,2.0,13,,,12,11,299.6138311417923,-299.6138311417923,6,123.92206777906402,49.93563852363204,1396.3990344264266,0,0.2055643025876984,0.2055643025876984,0.2055643025876984,1.1,1.375,26.400000000000002,33.0,45.45454545454545,54.54545454545454,49.93563852363204,126.94536676603879,2,5.5,2,9,0,2,27.27272727272727,2.0,100.0,72.19955913435923,0.6343346266437706,71.56522450771547,13.51166423082767,18.535051709784028,23.430918360037506,141.1142043310981,36.94258259086518,147.92206777906404,16.030263724902767,5,45.45454545454545,,
20250517_170334,rl_aca,64,,,,,,,,,,,2,1,13.4,20.9,39,600,60,80,"(6.0, 6.0)",0.71,3.0,0.26666666666666666,False,64,0.01,"{'type': 'hourly', 'hourly_rates': {0: 1.59, 1: 4.38, 2: 2.38, 3: 1.15, 4: 0.84, 5: 0.76, 6: 1.0, 7: 2.25, 8: 2.86, 9: 1.94, 10: 1.23, 11: 0.85, 12: 0.55, 13: 0.37, 14: 0.21, 15: 0.13, 16: 0.08, 17: 0.05, 18: 0.04, 19: 0.04, 20: 0.12, 21: 0.24, 22: 0.41, 23: 0.53}}",False,15,3,10,3,2.0,13,,,16,0,0,0,0,0,0,0,16,1.0,1.0,1.0,0.0,0.0,0.0,0.0,0,0,0,0,0,0,0,0,,0,0,0,0,0,0,0,0,0.0,0,0.0,0,0.0,0.0,0,0,,
20250517_170335,rl_aca,65,,,,,,,,,,,2,1,13.4,20.9,39,600,60,80,"(6.0, 6.0)",0.71,3.0,0.26666666666666666,False,65,0.01,"{'type': 'hourly', 'hourly_rates': {0: 1.59, 1: 4.38, 2: 2.38, 3: 1.15, 4: 0.84, 5: 0.76, 6: 1.0, 7: 2.25, 8: 2.86, 9: 1.94, 10: 1.23, 11: 0.85, 12: 0.55, 13: 0.37, 14: 0.21, 15: 0.13, 16: 0.08, 17: 0.05, 18: 0.04, 19: 0.04, 20: 0.12, 21: 0.24, 22: 0.41, 23: 0.53}}",False,15,3,10,3,2.0,13,,,17,15,66.16689887227264,-66.16689887227264,6,21.969680515423505,11.027816478712106,1192.8760144057774,11,0.33955363631752594,0.33955363631752594,0.33955363631752594,1.5,1.875,36.0,45.0,60.0,40.0,11.027816478712106,79.52506762705183,2,7.5,6,9,0,3,26.666666666666668,2.0,100.0,5.492420128855876,2.9471978611191814,2.545222267736695,12.179395430526398,24.14162089048675,8.58281628886822,31.27752535240876,20.762211719394617,35.969680515423505,22.870231728649145,4,26.666666666666668,,
20250517_170335,rl_aca,66,,,,,,,,,,,2,1,13.4,20.9,39,600,60,80,"(6.0, 6.0)",0.71,3.0,0.26666666666666666,False,66,0.01,"{'type': 'hourly', 'hourly_rates': {0: 1.59, 1: 4.38, 2: 2.38, 3: 1.15, 4: 0.84, 5: 0.76, 6: 1.0, 7: 2.25, 8: 2.86, 9: 1.94, 10: 1.23, 11: 0.85, 12: 0.55, 13: 0.37, 14: 0.21, 15: 0.13, 16: 0.08, 17: 0.05, 18: 0.04, 19: 0.04, 20: 0.12, 21: 0.24, 22: 0.41, 23: 0.53}}",False,15,3,10,3,2.0,13,,,16,9,979.5379937029056,-979.5379937029059,14,306.6226576077193,69.96699955020755,1315.4239368295484,14,0.6883302031622764,0.6883302031622764,0.6883302031622764,0.9,1.125,21.6,27.0,-55.55555555555556,155.55555555555557,69.96699955020755,146.15821520328316,2,4.5,4,5,1,5,44.44444444444444,2.2,100.0,24.421094896179262,96.95718646737802,-72.53609157119877,13.579301635436197,21.51278231748637,68.5840663558535,306.7545399191761,82.16336799128969,310.40854992631773,0.0,0,0.0,,
20250517_170337,rl_aca,67,,,,,,,,,,,2,1,13.4,20.9,39,600,60,80,"(6.0, 6.0)",0.71,3.0,0.26666666666666666,False,67,0.01,"{'type': 'hourly', 'hourly_rates': {0: 1.59, 1: 4.38, 2: 2.38, 3: 1.15, 4: 0.84, 5: 0.76, 6: 1.0, 7: 2.25, 8: 2.86, 9: 1.94, 10: 1.23, 11: 0.85, 12: 0.55, 13: 0.37, 14: 0.21, 15: 0.13, 16: 0.08, 17: 0.05, 18: 0.04, 19: 0.04, 20: 0.12, 21: 0.24, 22: 0.41, 23: 0.53}}",False,15,3,10,3,2.0,13,,,10,2,1407.9550498100275,-1407.9550498100275,6,347.2477322797832,234.6591749683379,477.5299724359392,10,0.877791637805265,0.877791637805265,0.877791637805265,0.2,0.25,4.800000000000001,6.0,-200.0,300.0,234.6591749683379,238.7649862179696,1,2.0,2,2,0,2,100.0,3.0,100.0,0,0,0,14.474020868235144,19.162012599353318,191.21278690530235,274.46268149212864,205.68680777353748,284.2487106292456,0.0,0,0.0,,
20250517_170337,rl_aca,68,,,,,,,,,,,2,1,13.4,20.9,39,600,60,80,"(6.0, 6.0)",0.71,3.0,0.26666666666666666,False,68,0.01,"{'type': 'hourly', 'hourly_rates': {0: 1.59, 1: 4.38, 2: 2.38, 3: 1.15, 4: 0.84, 5: 0.76, 6: 1.0, 7: 2.25, 8: 2.86, 9: 1.94, 10: 1.23, 11: 0.85, 12: 0.55, 13: 0.37, 14: 0.21, 15: 0.13, 16: 0.08, 17: 0.05, 18: 0.04, 19: 0.04, 20: 0.12, 21: 0.24, 22: 0.41, 23: 0.53}}",False,15,3,10,3,2.0,13,,,12,10,231.97912228791992,-231.97912228791992,9,55.18396762313367,25.775458031991104,1809.7743071467862,12,0.14061624852708524,0.14061624852708524,0.14061624852708524,1.0,1.25,24.0,30.0,10.0,90.0,25.775458031991104,180.97743071467863,2,5.0,5,5,1,3,40.0,2.0,100.0,30.95171379367183,5.979146195543838,24.97256759812799,13.529622113704582,23.555211437256304,18.37402657648703,50.56783121658035,31.90364869019161,71.18396762313367,7.913232377634074,2,20.0,,
20250517_170338,rl_aca,69,,,,,,,,,,,2,1,13.4,20.9,39,600,60,80,"(6.0, 6.0)",0.71,3.0,0.26666666666666666,False,69,0.01,"{'type': 'hourly', 'hourly_rates': {0: 1.59, 1: 4.38, 2: 2.38, 3: 1.15, 4: 0.84, 5: 0.76, 6: 1.0, 7: 2.25, 8: 2.86, 9: 1.94, 10: 1.23, 11: 0.85, 12: 0.55, 13: 0.37, 14: 0.21, 15: 0.13, 16: 0.08, 17: 0.05, 18: 0.04, 19: 0.04, 20: 0.12, 21: 0.24, 22: 0.41, 23: 0.53}}",False,15,3,10,3,2.0,13,,,13,11,207.61548517726376,-207.61548517726376,7,79.86152271118965,29.659355025323396,1581.4992680391483,1,0.3173937942076235,0.3173937942076235,0.3173937942076235,1.1,1.375,26.400000000000002,33.0,36.36363636363637,63.63636363636363,29.659355025323396,143.77266073083166,2,5.5,5,6,0,2,9.090909090909092,2.5,100.0,40.258070887854586,11.642909218728724,28.61516166912586,12.804363780187048,21.412870900379062,15.860258860033507,94.61748473136572,28.664622640220557,100.86152271118965,18.22222036639639,4,36.36363636363637,,
20250517_170340,rl_aca,70,,,,,,,,,,,2,1,13.4,20.9,39,600,60,80,"(6.0, 6.0)",0.71,3.0,0.26666666666666666,False,70,0.01,"{'type': 'hourly', 'hourly_rates': {0: 1.59, 1: 4.38, 2: 2.38, 3: 1.15, 4: 0.84, 5: 0.76, 6: 1.0, 7: 2.25, 8: 2.86, 9: 1.94, 10: 1.23, 11: 0.85, 12: 0.55, 13: 0.37, 14: 0.21, 15: 0.13, 16: 0.08, 17: 0.05, 18: 0.04, 19: 0.04, 20: 0.12, 21: 0.24, 22: 0.41, 23: 0.53}}",False,15,3,10,3,2.0,13,,,16,0,0,0,0,0,0,0,16,1.0,1.0,1.0,0.0,0.0,0.0,0.0,0,0,0,0,0,0,0,0,,0,0,0,0,0,0,0,0,0.0,0,0.0,0,0.0,0.0,0,0,,
20250517_170340,rl_aca,71,,,,,,,,,,,2,1,13.4,20.9,39,600,60,80,"(6.0, 6.0)",0.71,3.0,0.26666666666666666,False,71,0.01,"{'type': 'hourly', 'hourly_rates': {0: 1.59, 1: 4.38, 2: 2.38, 3: 1.15, 4: 0.84, 5: 0.76, 6: 1.0, 7: 2.25, 8: 2.86, 9: 1.94, 10: 1.23, 11: 0.85, 12: 0.55, 13: 0.37, 14: 0.21, 15: 0.13, 16: 0.08, 17: 0.05, 18: 0.04, 19: 0.04, 20: 0.12, 21: 0.24, 22: 0.41, 23: 0.53}}",False,15,3,10,3,2.0,13,,,16,13,377.9387316018875,-377.9387316018875,13,95.0123203236912,29.072210123222117,3081.6499138099766,0,0.18927832449502366,0.18927832449502366,0.18927832449502366,1.3,1.625,31.200000000000003,39.0,0.0,100.0,29.072210123222117,237.0499933699982,2,6.5,6,7,1,5,38.46153846153847,2.2,100.0,36.74035611891312,7.708344690166809,29.03201142874631,12.86901823957285,18.318694775793574,18.90012438286022,87.86227777107203,31.76914262243307,102.0123203236912,9.179568667072658,3,23.076923076923077,,
20250517_170341,rl_aca,72,,,,,,,,,,,2,1,13.4,20.9,39,600,60,80,"(6.0, 6.0)",0.71,3.0,0.26666666666666666,False,72,0.01,"{'type': 'hourly', 'hourly_rates': {0: 1.59, 1: 4.38, 2: 2.38, 3: 1.15, 4: 0.84, 5: 0.76, 6: 1.0, 7: 2.25, 8: 2.86, 9: 1.94, 10: 1.23, 11: 0.85, 12: 0.55, 13: 0.37, 14: 0.21, 15: 0.13, 16: 0.08, 17: 0.05, 18: 0.04, 19: 0.04, 20: 0.12, 21: 0.24, 22: 0.41, 23: 0.53}}",False,15,3,10,3,2.0,13,,,11,0,0,0,0,0,0,0,11,1.0,1.0,1.0,0.0,0.0,0.0,0.0,0,0,0,0,0,0,0,0,,0,0,0,0,0,0,0,0,0.0,0,0.0,0,0.0,0.0,0,0,,
20250517_170341,rl_aca,73,,,,,,,,,,,2,1,13.4,20.9,39,600,60,80,"(6.0, 6.0)",0.71,3.0,0.26666666666666666,False,73,0.01,"{'type': 'hourly', 'hourly_rates': {0: 1.59, 1: 4.38, 2: 2.38, 3: 1.15, 4: 0.84, 5: 0.76, 6: 1.0, 7: 2.25, 8: 2.86, 9: 1.94, 10: 1.23, 11: 0.85, 12: 0.55, 13: 0.37, 14: 0.21, 15: 0.13, 16: 0.08, 17: 0.05, 18: 0.04, 19: 0.04, 20: 0.12, 21: 0.24, 22: 0.41, 23: 0.53}}",False,15,3,10,3,2.0,13,,,15,12,208.0025619494826,-208.0025619494826,9,53.81801040160249,23.111395772164734,1287.0246369019515,0,0.1933992598487189,0.1933992598487189,0.1933992598487189,1.2,1.5,28.799999999999997,36.0,25.0,75.0,23.111395772164734,107.25205307516262,2,6.0,6,6,0,4,33.33333333333333,2.25,100.0,16.258859419729344,6.7557986283133715,9.503060791415972,14.62637299879605,24.987670002712193,10.247164474042332,36.87762356340913,24.873537472838382,48.83516342541678,43.00178308976368,4,33.33333333333333,,
20250517_170342,rl_aca,74,,,,,,,,,,,2,1,13.4,20.9,39,600,60,80,"(6.0, 6.0)",0.71,3.0,0.26666666666666666,False,74,0.01,"{'type': 'hourly', 'hourly_rates': {0: 1.59, 1: 4.38, 2: 2.38, 3: 1.15, 4: 0.84, 5: 0.76, 6: 1.0, 7: 2.25, 8: 2.86, 9: 1.94, 10: 1.23, 11: 0.85, 12: 0.55, 13: 0.37, 14: 0.21, 15: 0.13, 16: 0.08, 17: 0.05, 18: 0.04, 19: 0.04, 20: 0.12, 21: 0.24, 22: 0.41, 23: 0.53}}",False,15,3,10,3,2.0,13,,,15,10,347.4406464150393,-347.4406464150393,13,76.48156808465407,26.726203570387636,1422.5284616893405,13,0.31883320855004643,0.31883320855004643,0.31883320855004643,1.0,1.25,24.0,30.0,-30.0,130.0,26.726203570387636,142.25284616893404,2,5.0,4,6,1,6,50.0,2.3333333333333335,100.0,26.460185738412967,4.534604377851605,21.925581360561363,14.97259080133326,22.871027864788857,14.631664350967451,65.98976870456019,29.60425515230071,77.18052955887202,23.181834830691493,3,30.0,,
20250517_170343,rl_aca,75,,,,,,,,,,,2,1,13.4,20.9,39,600,60,80,"(6.0, 6.0)",0.71,3.0,0.26666666666666666,False,75,0.01,"{'type': 'hourly', 'hourly_rates': {0: 1.59, 1: 4.38, 2: 2.38, 3: 1.15, 4: 0.84, 5: 0.76, 6: 1.0, 7: 2.25, 8: 2.86, 9: 1.94, 10: 1.23, 11: 0.85, 12: 0.55, 13: 0.37, 14: 0.21, 15: 0.13, 16: 0.08, 17: 0.05, 18: 0.04, 19: 0.04, 20: 0.12, 21: 0.24, 22: 0.41, 23: 0.53}}",False,15,3,10,3,2.0,13,,,12,10,171.92475654125496,-171.92475654125496,6,49.584917392891214,28.65412609020916,1412.8699039663766,7,0.6187026245710269,0.6187026245710269,0.6187026245710269,1.0,1.25,24.0,30.0,40.0,60.0,28.65412609020916,141.28699039663766,2,5.0,5,5,1,2,20.0,2.0,100.0,35.580033944543544,7.420216588895514,28.15981735564803,13.758773690765352,18.87484274895189,12.172776824062085,40.188334937834156,25.93155051482744,56.71211044067206,13.251712728154681,4,40.0,,
20250517_170343,rl_aca,76,,,,,,,,,,,2,1,13.4,20.9,39,600,60,80,"(6.0, 6.0)",0.71,3.0,0.26666666666666666,False,76,0.01,"{'type': 'hourly', 'hourly_rates': {0: 1.59, 1: 4.38, 2: 2.38, 3: 1.15, 4: 0.84, 5: 0.76, 6: 1.0, 7: 2.25, 8: 2.86, 9: 1.94, 10: 1.23, 11: 0.85, 12: 0.55, 13: 0.37, 14: 0.21, 15: 0.13, 16: 0.08, 17: 0.05, 18: 0.04, 19: 0.04, 20: 0.12, 21: 0.24, 22: 0.41, 23: 0.53}}",False,15,3,10,3,2.0,13,,,6,0,0,0,0,0,0,0,6,1.0,1.0,1.0,0.0,0.0,0.0,0.0,0,0,0,0,0,0,0,0,,0,0,0,0,0,0,0,0,0.0,0,0.0,0,0.0,0.0,0,0,,
20250517_170344,rl_aca,77,,,,,,,,,,,2,1,13.4,20.9,39,600,60,80,"(6.0, 6.0)",0.71,3.0,0.26666666666666666,False,77,0.01,"{'type': 'hourly', 'hourly_rates': {0: 1.59, 1: 4.38, 2: 2.38, 3: 1.15, 4: 0.84, 5: 0.76, 6: 1.0, 7: 2.25, 8: 2.86, 9: 1.94, 10: 1.23, 11: 0.85, 12: 0.55, 13: 0.37, 14: 0.21, 15: 0.13, 16: 0.08, 17: 0.05, 18: 0.04, 19: 0.04, 20: 0.12, 21: 0.24, 22: 0.41, 23: 0.53}}",False,15,3,10,3,2.0,13,,,20,12,358.99047115363777,-358.9904711536377,18,61.88513002630191,19.943915064090987,2001.8335333947443,15,0.26238089695216193,0.26238089695216193,0.26238089695216193,1.2,1.5,28.799999999999997,36.0,-50.0,150.0,19.943915064090987,166.8194611162287,2,6.0,5,7,0,6,33.33333333333333,2.3333333333333335,100.0,14.581343523741225,16.298928693144973,-1.7175851694037476,12.390466104768441,18.83302955267561,22.085934198575274,50.58198632762256,34.476400303343716,65.45151228440662,0.0,0,0.0,,
20250517_170344,rl_aca,78,,,,,,,,,,,2,1,13.4,20.9,39,600,60,80,"(6.0, 6.0)",0.71,3.0,0.26666666666666666,False,78,0.01,"{'type': 'hourly', 'hourly_rates': {0: 1.59, 1: 4.38, 2: 2.38, 3: 1.15, 4: 0.84, 5: 0.76, 6: 1.0, 7: 2.25, 8: 2.86, 9: 1.94, 10: 1.23, 11: 0.85, 12: 0.55, 13: 0.37, 14: 0.21, 15: 0.13, 16: 0.08, 17: 0.05, 18: 0.04, 19: 0.04, 20: 0.12, 21: 0.24, 22: 0.41, 23: 0.53}}",False,15,3,10,3,2.0,13,,,7,7,226.0830254749466,-226.0830254749466,6,84.2727910408189,37.68050424582443,1714.1443591988213,4,0.3334194359011367,0.3334194359011367,0.3334194359011367,0.7,0.875,16.799999999999997,21.0,14.285714285714285,85.71428571428571,37.68050424582443,244.87776559983163,2,3.5,2,5,0,0,0,0,0,0,0,0,13.105545246659423,16.9619316504797,36.79373347069764,91.57596056936735,49.899278717357056,102.2727910408189,2.377898511775811,1,14.285714285714285,,
20250517_170346,rl_aca,79,,,,,,,,,,,2,1,13.4,20.9,39,600,60,80,"(6.0, 6.0)",0.71,3.0,0.26666666666666666,False,79,0.01,"{'type': 'hourly', 'hourly_rates': {0: 1.59, 1: 4.38, 2: 2.38, 3: 1.15, 4: 0.84, 5: 0.76, 6: 1.0, 7: 2.25, 8: 2.86, 9: 1.94, 10: 1.23, 11: 0.85, 12: 0.55, 13: 0.37, 14: 0.21, 15: 0.13, 16: 0.08, 17: 0.05, 18: 0.04, 19: 0.04, 20: 0.12, 21: 0.24, 22: 0.41, 23: 0.53}}",False,15,3,10,3,2.0,13,,,17,0,0,0,0,0,0,0,17,1.0,1.0,1.0,0.0,0.0,0.0,0.0,0,0,0,0,0,0,0,0,,0,0,0,0,0,0,0,0,0.0,0,0.0,0,0.0,0.0,0,0,,
20250517_170346,rl_aca,80,,,,,,,,,,,2,1,13.4,20.9,39,600,60,80,"(6.0, 6.0)",0.71,3.0,0.26666666666666666,False,80,0.01,"{'type': 'hourly', 'hourly_rates': {0: 1.59, 1: 4.38, 2: 2.38, 3: 1.15, 4: 0.84, 5: 0.76, 6: 1.0, 7: 2.25, 8: 2.86, 9: 1.94, 10: 1.23, 11: 0.85, 12: 0.55, 13: 0.37, 14: 0.21, 15: 0.13, 16: 0.08, 17: 0.05, 18: 0.04, 19: 0.04, 20: 0.12, 21: 0.24, 22: 0.41, 23: 0.53}}",False,15,3,10,3,2.0,13,,,16,0,0,0,0,0,0,0,16,1.0,1.0,1.0,0.0,0.0,0.0,0.0,0,0,0,0,0,0,0,0,,0,0,0,0,0,0,0,0,0.0,0,0.0,0,0.0,0.0,0,0,,
20250517_170347,rl_aca,81,,,,,,,,,,,2,1,13.4,20.9,39,600,60,80,"(6.0, 6.0)",0.71,3.0,0.26666666666666666,False,81,0.01,"{'type': 'hourly', 'hourly_rates': {0: 1.59, 1: 4.38, 2: 2.38, 3: 1.15, 4: 0.84, 5: 0.76, 6: 1.0, 7: 2.25, 8: 2.86, 9: 1.94, 10: 1.23, 11: 0.85, 12: 0.55, 13: 0.37, 14: 0.21, 15: 0.13, 16: 0.08, 17: 0.05, 18: 0.04, 19: 0.04, 20: 0.12, 21: 0.24, 22: 0.41, 23: 0.53}}",False,15,3,10,3,2.0,13,,,8,8,14.587783190215816,-14.587783190215816,3,7.602219417748529,4.862594396738605,836.8508749020335,0,0.5306982199091507,0.5306982199091507,0.5306982199091507,0.8,1.0,19.200000000000003,24.0,62.5,37.5,4.862594396738605,104.60635936275419,2,4.0,3,5,1,0,0,0,0,0,0,0,13.184690569275062,22.674632683380082,5.4618184199565745,20.451642983586737,18.646508989231638,33.60221941774853,27.978035562677324,3,37.5,,
20250517_170347,rl_aca,82,,,,,,,,,,,2,1,13.4,20.9,39,600,60,80,"(6.0, 6.0)",0.71,3.0,0.26666666666666666,False,82,0.01,"{'type': 'hourly', 'hourly_rates': {0: 1.59, 1: 4.38, 2: 2.38, 3: 1.15, 4: 0.84, 5: 0.76, 6: 1.0, 7: 2.25, 8: 2.86, 9: 1.94, 10: 1.23, 11: 0.85, 12: 0.55, 13: 0.37, 14: 0.21, 15: 0.13, 16: 0.08, 17: 0.05, 18: 0.04, 19: 0.04, 20: 0.12, 21: 0.24, 22: 0.41, 23: 0.53}}",False,15,3,10,3,2.0,13,,,12,12,81.12795815822142,-81.12795815822142,4,40.34129517707214,20.281989539555354,1119.158819103474,6,0.5605614824748957,0.5605614824748957,0.5605614824748957,1.2,1.5,28.799999999999997,36.0,66.66666666666666,33.33333333333333,20.281989539555354,93.2632349252895,2,6.0,4,8,0,1,16.666666666666664,2.0,100.0,22.21165584286331,3.67046464724948,18.541191195613827,13.22977340449698,18.207457470191514,12.221338779811655,51.386644877923175,25.45111218430863,69.34129517707214,23.863866394733357,5,41.66666666666667,,
20250517_170348,rl_aca,83,,,,,,,,,,,2,1,13.4,20.9,39,600,60,80,"(6.0, 6.0)",0.71,3.0,0.26666666666666666,False,83,0.01,"{'type': 'hourly', 'hourly_rates': {0: 1.59, 1: 4.38, 2: 2.38, 3: 1.15, 4: 0.84, 5: 0.76, 6: 1.0, 7: 2.25, 8: 2.86, 9: 1.94, 10: 1.23, 11: 0.85, 12: 0.55, 13: 0.37, 14: 0.21, 15: 0.13, 16: 0.08, 17: 0.05, 18: 0.04, 19: 0.04, 20: 0.12, 21: 0.24, 22: 0.41, 23: 0.53}}",False,15,3,10,3,2.0,13,,,14,1,0,0,0,0,0,119.52262672451762,14,0.8722593314868189,0.8722593314868189,0.8722593314868189,0.1,0.125,2.4000000000000004,3.0,100.0,0.0,0,119.52262672451762,1,1.0,1,1,0,0,0,0,0,0,0,0,17.074130645203088,17.074130645203088,2.9258693547969123,2.9258693547969123,20.0,20,0.0,0,0.0,,
20250517_170349,rl_aca,84,,,,,,,,,,,2,1,13.4,20.9,39,600,60,80,"(6.0, 6.0)",0.71,3.0,0.26666666666666666,False,84,0.01,"{'type': 'hourly', 'hourly_rates': {0: 1.59, 1: 4.38, 2: 2.38, 3: 1.15, 4: 0.84, 5: 0.76, 6: 1.0, 7: 2.25, 8: 2.86, 9: 1.94, 10: 1.23, 11: 0.85, 12: 0.55, 13: 0.37, 14: 0.21, 15: 0.13, 16: 0.08, 17: 0.05, 18: 0.04, 19: 0.04, 20: 0.12, 21: 0.24, 22: 0.41, 23: 0.53}}",False,15,3,10,3,2.0,13,,,12,8,99.2018595347334,-99.2018595347334,7,40.53912915834701,14.171694219247629,2365.9510390824203,6,0.3143130892550774,0.3143130892550774,0.3143130892550774,0.8,1.0,19.200000000000003,24.0,12.5,87.5,14.171694219247629,295.74387988530253,2,4.0,1,7,0,0,0,0,0,0,0,0,11.690753070679367,15.610934395763024,15.982104565811094,51.698685995279206,27.672857636490463,60.02080383343193,20.714920982555782,3,37.5,,
20250517_170350,rl_aca,85,,,,,,,,,,,2,1,13.4,20.9,39,600,60,80,"(6.0, 6.0)",0.71,3.0,0.26666666666666666,False,85,0.01,"{'type': 'hourly', 'hourly_rates': {0: 1.59, 1: 4.38, 2: 2.38, 3: 1.15, 4: 0.84, 5: 0.76, 6: 1.0, 7: 2.25, 8: 2.86, 9: 1.94, 10: 1.23, 11: 0.85, 12: 0.55, 13: 0.37, 14: 0.21, 15: 0.13, 16: 0.08, 17: 0.05, 18: 0.04, 19: 0.04, 20: 0.12, 21: 0.24, 22: 0.41, 23: 0.53}}",False,15,3,10,3,2.0,13,,,14,9,687.456955927626,-687.456955927626,13,111.75255719401642,52.88130430212508,1253.9222711665195,14,0.5023089360120261,0.5023089360120261,0.5023089360120261,0.9,1.125,21.6,27.0,-44.44444444444444,144.44444444444443,52.88130430212508,139.32469679627994,2,4.5,3,6,0,4,33.33333333333333,2.5,100.0,43.97542308159567,39.87570908212353,4.099713999472144,10.81889863503635,15.693836817467002,45.35356735554256,117.30283795279578,56.17246599057891,125.75255719401642,0.0,0,0.0,,
20250517_170352,rl_aca,86,,,,,,,,,,,2,1,13.4,20.9,39,600,60,80,"(6.0, 6.0)",0.71,3.0,0.26666666666666666,False,86,0.01,"{'type': 'hourly', 'hourly_rates': {0: 1.59, 1: 4.38, 2: 2.38, 3: 1.15, 4: 0.84, 5: 0.76, 6: 1.0, 7: 2.25, 8: 2.86, 9: 1.94, 10: 1.23, 11: 0.85, 12: 0.55, 13: 0.37, 14: 0.21, 15: 0.13, 16: 0.08, 17: 0.05, 18: 0.04, 19: 0.04, 20: 0.12, 21: 0.24, 22: 0.41, 23: 0.53}}",False,15,3,10,3,2.0,13,,,16,0,0,0,0,0,0,0,16,1.0,1.0,1.0,0.0,0.0,0.0,0.0,0,0,0,0,0,0,0,0,,0,0,0,0,0,0,0,0,0.0,0,0.0,0,0.0,0.0,0,0,,
20250517_170352,rl_aca,87,,,,,,,,,,,2,1,13.4,20.9,39,600,60,80,"(6.0, 6.0)",0.71,3.0,0.26666666666666666,False,87,0.01,"{'type': 'hourly', 'hourly_rates': {0: 1.59, 1: 4.38, 2: 2.38, 3: 1.15, 4: 0.84, 5: 0.76, 6: 1.0, 7: 2.25, 8: 2.86, 9: 1.94, 10: 1.23, 11: 0.85, 12: 0.55, 13: 0.37, 14: 0.21, 15: 0.13, 16: 0.08, 17: 0.05, 18: 0.04, 19: 0.04, 20: 0.12, 21: 0.24, 22: 0.41, 23: 0.53}}",False,15,3,10,3,2.0,13,,,12,11,141.47962562049776,-141.47962562049776,7,59.35205937078064,20.211375088642537,1241.6861520192704,0,0.2905559757514348,0.2905559757514348,0.2905559757514348,1.1,1.375,26.400000000000002,33.0,36.36363636363637,63.63636363636363,20.211375088642537,112.88055927447913,2,5.5,5,6,1,1,9.090909090909092,2.0,100.0,28.064454633161233,11.18020084958073,16.884253783580505,12.191151774198635,22.42655886899233,18.589639009317384,74.4311610309567,30.780790783516014,83.35205937078064,22.829796835041307,3,27.27272727272727,,
20250517_170352,rl_aca,88,,,,,,,,,,,2,1,13.4,20.9,39,600,60,80,"(6.0, 6.0)",0.71,3.0,0.26666666666666666,False,88,0.01,"{'type': 'hourly', 'hourly_rates': {0: 1.59, 1: 4.38, 2: 2.38, 3: 1.15, 4: 0.84, 5: 0.76, 6: 1.0, 7: 2.25, 8: 2.86, 9: 1.94, 10: 1.23, 11: 0.85, 12: 0.55, 13: 0.37, 14: 0.21, 15: 0.13, 16: 0.08, 17: 0.05, 18: 0.04, 19: 0.04, 20: 0.12, 21: 0.24, 22: 0.41, 23: 0.53}}",False,15,3,10,3,2.0,13,,,17,11,420.3661051164685,-420.3661051164685,12,77.74648039381029,35.030508759705704,1607.9524668389865,0,0.41371478370601955,0.41371478370601955,0.41371478370601955,1.1,1.375,26.400000000000002,33.0,-9.090909090909092,109.09090909090908,35.030508759705704,146.1774969853624,2,5.5,4,7,1,5,36.36363636363637,2.4,100.0,41.655645048269314,4.537371054688346,37.11827399358097,15.571370439507648,26.622298815566978,13.346051856794174,67.04705970796425,28.917422296301822,79.74648039381029,26.170455380634145,4,36.36363636363637,,
20250517_170353,rl_aca,89,,,,,,,,,,,2,1,13.4,20.9,39,600,60,80,"(6.0, 6.0)",0.71,3.0,0.26666666666666666,False,89,0.01,"{'type': 'hourly', 'hourly_rates': {0: 1.59, 1: 4.38, 2: 2.38, 3: 1.15, 4: 0.84, 5: 0.76, 6: 1.0, 7: 2.25, 8: 2.86, 9: 1.94, 10: 1.23, 11: 0.85, 12: 0.55, 13: 0.37, 14: 0.21, 15: 0.13, 16: 0.08, 17: 0.05, 18: 0.04, 19: 0.04, 20: 0.12, 21: 0.24, 22: 0.41, 23: 0.53}}",False,15,3,10,3,2.0,13,,,16,10,393.84965838908005,-393.84965838908,15,93.18430433855265,26.256643892605336,1151.9077702848158,16,0.33848166320621664,0.33848166320621664,0.33848166320621664,1.0,1.25,24.0,30.0,-50.0,150.0,26.256643892605336,115.19077702848158,2,5.0,4,6,1,5,40.0,2.4,100.0,15.312387433083913,15.609360099157271,-0.2969726660733585,10.967855617788885,16.49693164120481,20.735248043579833,34.97099575387941,31.703103661368722,49.14565432291715,0.0,0,0.0,,
20250517_170354,rl_aca,90,,,,,,,,,,,2,1,13.4,20.9,39,600,60,80,"(6.0, 6.0)",0.71,3.0,0.26666666666666666,False,90,0.01,"{'type': 'hourly', 'hourly_rates': {0: 1.59, 1: 4.38, 2: 2.38, 3: 1.15, 4: 0.84, 5: 0.76, 6: 1.0, 7: 2.25, 8: 2.86, 9: 1.94, 10: 1.23, 11: 0.85, 12: 0.55, 13: 0.37, 14: 0.21, 15: 0.13, 16: 0.08, 17: 0.05, 18: 0.04, 19: 0.04, 20: 0.12, 21: 0.24, 22: 0.41, 23: 0.53}}",False,15,3,10,3,2.0,13,,,9,9,5.140258879622877,-5.140258879622877,1,5.140258879622877,5.140258879622877,730.9947936159685,2,0.5681552989398231,0.5681552989398231,0.5681552989398231,0.9,1.125,21.6,27.0,88.88888888888889,11.11111111111111,5.140258879622877,81.22164373510762,2,4.5,3,6,0,0,0,0,0,0,0,0,13.103199843072916,18.984525671770598,3.719990115301668,14.155733207852279,16.823189958374584,33.14025887962288,34.29032832553018,6,66.66666666666666,,
20250517_170355,rl_aca,91,,,,,,,,,,,2,1,13.4,20.9,39,600,60,80,"(6.0, 6.0)",0.71,3.0,0.26666666666666666,False,91,0.01,"{'type': 'hourly', 'hourly_rates': {0: 1.59, 1: 4.38, 2: 2.38, 3: 1.15, 4: 0.84, 5: 0.76, 6: 1.0, 7: 2.25, 8: 2.86, 9: 1.94, 10: 1.23, 11: 0.85, 12: 0.55, 13: 0.37, 14: 0.21, 15: 0.13, 16: 0.08, 17: 0.05, 18: 0.04, 19: 0.04, 20: 0.12, 21: 0.24, 22: 0.41, 23: 0.53}}",False,15,3,10,3,2.0,13,,,18,0,0,0,0,0,0,0,18,1.0,1.0,1.0,0.0,0.0,0.0,0.0,0,0,0,0,0,0,0,0,,0,0,0,0,0,0,0,0,0.0,0,0.0,0,0.0,0.0,0,0,,
20250517_170355,rl_aca,92,,,,,,,,,,,2,1,13.4,20.9,39,600,60,80,"(6.0, 6.0)",0.71,3.0,0.26666666666666666,False,92,0.01,"{'type': 'hourly', 'hourly_rates': {0: 1.59, 1: 4.38, 2: 2.38, 3: 1.15, 4: 0.84, 5: 0.76, 6: 1.0, 7: 2.25, 8: 2.86, 9: 1.94, 10: 1.23, 11: 0.85, 12: 0.55, 13: 0.37, 14: 0.21, 15: 0.13, 16: 0.08, 17: 0.05, 18: 0.04, 19: 0.04, 20: 0.12, 21: 0.24, 22: 0.41, 23: 0.53}}",False,15,3,10,3,2.0,13,,,7,7,0,0,0,0,0,725.8015271283131,0,0.5433936293164255,0.5433936293164255,0.5433936293164255,0.7,0.875,16.799999999999997,21.0,100.0,0.0,0,103.68593244690187,2,3.5,1,6,0,0,0,0,0,0,0,0,12.601533454709573,16.946040851224666,1.7799701273178685,8.473548159243592,14.381503582027443,17.153985955860605,22.577298232322935,5,71.42857142857143,,
20250517_170356,rl_aca,93,,,,,,,,,,,2,1,13.4,20.9,39,600,60,80,"(6.0, 6.0)",0.71,3.0,0.26666666666666666,False,93,0.01,"{'type': 'hourly', 'hourly_rates': {0: 1.59, 1: 4.38, 2: 2.38, 3: 1.15, 4: 0.84, 5: 0.76, 6: 1.0, 7: 2.25, 8: 2.86, 9: 1.94, 10: 1.23, 11: 0.85, 12: 0.55, 13: 0.37, 14: 0.21, 15: 0.13, 16: 0.08, 17: 0.05, 18: 0.04, 19: 0.04, 20: 0.12, 21: 0.24, 22: 0.41, 23: 0.53}}",False,15,3,10,3,2.0,13,,,11,10,61.347650969478934,-61.347650969478934,4,22.845964168998194,15.336912742369734,1025.9912789076507,0,0.5361979616391365,0.5361979616391365,0.5361979616391365,1.0,1.25,24.0,30.0,60.0,40.0,15.336912742369734,102.59912789076506,2,5.0,5,5,0,0,0,0,0,0,0,0,15.630155300497028,23.577504543115595,11.042694276560013,34.39352951309439,26.672849577057043,46.513364050964014,58.64920450256199,6,60.0,,
20250517_170356,rl_aca,94,,,,,,,,,,,2,1,13.4,20.9,39,600,60,80,"(6.0, 6.0)",0.71,3.0,0.26666666666666666,False,94,0.01,"{'type': 'hourly', 'hourly_rates': {0: 1.59, 1: 4.38, 2: 2.38, 3: 1.15, 4: 0.84, 5: 0.76, 6: 1.0, 7: 2.25, 8: 2.86, 9: 1.94, 10: 1.23, 11: 0.85, 12: 0.55, 13: 0.37, 14: 0.21, 15: 0.13, 16: 0.08, 17: 0.05, 18: 0.04, 19: 0.04, 20: 0.12, 21: 0.24, 22: 0.41, 23: 0.53}}",False,15,3,10,3,2.0,13,,,13,12,89.13674364907071,-89.13674364907071,5,31.81996414429534,17.82734872981414,1392.4910697372409,0,0.22838383776510635,0.22838383776510635,0.22838383776510635,1.2,1.5,28.799999999999997,36.0,58.333333333333336,41.66666666666667,17.82734872981414,116.04092247810341,2,6.0,6,6,0,3,33.33333333333333,2.0,100.0,16.76581612450557,0.4023858127811888,16.36343031172438,13.351262180154235,20.971985216361325,9.167273402224321,30.266908354959597,22.518535582378558,40.16577323831902,26.674251286833115,5,41.66666666666667,,
20250517_170357,rl_aca,95,,,,,,,,,,,2,1,13.4,20.9,39,600,60,80,"(6.0, 6.0)",0.71,3.0,0.26666666666666666,False,95,0.01,"{'type': 'hourly', 'hourly_rates': {0: 1.59, 1: 4.38, 2: 2.38, 3: 1.15, 4: 0.84, 5: 0.76, 6: 1.0, 7: 2.25, 8: 2.86, 9: 1.94, 10: 1.23, 11: 0.85, 12: 0.55, 13: 0.37, 14: 0.21, 15: 0.13, 16: 0.08, 17: 0.05, 18: 0.04, 19: 0.04, 20: 0.12, 21: 0.24, 22: 0.41, 23: 0.53}}",False,15,3,10,3,2.0,13,,,5,0,0,0,0,0,0,0,5,1.0,1.0,1.0,0.0,0.0,0.0,0.0,0,0,0,0,0,0,0,0,,0,0,0,0,0,0,0,0,0.0,0,0.0,0,0.0,0.0,0,0,,
20250517_170358,rl_aca,96,,,,,,,,,,,2,1,13.4,20.9,39,600,60,80,"(6.0, 6.0)",0.71,3.0,0.26666666666666666,False,96,0.01,"{'type': 'hourly', 'hourly_rates': {0: 1.59, 1: 4.38, 2: 2.38, 3: 1.15, 4: 0.84, 5: 0.76, 6: 1.0, 7: 2.25, 8: 2.86, 9: 1.94, 10: 1.23, 11: 0.85, 12: 0.55, 13: 0.37, 14: 0.21, 15: 0.13, 16: 0.08, 17: 0.05, 18: 0.04, 19: 0.04, 20: 0.12, 21: 0.24, 22: 0.41, 23: 0.53}}",False,15,3,10,3,2.0,13,,,9,1,0,0,0,0,0,106.54882093068505,8,0.9272526146784622,0.9272526146784622,0.9272526146784622,0.1,0.125,2.4000000000000004,3.0,100.0,0.0,0,106.54882093068505,1,1.0,1,1,1,0,0,0,0,0,0,0,6.020788409637419,6.020788409637419,2.952868095033665,2.952868095033665,8.973656504671084,8.973656504671084,0.0,0,0.0,,
20250517_170358,rl_aca,97,,,,,,,,,,,2,1,13.4,20.9,39,600,60,80,"(6.0, 6.0)",0.71,3.0,0.26666666666666666,False,97,0.01,"{'type': 'hourly', 'hourly_rates': {0: 1.59, 1: 4.38, 2: 2.38, 3: 1.15, 4: 0.84, 5: 0.76, 6: 1.0, 7: 2.25, 8: 2.86, 9: 1.94, 10: 1.23, 11: 0.85, 12: 0.55, 13: 0.37, 14: 0.21, 15: 0.13, 16: 0.08, 17: 0.05, 18: 0.04, 19: 0.04, 20: 0.12, 21: 0.24, 22: 0.41, 23: 0.53}}",False,15,3,10,3,2.0,13,,,10,7,0,0,0,0,0,561.4195276947121,4,0.722722494518806,0.722722494518806,0.722722494518806,0.7,0.875,16.799999999999997,21.0,100.0,0.0,0,80.20278967067316,2,3.5,2,5,0,0,0,0,0,0,0,0,10.868856368337742,14.673834316687419,2.448221197397018,9.622403442820143,13.31707756573476,21.006471200118597,11.990055558185617,3,42.857142857142854,,
20250517_170400,rl_aca,98,,,,,,,,,,,2,1,13.4,20.9,39,600,60,80,"(6.0, 6.0)",0.71,3.0,0.26666666666666666,False,98,0.01,"{'type': 'hourly', 'hourly_rates': {0: 1.59, 1: 4.38, 2: 2.38, 3: 1.15, 4: 0.84, 5: 0.76, 6: 1.0, 7: 2.25, 8: 2.86, 9: 1.94, 10: 1.23, 11: 0.85, 12: 0.55, 13: 0.37, 14: 0.21, 15: 0.13, 16: 0.08, 17: 0.05, 18: 0.04, 19: 0.04, 20: 0.12, 21: 0.24, 22: 0.41, 23: 0.53}}",False,15,3,10,3,2.0,13,,,11,7,0,0,0,0,0,513.5912557846533,5,0.695335072345786,0.695335072345786,0.695335072345786,0.7,0.875,16.799999999999997,21.0,100.0,0.0,0,73.37017939780762,2,3.5,3,4,0,0,0,0,0,0,0,0,15.553437897864592,27.260902420123273,0.44589008243920397,0.9026988934135716,15.999327980303795,27.709110571821384,51.87876942292557,7,100.0,,
20250517_170401,rl_aca,99,,,,,,,,,,,2,1,13.4,20.9,39,600,60,80,"(6.0, 6.0)",0.71,3.0,0.26666666666666666,False,99,0.01,"{'type': 'hourly', 'hourly_rates': {0: 1.59, 1: 4.38, 2: 2.38, 3: 1.15, 4: 0.84, 5: 0.76, 6: 1.0, 7: 2.25, 8: 2.86, 9: 1.94, 10: 1.23, 11: 0.85, 12: 0.55, 13: 0.37, 14: 0.21, 15: 0.13, 16: 0.08, 17: 0.05, 18: 0.04, 19: 0.04, 20: 0.12, 21: 0.24, 22: 0.41, 23: 0.53}}",False,15,3,10,3,2.0,13,,,17,0,0,0,0,0,0,0,17,1.0,1.0,1.0,0.0,0.0,0.0,0.0,0,0,0,0,0,0,0,0,,0,0,0,0,0,0,0,0,0.0,0,0.0,0,0.0,0.0,0,0,,
20250517_170402,rl_aca,100,,,,,,,,,,,2,1,13.4,20.9,39,600,60,80,"(6.0, 6.0)",0.71,3.0,0.26666666666666666,False,100,0.01,"{'type': 'hourly', 'hourly_rates': {0: 1.59, 1: 4.38, 2: 2.38, 3: 1.15, 4: 0.84, 5: 0.76, 6: 1.0, 7: 2.25, 8: 2.86, 9: 1.94, 10: 1.23, 11: 0.85, 12: 0.55, 13: 0.37, 14: 0.21, 15: 0.13, 16: 0.08, 17: 0.05, 18: 0.04, 19: 0.04, 20: 0.12, 21: 0.24, 22: 0.41, 23: 0.53}}",False,15,3,10,3,2.0,13,,,10,8,52.8296853437939,-52.8296853437939,4,24.902388629922854,13.207421335948474,758.6724693883341,2,0.48232714057555587,0.48232714057555587,0.48232714057555587,0.8,1.0,19.200000000000003,24.0,50.0,50.0,13.207421335948474,94.83405867354176,2,4.0,1,7,0,1,12.5,2.0,100.0,22.982779424051103,0.7063596128314202,22.276419811219682,14.83169727315064,21.584532440664077,2.5566113351889332,15.048459370748446,17.38830860833957,25.98277942405109,31.073993744999427,6,75.0,,
20250517_170402,rl_aca,101,,,,,,,,,,,2,1,13.4,20.9,39,600,60,80,"(6.0, 6.0)",0.71,3.0,0.26666666666666666,False,101,0.01,"{'type': 'hourly', 'hourly_rates': {0: 1.59, 1: 4.38, 2: 2.38, 3: 1.15, 4: 0.84, 5: 0.76, 6: 1.0, 7: 2.25, 8: 2.86, 9: 1.94, 10: 1.23, 11: 0.85, 12: 0.55, 13: 0.37, 14: 0.21, 15: 0.13, 16: 0.08, 17: 0.05, 18: 0.04, 19: 0.04, 20: 0.12, 21: 0.24, 22: 0.41, 23: 0.53}}",False,15,3,10,3,2.0,13,,,14,10,189.9787267572019,-189.9787267572019,9,46.70681657930862,21.10874741746688,1372.5773228510877,9,0.2521225960796489,0.2521225960796489,0.2521225960796489,1.0,1.25,24.0,30.0,10.0,90.0,21.10874741746688,137.25773228510877,2,5.0,4,6,0,2,20.0,2.5,100.0,31.395030661770562,7.335414465196188,24.059616196574375,16.570782727958566,29.22045397916105,11.918649647517569,39.75966997028786,28.489432375476134,55.95262472089968,23.96508145220561,4,40.0,,
20250517_170403,rl_aca,102,,,,,,,,,,,2,1,13.4,20.9,39,600,60,80,"(6.0, 6.0)",0.71,3.0,0.26666666666666666,False,102,0.01,"{'type': 'hourly', 'hourly_rates': {0: 1.59, 1: 4.38, 2: 2.38, 3: 1.15, 4: 0.84, 5: 0.76, 6: 1.0, 7: 2.25, 8: 2.86, 9: 1.94, 10: 1.23, 11: 0.85, 12: 0.55, 13: 0.37, 14: 0.21, 15: 0.13, 16: 0.08, 17: 0.05, 18: 0.04, 19: 0.04, 20: 0.12, 21: 0.24, 22: 0.41, 23: 0.53}}",False,15,3,10,3,2.0,13,,,11,11,105.50074803593917,-105.50074803593917,10,21.88754327340189,10.550074803593917,819.7008517366751,11,0.46989307603960434,0.46989307603960434,0.46989307603960434,1.1,1.375,26.400000000000002,33.0,9.090909090909092,90.9090909090909,10.550074803593917,74.51825924878864,2,5.5,3,8,0,0,0,0,0,0,0,0,13.202504827624939,21.896425756715576,21.29756317564226,38.26842047960906,34.500068003267195,49.88754327340189,3.8964257567155762,1,9.090909090909092,,
20250517_170403,rl_aca,103,,,,,,,,,,,2,1,13.4,20.9,39,600,60,80,"(6.0, 6.0)",0.71,3.0,0.26666666666666666,False,103,0.01,"{'type': 'hourly', 'hourly_rates': {0: 1.59, 1: 4.38, 2: 2.38, 3: 1.15, 4: 0.84, 5: 0.76, 6: 1.0, 7: 2.25, 8: 2.86, 9: 1.94, 10: 1.23, 11: 0.85, 12: 0.55, 13: 0.37, 14: 0.21, 15: 0.13, 16: 0.08, 17: 0.05, 18: 0.04, 19: 0.04, 20: 0.12, 21: 0.24, 22: 0.41, 23: 0.53}}",False,15,3,10,3,2.0,13,,,15,12,326.9490937043576,-326.9490937043576,11,84.25069232488718,29.72264488221433,2232.5061723936474,0,0.25005716122858934,0.25005716122858934,0.25005716122858934,1.2,1.5,28.799999999999997,36.0,8.333333333333332,91.66666666666666,29.72264488221433,186.04218103280394,2,6.0,4,8,0,4,33.33333333333333,2.0,100.0,25.657109186804874,13.92693912332345,11.730170063481424,14.40513832099073,20.94206648314332,16.50145370064821,46.3179430484779,30.90659202163894,56.68876635347658,3.405300827735175,2,16.666666666666664,,
20250517_170404,rl_aca,104,,,,,,,,,,,2,1,13.4,20.9,39,600,60,80,"(6.0, 6.0)",0.71,3.0,0.26666666666666666,False,104,0.01,"{'type': 'hourly', 'hourly_rates': {0: 1.59, 1: 4.38, 2: 2.38, 3: 1.15, 4: 0.84, 5: 0.76, 6: 1.0, 7: 2.25, 8: 2.86, 9: 1.94, 10: 1.23, 11: 0.85, 12: 0.55, 13: 0.37, 14: 0.21, 15: 0.13, 16: 0.08, 17: 0.05, 18: 0.04, 19: 0.04, 20: 0.12, 21: 0.24, 22: 0.41, 23: 0.53}}",False,15,3,10,3,2.0,13,,,11,0,0,0,0,0,0,0,11,1.0,1.0,1.0,0.0,0.0,0.0,0.0,0,0,0,0,0,0,0,0,,0,0,0,0,0,0,0,0,0.0,0,0.0,0,0.0,0.0,0,0,,
20250517_170406,rl_aca,105,,,,,,,,,,,2,1,13.4,20.9,39,600,60,80,"(6.0, 6.0)",0.71,3.0,0.26666666666666666,False,105,0.01,"{'type': 'hourly', 'hourly_rates': {0: 1.59, 1: 4.38, 2: 2.38, 3: 1.15, 4: 0.84, 5: 0.76, 6: 1.0, 7: 2.25, 8: 2.86, 9: 1.94, 10: 1.23, 11: 0.85, 12: 0.55, 13: 0.37, 14: 0.21, 15: 0.13, 16: 0.08, 17: 0.05, 18: 0.04, 19: 0.04, 20: 0.12, 21: 0.24, 22: 0.41, 23: 0.53}}",False,15,3,10,3,2.0,13,,,13,0,0,0,0,0,0,0,13,1.0,1.0,1.0,0.0,0.0,0.0,0.0,0,0,0,0,0,0,0,0,,0,0,0,0,0,0,0,0,0.0,0,0.0,0,0.0,0.0,0,0,,
20250517_170407,rl_aca,106,,,,,,,,,,,2,1,13.4,20.9,39,600,60,80,"(6.0, 6.0)",0.71,3.0,0.26666666666666666,False,106,0.01,"{'type': 'hourly', 'hourly_rates': {0: 1.59, 1: 4.38, 2: 2.38, 3: 1.15, 4: 0.84, 5: 0.76, 6: 1.0, 7: 2.25, 8: 2.86, 9: 1.94, 10: 1.23, 11: 0.85, 12: 0.55, 13: 0.37, 14: 0.21, 15: 0.13, 16: 0.08, 17: 0.05, 18: 0.04, 19: 0.04, 20: 0.12, 21: 0.24, 22: 0.41, 23: 0.53}}",False,15,3,10,3,2.0,13,,,7,0,0,0,0,0,0,0,7,1.0,1.0,1.0,0.0,0.0,0.0,0.0,0,0,0,0,0,0,0,0,,0,0,0,0,0,0,0,0,0.0,0,0.0,0,0.0,0.0,0,0,,
20250517_170407,rl_aca,107,,,,,,,,,,,2,1,13.4,20.9,39,600,60,80,"(6.0, 6.0)",0.71,3.0,0.26666666666666666,False,107,0.01,"{'type': 'hourly', 'hourly_rates': {0: 1.59, 1: 4.38, 2: 2.38, 3: 1.15, 4: 0.84, 5: 0.76, 6: 1.0, 7: 2.25, 8: 2.86, 9: 1.94, 10: 1.23, 11: 0.85, 12: 0.55, 13: 0.37, 14: 0.21, 15: 0.13, 16: 0.08, 17: 0.05, 18: 0.04, 19: 0.04, 20: 0.12, 21: 0.24, 22: 0.41, 23: 0.53}}",False,15,3,10,3,2.0,13,,,20,13,256.9400087317119,-256.9400087317118,14,46.45077234292066,18.352857766550848,1559.9435222834811,20,0.20694084879735913,0.20694084879735913,0.20694084879735913,1.3,1.625,31.200000000000003,39.0,-7.6923076923076925,107.6923076923077,18.352857766550848,119.99565556026778,2,6.5,6,7,0,6,38.46153846153847,2.0,100.0,15.000552928392347,8.61178238042,6.388770547972348,13.52058136813459,26.18005622397368,14.225090059683101,54.992417595488575,27.745671427817687,65.15806351323138,12.553285311383036,2,15.384615384615385,,
20250517_170409,rl_aca,108,,,,,,,,,,,2,1,13.4,20.9,39,600,60,80,"(6.0, 6.0)",0.71,3.0,0.26666666666666666,False,108,0.01,"{'type': 'hourly', 'hourly_rates': {0: 1.59, 1: 4.38, 2: 2.38, 3: 1.15, 4: 0.84, 5: 0.76, 6: 1.0, 7: 2.25, 8: 2.86, 9: 1.94, 10: 1.23, 11: 0.85, 12: 0.55, 13: 0.37, 14: 0.21, 15: 0.13, 16: 0.08, 17: 0.05, 18: 0.04, 19: 0.04, 20: 0.12, 21: 0.24, 22: 0.41, 23: 0.53}}",False,15,3,10,3,2.0,13,,,16,0,0,0,0,0,0,0,16,1.0,1.0,1.0,0.0,0.0,0.0,0.0,0,0,0,0,0,0,0,0,,0,0,0,0,0,0,0,0,0.0,0,0.0,0,0.0,0.0,0,0,,
20250517_170409,rl_aca,109,,,,,,,,,,,2,1,13.4,20.9,39,600,60,80,"(6.0, 6.0)",0.71,3.0,0.26666666666666666,False,109,0.01,"{'type': 'hourly', 'hourly_rates': {0: 1.59, 1: 4.38, 2: 2.38, 3: 1.15, 4: 0.84, 5: 0.76, 6: 1.0, 7: 2.25, 8: 2.86, 9: 1.94, 10: 1.23, 11: 0.85, 12: 0.55, 13: 0.37, 14: 0.21, 15: 0.13, 16: 0.08, 17: 0.05, 18: 0.04, 19: 0.04, 20: 0.12, 21: 0.24, 22: 0.41, 23: 0.53}}",False,15,3,10,3,2.0,13,,,14,10,336.42387933865484,-336.4238793386548,9,98.18243937109656,37.38043103762831,1531.9089651765769,0,0.1961703624203926,0.1961703624203926,0.1961703624203926,1.0,1.25,24.0,30.0,10.0,90.0,37.38043103762831,153.19089651765768,2,5.0,4,6,1,5,40.0,2.2,100.0,32.26384625826078,4.5363516498179735,27.727494608442804,15.797970390878538,27.208388821019106,10.889478819570453,37.722646897088,26.68744921044899,54.855728134862375,38.08747244894148,6,60.0,,
20250517_170411,rl_aca,110,,,,,,,,,,,2,1,13.4,20.9,39,600,60,80,"(6.0, 6.0)",0.71,3.0,0.26666666666666666,False,110,0.01,"{'type': 'hourly', 'hourly_rates': {0: 1.59, 1: 4.38, 2: 2.38, 3: 1.15, 4: 0.84, 5: 0.76, 6: 1.0, 7: 2.25, 8: 2.86, 9: 1.94, 10: 1.23, 11: 0.85, 12: 0.55, 13: 0.37, 14: 0.21, 15: 0.13, 16: 0.08, 17: 0.05, 18: 0.04, 19: 0.04, 20: 0.12, 21: 0.24, 22: 0.41, 23: 0.53}}",False,15,3,10,3,2.0,13,,,13,0,0,0,0,0,0,0,13,1.0,1.0,1.0,0.0,0.0,0.0,0.0,0,0,0,0,0,0,0,0,,0,0,0,0,0,0,0,0,0.0,0,0.0,0,0.0,0.0,0,0,,
20250517_170412,rl_aca,111,,,,,,,,,,,2,1,13.4,20.9,39,600,60,80,"(6.0, 6.0)",0.71,3.0,0.26666666666666666,False,111,0.01,"{'type': 'hourly', 'hourly_rates': {0: 1.59, 1: 4.38, 2: 2.38, 3: 1.15, 4: 0.84, 5: 0.76, 6: 1.0, 7: 2.25, 8: 2.86, 9: 1.94, 10: 1.23, 11: 0.85, 12: 0.55, 13: 0.37, 14: 0.21, 15: 0.13, 16: 0.08, 17: 0.05, 18: 0.04, 19: 0.04, 20: 0.12, 21: 0.24, 22: 0.41, 23: 0.53}}",False,15,3,10,3,2.0,13,,,17,8,37.54058499795846,-37.54058499795846,4,13.26684152974667,9.385146249489615,737.6275046616755,9,0.6680187622233861,0.6680187622233861,0.6680187622233861,0.8,1.0,19.200000000000003,24.0,50.0,50.0,9.385146249489615,92.20343808270944,1,8.0,8,8,1,0,0,0,0,0,0,0,11.143667029859264,14.68058287032457,11.18643669999953,23.96334809386576,22.330103729858795,37.965992333042436,13.280528223753445,3,37.5,,
20250517_170412,rl_aca,112,,,,,,,,,,,2,1,13.4,20.9,39,600,60,80,"(6.0, 6.0)",0.71,3.0,0.26666666666666666,False,112,0.01,"{'type': 'hourly', 'hourly_rates': {0: 1.59, 1: 4.38, 2: 2.38, 3: 1.15, 4: 0.84, 5: 0.76, 6: 1.0, 7: 2.25, 8: 2.86, 9: 1.94, 10: 1.23, 11: 0.85, 12: 0.55, 13: 0.37, 14: 0.21, 15: 0.13, 16: 0.08, 17: 0.05, 18: 0.04, 19: 0.04, 20: 0.12, 21: 0.24, 22: 0.41, 23: 0.53}}",False,15,3,10,3,2.0,13,,,10,10,22.68548597343751,-22.68548597343751,3,19.040557344057063,7.5618286578125025,964.5302290209286,0,0.382128602528875,0.382128602528875,0.382128602528875,1.0,1.25,24.0,30.0,70.0,30.0,7.5618286578125025,96.45302290209285,2,5.0,5,5,0,0,0,0,0,0,0,0,13.300223535305719,20.70358644633348,7.16222486807235,31.20410209620193,20.46244840337807,39.04055734405706,34.0145806065291,4,40.0,,
20250517_170414,rl_aca,113,,,,,,,,,,,2,1,13.4,20.9,39,600,60,80,"(6.0, 6.0)",0.71,3.0,0.26666666666666666,False,113,0.01,"{'type': 'hourly', 'hourly_rates': {0: 1.59, 1: 4.38, 2: 2.38, 3: 1.15, 4: 0.84, 5: 0.76, 6: 1.0, 7: 2.25, 8: 2.86, 9: 1.94, 10: 1.23, 11: 0.85, 12: 0.55, 13: 0.37, 14: 0.21, 15: 0.13, 16: 0.08, 17: 0.05, 18: 0.04, 19: 0.04, 20: 0.12, 21: 0.24, 22: 0.41, 23: 0.53}}",False,15,3,10,3,2.0,13,,,15,0,0,0,0,0,0,0,15,1.0,1.0,1.0,0.0,0.0,0.0,0.0,0,0,0,0,0,0,0,0,,0,0,0,0,0,0,0,0,0.0,0,0.0,0,0.0,0.0,0,0,,
20250517_170414,rl_aca,114,,,,,,,,,,,2,1,13.4,20.9,39,600,60,80,"(6.0, 6.0)",0.71,3.0,0.26666666666666666,False,114,0.01,"{'type': 'hourly', 'hourly_rates': {0: 1.59, 1: 4.38, 2: 2.38, 3: 1.15, 4: 0.84, 5: 0.76, 6: 1.0, 7: 2.25, 8: 2.86, 9: 1.94, 10: 1.23, 11: 0.85, 12: 0.55, 13: 0.37, 14: 0.21, 15: 0.13, 16: 0.08, 17: 0.05, 18: 0.04, 19: 0.04, 20: 0.12, 21: 0.24, 22: 0.41, 23: 0.53}}",False,15,3,10,3,2.0,13,,,14,3,6.4018259049719575,-6.4018259049719575,1,6.4018259049719575,6.4018259049719575,273.26417849448455,12,0.6153280011392646,0.6153280011392646,0.6153280011392646,0.3,0.375,7.199999999999999,9.0,66.66666666666666,33.33333333333333,6.4018259049719575,91.08805949816151,2,1.5,1,2,1,0,0,0,0,0,0,0,15.255930324980653,16.808173119106183,4.440956443280676,12.593652785865771,19.696886768261333,29.401825904971954,11.270783456023743,2,66.66666666666666,,
20250517_170415,rl_aca,115,,,,,,,,,,,2,1,13.4,20.9,39,600,60,80,"(6.0, 6.0)",0.71,3.0,0.26666666666666666,False,115,0.01,"{'type': 'hourly', 'hourly_rates': {0: 1.59, 1: 4.38, 2: 2.38, 3: 1.15, 4: 0.84, 5: 0.76, 6: 1.0, 7: 2.25, 8: 2.86, 9: 1.94, 10: 1.23, 11: 0.85, 12: 0.55, 13: 0.37, 14: 0.21, 15: 0.13, 16: 0.08, 17: 0.05, 18: 0.04, 19: 0.04, 20: 0.12, 21: 0.24, 22: 0.41, 23: 0.53}}",False,15,3,10,3,2.0,13,,,14,6,27.308141367479124,-27.308141367479124,3,14.098083717544824,9.102713789159708,1429.6086273522158,8,0.5704989281978547,0.5704989281978547,0.5704989281978547,0.6,0.75,14.399999999999999,18.0,50.0,50.0,9.102713789159708,238.26810455870262,2,3.0,3,3,0,0,0,0,0,0,0,0,16.31770334870795,23.57166594270337,2.6835742776388543,6.588464845008843,19.001277626346806,24.09808371754483,18.64928478014687,3,50.0,,
20250517_170416,rl_aca,116,,,,,,,,,,,2,1,13.4,20.9,39,600,60,80,"(6.0, 6.0)",0.71,3.0,0.26666666666666666,False,116,0.01,"{'type': 'hourly', 'hourly_rates': {0: 1.59, 1: 4.38, 2: 2.38, 3: 1.15, 4: 0.84, 5: 0.76, 6: 1.0, 7: 2.25, 8: 2.86, 9: 1.94, 10: 1.23, 11: 0.85, 12: 0.55, 13: 0.37, 14: 0.21, 15: 0.13, 16: 0.08, 17: 0.05, 18: 0.04, 19: 0.04, 20: 0.12, 21: 0.24, 22: 0.41, 23: 0.53}}",False,15,3,10,3,2.0,13,,,7,0,0,0,0,0,0,0,7,1.0,1.0,1.0,0.0,0.0,0.0,0.0,0,0,0,0,0,0,0,0,,0,0,0,0,0,0,0,0,0.0,0,0.0,0,0.0,0.0,0,0,,
20250517_170416,rl_aca,117,,,,,,,,,,,2,1,13.4,20.9,39,600,60,80,"(6.0, 6.0)",0.71,3.0,0.26666666666666666,False,117,0.01,"{'type': 'hourly', 'hourly_rates': {0: 1.59, 1: 4.38, 2: 2.38, 3: 1.15, 4: 0.84, 5: 0.76, 6: 1.0, 7: 2.25, 8: 2.86, 9: 1.94, 10: 1.23, 11: 0.85, 12: 0.55, 13: 0.37, 14: 0.21, 15: 0.13, 16: 0.08, 17: 0.05, 18: 0.04, 19: 0.04, 20: 0.12, 21: 0.24, 22: 0.41, 23: 0.53}}",False,15,3,10,3,2.0,13,,,8,8,17.12622117362133,-17.12622117362133,1,17.12622117362133,17.12622117362133,598.838928711649,8,0.7287951840596459,0.7287951840596459,0.7287951840596459,0.8,1.0,19.200000000000003,24.0,87.5,12.5,17.12622117362133,74.85486608895613,2,4.0,3,5,0,0,0,0,0,0,0,0,11.61673133648915,15.0790188864529,7.5675900570815635,26.097328254047966,19.184321393570713,39.12622117362133,2.2322852222682172,1,12.5,,
20250517_170417,rl_aca,118,,,,,,,,,,,2,1,13.4,20.9,39,600,60,80,"(6.0, 6.0)",0.71,3.0,0.26666666666666666,False,118,0.01,"{'type': 'hourly', 'hourly_rates': {0: 1.59, 1: 4.38, 2: 2.38, 3: 1.15, 4: 0.84, 5: 0.76, 6: 1.0, 7: 2.25, 8: 2.86, 9: 1.94, 10: 1.23, 11: 0.85, 12: 0.55, 13: 0.37, 14: 0.21, 15: 0.13, 16: 0.08, 17: 0.05, 18: 0.04, 19: 0.04, 20: 0.12, 21: 0.24, 22: 0.41, 23: 0.53}}",False,15,3,10,3,2.0,13,,,5,5,17.026102866228285,-17.026102866228285,3,7.428875604978913,5.675367622076095,1195.0519784237724,0,0.616062552510461,0.616062552510461,0.616062552510461,0.5,0.625,12.0,15.0,40.0,60.0,5.675367622076095,239.01039568475449,2,2.5,2,3,0,0,0,0,0,0,0,0,13.297332768070115,15.973442565207648,4.391143355859529,7.865062197186262,17.688476123929643,20.428875604978913,1.7177416737824274,1,20.0,,
20250517_170418,rl_aca,119,,,,,,,,,,,2,1,13.4,20.9,39,600,60,80,"(6.0, 6.0)",0.71,3.0,0.26666666666666666,False,119,0.01,"{'type': 'hourly', 'hourly_rates': {0: 1.59, 1: 4.38, 2: 2.38, 3: 1.15, 4: 0.84, 5: 0.76, 6: 1.0, 7: 2.25, 8: 2.86, 9: 1.94, 10: 1.23, 11: 0.85, 12: 0.55, 13: 0.37, 14: 0.21, 15: 0.13, 16: 0.08, 17: 0.05, 18: 0.04, 19: 0.04, 20: 0.12, 21: 0.24, 22: 0.41, 23: 0.53}}",False,15,3,10,3,2.0,13,,,21,12,1252.4156559257915,-1252.4156559257917,17,151.1736147465516,73.67150917210539,2854.2497060656387,0,0.22651842548879303,0.22651842548879303,0.22651842548879303,1.2,1.5,28.799999999999997,36.0,-41.66666666666667,141.66666666666669,73.67150917210539,237.85414217213656,2,6.0,5,7,1,7,41.66666666666667,2.2857142857142856,100.0,88.70811743728294,32.87188050325663,55.83623693402631,15.021683215097726,22.38591692665686,49.09825854445694,101.37584976525017,64.11994175955466,119.49326781253188,16.27923535892839,1,8.333333333333332,,
20250517_170418,rl_aca,120,,,,,,,,,,,2,1,13.4,20.9,39,600,60,80,"(6.0, 6.0)",0.71,3.0,0.26666666666666666,False,120,0.01,"{'type': 'hourly', 'hourly_rates': {0: 1.59, 1: 4.38, 2: 2.38, 3: 1.15, 4: 0.84, 5: 0.76, 6: 1.0, 7: 2.25, 8: 2.86, 9: 1.94, 10: 1.23, 11: 0.85, 12: 0.55, 13: 0.37, 14: 0.21, 15: 0.13, 16: 0.08, 17: 0.05, 18: 0.04, 19: 0.04, 20: 0.12, 21: 0.24, 22: 0.41, 23: 0.53}}",False,15,3,10,3,2.0,13,,,5,4,0,0,0,0,0,320.8556548048648,1,0.6136877289202141,0.6136877289202141,0.6136877289202141,0.4,0.5,9.600000000000001,12.0,100.0,0.0,0,80.2139137012162,2,2.0,1,3,0,0,0,0,0,0,0,0,15.118415482121113,24.254074649272127,0.8534167122819056,1.4476498617559699,15.971832194403019,24.37377349815784,22.033983012628347,3,75.0,,
20250517_170419,rl_aca,121,,,,,,,,,,,2,1,13.4,20.9,39,600,60,80,"(6.0, 6.0)",0.71,3.0,0.26666666666666666,False,121,0.01,"{'type': 'hourly', 'hourly_rates': {0: 1.59, 1: 4.38, 2: 2.38, 3: 1.15, 4: 0.84, 5: 0.76, 6: 1.0, 7: 2.25, 8: 2.86, 9: 1.94, 10: 1.23, 11: 0.85, 12: 0.55, 13: 0.37, 14: 0.21, 15: 0.13, 16: 0.08, 17: 0.05, 18: 0.04, 19: 0.04, 20: 0.12, 21: 0.24, 22: 0.41, 23: 0.53}}",False,15,3,10,3,2.0,13,,,7,4,0,0,0,0,0,466.9716831573833,3,0.8875840724303378,0.8875840724303378,0.8875840724303378,0.4,0.5,9.600000000000001,12.0,100.0,0.0,0,116.74292078934583,1,4.0,4,4,1,0,0,0,0,0,0,0,13.553119707393243,22.162912389315636,1.227140303982452,3.4960848395502353,14.780260011375695,22.28553471382969,14.367445453724827,2,50.0,,
20250517_170420,rl_aca,122,,,,,,,,,,,2,1,13.4,20.9,39,600,60,80,"(6.0, 6.0)",0.71,3.0,0.26666666666666666,False,122,0.01,"{'type': 'hourly', 'hourly_rates': {0: 1.59, 1: 4.38, 2: 2.38, 3: 1.15, 4: 0.84, 5: 0.76, 6: 1.0, 7: 2.25, 8: 2.86, 9: 1.94, 10: 1.23, 11: 0.85, 12: 0.55, 13: 0.37, 14: 0.21, 15: 0.13, 16: 0.08, 17: 0.05, 18: 0.04, 19: 0.04, 20: 0.12, 21: 0.24, 22: 0.41, 23: 0.53}}",False,15,3,10,3,2.0,13,,,11,10,99.26557627658372,-99.26557627658372,4,58.846591068185774,24.81639406914593,876.3039593125446,2,0.31183727384281895,0.31183727384281895,0.31183727384281895,1.0,1.25,24.0,30.0,60.0,40.0,24.81639406914593,87.63039593125447,2,5.0,4,6,0,1,10.0,2.0,100.0,14.995886620236092,8.702555616923405,6.293331003312687,12.550476601155358,18.78414337150511,12.446561667012404,64.06244769668066,24.997038268167763,82.84659106818577,25.77864927318188,5,50.0,,
20250517_170421,rl_aca,123,,,,,,,,,,,2,1,13.4,20.9,39,600,60,80,"(6.0, 6.0)",0.71,3.0,0.26666666666666666,False,123,0.01,"{'type': 'hourly', 'hourly_rates': {0: 1.59, 1: 4.38, 2: 2.38, 3: 1.15, 4: 0.84, 5: 0.76, 6: 1.0, 7: 2.25, 8: 2.86, 9: 1.94, 10: 1.23, 11: 0.85, 12: 0.55, 13: 0.37, 14: 0.21, 15: 0.13, 16: 0.08, 17: 0.05, 18: 0.04, 19: 0.04, 20: 0.12, 21: 0.24, 22: 0.41, 23: 0.53}}",False,15,3,10,3,2.0,13,,,15,0,0,0,0,0,0,0,15,1.0,1.0,1.0,0.0,0.0,0.0,0.0,0,0,0,0,0,0,0,0,,0,0,0,0,0,0,0,0,0.0,0,0.0,0,0.0,0.0,0,0,,
20250517_170422,rl_aca,124,,,,,,,,,,,2,1,13.4,20.9,39,600,60,80,"(6.0, 6.0)",0.71,3.0,0.26666666666666666,False,124,0.01,"{'type': 'hourly', 'hourly_rates': {0: 1.59, 1: 4.38, 2: 2.38, 3: 1.15, 4: 0.84, 5: 0.76, 6: 1.0, 7: 2.25, 8: 2.86, 9: 1.94, 10: 1.23, 11: 0.85, 12: 0.55, 13: 0.37, 14: 0.21, 15: 0.13, 16: 0.08, 17: 0.05, 18: 0.04, 19: 0.04, 20: 0.12, 21: 0.24, 22: 0.41, 23: 0.53}}",False,15,3,10,3,2.0,13,,,10,5,161.97363192090205,-161.97363192090205,6,53.40012392648441,26.995605320150343,773.3027825887671,10,0.48635038909981343,0.48635038909981343,0.48635038909981343,0.5,0.625,12.0,15.0,-20.0,120.0,26.995605320150343,154.6605565177534,2,2.5,2,3,0,1,20.0,2.0,100.0,53.40012392648441,16.024251724371837,37.375872202112575,13.64323435720988,21.686407883118775,29.656191807584474,42.21373843622629,43.299426164794355,52.40012392648441,0.0,0,0.0,,
20250517_170423,rl_aca,125,,,,,,,,,,,2,1,13.4,20.9,39,600,60,80,"(6.0, 6.0)",0.71,3.0,0.26666666666666666,False,125,0.01,"{'type': 'hourly', 'hourly_rates': {0: 1.59, 1: 4.38, 2: 2.38, 3: 1.15, 4: 0.84, 5: 0.76, 6: 1.0, 7: 2.25, 8: 2.86, 9: 1.94, 10: 1.23, 11: 0.85, 12: 0.55, 13: 0.37, 14: 0.21, 15: 0.13, 16: 0.08, 17: 0.05, 18: 0.04, 19: 0.04, 20: 0.12, 21: 0.24, 22: 0.41, 23: 0.53}}",False,15,3,10,3,2.0,13,,,18,0,0,0,0,0,0,0,18,1.0,1.0,1.0,0.0,0.0,0.0,0.0,0,0,0,0,0,0,0,0,,0,0,0,0,0,0,0,0,0.0,0,0.0,0,0.0,0.0,0,0,,
20250517_170423,rl_aca,126,,,,,,,,,,,2,1,13.4,20.9,39,600,60,80,"(6.0, 6.0)",0.71,3.0,0.26666666666666666,False,126,0.01,"{'type': 'hourly', 'hourly_rates': {0: 1.59, 1: 4.38, 2: 2.38, 3: 1.15, 4: 0.84, 5: 0.76, 6: 1.0, 7: 2.25, 8: 2.86, 9: 1.94, 10: 1.23, 11: 0.85, 12: 0.55, 13: 0.37, 14: 0.21, 15: 0.13, 16: 0.08, 17: 0.05, 18: 0.04, 19: 0.04, 20: 0.12, 21: 0.24, 22: 0.41, 23: 0.53}}",False,15,3,10,3,2.0,13,,,8,8,44.11578484354996,-44.11578484354996,4,18.190884004402847,11.02894621088749,528.0620300874874,4,0.6127989510200277,0.6127989510200277,0.6127989510200277,0.8,1.0,19.200000000000003,24.0,50.0,50.0,11.02894621088749,66.00775376093593,2,4.0,4,4,1,0,0,0,0,0,0,0,15.360760139730559,20.578738499202444,10.904974968241907,22.612145505200402,26.265735107972464,43.19088400440285,26.021680936204945,2,25.0,,
20250517_170425,rl_aca,127,,,,,,,,,,,2,1,13.4,20.9,39,600,60,80,"(6.0, 6.0)",0.71,3.0,0.26666666666666666,False,127,0.01,"{'type': 'hourly', 'hourly_rates': {0: 1.59, 1: 4.38, 2: 2.38, 3: 1.15, 4: 0.84, 5: 0.76, 6: 1.0, 7: 2.25, 8: 2.86, 9: 1.94, 10: 1.23, 11: 0.85, 12: 0.55, 13: 0.37, 14: 0.21, 15: 0.13, 16: 0.08, 17: 0.05, 18: 0.04, 19: 0.04, 20: 0.12, 21: 0.24, 22: 0.41, 23: 0.53}}",False,15,3,10,3,2.0,13,,,14,0,0,0,0,0,0,0,14,1.0,1.0,1.0,0.0,0.0,0.0,0.0,0,0,0,0,0,0,0,0,,0,0,0,0,0,0,0,0,0.0,0,0.0,0,0.0,0.0,0,0,,
20250517_170425,rl_aca,128,,,,,,,,,,,2,1,13.4,20.9,39,600,60,80,"(6.0, 6.0)",0.71,3.0,0.26666666666666666,False,128,0.01,"{'type': 'hourly', 'hourly_rates': {0: 1.59, 1: 4.38, 2: 2.38, 3: 1.15, 4: 0.84, 5: 0.76, 6: 1.0, 7: 2.25, 8: 2.86, 9: 1.94, 10: 1.23, 11: 0.85, 12: 0.55, 13: 0.37, 14: 0.21, 15: 0.13, 16: 0.08, 17: 0.05, 18: 0.04, 19: 0.04, 20: 0.12, 21: 0.24, 22: 0.41, 23: 0.53}}",False,15,3,10,3,2.0,13,,,11,9,78.00414371028916,-78.00414371028916,4,32.16561856947017,19.50103592757229,846.9525818208997,1,0.2177704997545865,0.2177704997545865,0.2177704997545865,0.9,1.125,21.6,27.0,55.55555555555556,44.44444444444444,19.50103592757229,94.1058424245444,2,4.5,2,7,1,1,11.11111111111111,2.0,100.0,32.16561856947017,2.818762840315407,29.34685572915476,12.72167780738114,15.859378847174861,8.502376034426744,37.775308471775546,21.224053841807883,45.16561856947017,20.48209636978052,4,44.44444444444444,,
20250517_170427,rl_aca,129,,,,,,,,,,,2,1,13.4,20.9,39,600,60,80,"(6.0, 6.0)",0.71,3.0,0.26666666666666666,False,129,0.01,"{'type': 'hourly', 'hourly_rates': {0: 1.59, 1: 4.38, 2: 2.38, 3: 1.15, 4: 0.84, 5: 0.76, 6: 1.0, 7: 2.25, 8: 2.86, 9: 1.94, 10: 1.23, 11: 0.85, 12: 0.55, 13: 0.37, 14: 0.21, 15: 0.13, 16: 0.08, 17: 0.05, 18: 0.04, 19: 0.04, 20: 0.12, 21: 0.24, 22: 0.41, 23: 0.53}}",False,15,3,10,3,2.0,13,,,21,0,0,0,0,0,0,0,21,1.0,1.0,1.0,0.0,0.0,0.0,0.0,0,0,0,0,0,0,0,0,,0,0,0,0,0,0,0,0,0.0,0,0.0,0,0.0,0.0,0,0,,
20250517_170427,rl_aca,130,,,,,,,,,,,2,1,13.4,20.9,39,600,60,80,"(6.0, 6.0)",0.71,3.0,0.26666666666666666,False,130,0.01,"{'type': 'hourly', 'hourly_rates': {0: 1.59, 1: 4.38, 2: 2.38, 3: 1.15, 4: 0.84, 5: 0.76, 6: 1.0, 7: 2.25, 8: 2.86, 9: 1.94, 10: 1.23, 11: 0.85, 12: 0.55, 13: 0.37, 14: 0.21, 15: 0.13, 16: 0.08, 17: 0.05, 18: 0.04, 19: 0.04, 20: 0.12, 21: 0.24, 22: 0.41, 23: 0.53}}",False,15,3,10,3,2.0,13,,,10,0,0,0,0,0,0,0,10,1.0,1.0,1.0,0.0,0.0,0.0,0.0,0,0,0,0,0,0,0,0,,0,0,0,0,0,0,0,0,0.0,0,0.0,0,0.0,0.0,0,0,,
20250517_170427,rl_aca,131,,,,,,,,,,,2,1,13.4,20.9,39,600,60,80,"(6.0, 6.0)",0.71,3.0,0.26666666666666666,False,131,0.01,"{'type': 'hourly', 'hourly_rates': {0: 1.59, 1: 4.38, 2: 2.38, 3: 1.15, 4: 0.84, 5: 0.76, 6: 1.0, 7: 2.25, 8: 2.86, 9: 1.94, 10: 1.23, 11: 0.85, 12: 0.55, 13: 0.37, 14: 0.21, 15: 0.13, 16: 0.08, 17: 0.05, 18: 0.04, 19: 0.04, 20: 0.12, 21: 0.24, 22: 0.41, 23: 0.53}}",False,15,3,10,3,2.0,13,,,10,10,111.59382636584293,-111.59382636584293,5,40.308099971248,22.318765273168587,928.2298982944244,10,0.4893919053161388,0.4893919053161388,0.4893919053161388,1.0,1.25,24.0,30.0,50.0,50.0,22.318765273168587,92.82298982944243,2,5.0,4,6,1,0,0,0,0,0,0,0,12.594064943371084,24.956741635610058,17.87977216752661,39.544530527230535,30.473837110897694,62.308099971248,0.0,0,0.0,,
20250517_170428,rl_aca,132,,,,,,,,,,,2,1,13.4,20.9,39,600,60,80,"(6.0, 6.0)",0.71,3.0,0.26666666666666666,False,132,0.01,"{'type': 'hourly', 'hourly_rates': {0: 1.59, 1: 4.38, 2: 2.38, 3: 1.15, 4: 0.84, 5: 0.76, 6: 1.0, 7: 2.25, 8: 2.86, 9: 1.94, 10: 1.23, 11: 0.85, 12: 0.55, 13: 0.37, 14: 0.21, 15: 0.13, 16: 0.08, 17: 0.05, 18: 0.04, 19: 0.04, 20: 0.12, 21: 0.24, 22: 0.41, 23: 0.53}}",False,15,3,10,3,2.0,13,,,14,2,0,0,0,0,0,223.559344596982,14,0.8001038574154395,0.8001038574154395,0.8001038574154395,0.2,0.25,4.800000000000001,6.0,100.0,0.0,0,111.779672298491,2,1.0,1,1,1,0,0,0,0,0,0,0,11.974063383747621,13.3710041634655,8.595367484973108,12.422877395970257,20.56943086872073,23,0.0,0,0.0,,
20250517_170429,rl_aca,133,,,,,,,,,,,2,1,13.4,20.9,39,600,60,80,"(6.0, 6.0)",0.71,3.0,0.26666666666666666,False,133,0.01,"{'type': 'hourly', 'hourly_rates': {0: 1.59, 1: 4.38, 2: 2.38, 3: 1.15, 4: 0.84, 5: 0.76, 6: 1.0, 7: 2.25, 8: 2.86, 9: 1.94, 10: 1.23, 11: 0.85, 12: 0.55, 13: 0.37, 14: 0.21, 15: 0.13, 16: 0.08, 17: 0.05, 18: 0.04, 19: 0.04, 20: 0.12, 21: 0.24, 22: 0.41, 23: 0.53}}",False,15,3,10,3,2.0,13,,,9,9,22.69524260892385,-22.69524260892385,2,17.415244453034063,11.347621304461924,909.074000079295,2,0.45236309117554213,0.45236309117554213,0.45236309117554213,0.9,1.125,21.6,27.0,77.77777777777779,22.22222222222222,11.347621304461924,101.00822223103279,2,4.5,3,6,1,0,0,0,0,0,0,0,10.26976715094803,18.31894389419574,6.456729509923786,24.896615801269377,16.726496660871817,38.41524445303406,7.6485345722589795,4,44.44444444444444,,
20250517_170430,rl_aca,134,,,,,,,,,,,2,1,13.4,20.9,39,600,60,80,"(6.0, 6.0)",0.71,3.0,0.26666666666666666,False,134,0.01,"{'type': 'hourly', 'hourly_rates': {0: 1.59, 1: 4.38, 2: 2.38, 3: 1.15, 4: 0.84, 5: 0.76, 6: 1.0, 7: 2.25, 8: 2.86, 9: 1.94, 10: 1.23, 11: 0.85, 12: 0.55, 13: 0.37, 14: 0.21, 15: 0.13, 16: 0.08, 17: 0.05, 18: 0.04, 19: 0.04, 20: 0.12, 21: 0.24, 22: 0.41, 23: 0.53}}",False,15,3,10,3,2.0,13,,,10,8,118.43059390812823,-118.43059390812823,6,39.51541617147066,19.73843231802137,1276.2524787350153,6,0.41362821763631386,0.41362821763631386,0.41362821763631386,0.8,1.0,19.200000000000003,24.0,25.0,75.0,19.73843231802137,159.5315598418769,2,4.0,2,6,1,3,25.0,2.3333333333333335,100.0,28.31254816760908,2.003089640634433,26.309458526974648,15.382288582404072,19.85159101905981,6.465415557037106,32.346632031853574,21.847704139441177,42.67545564387089,29.015743166861526,3,37.5,,
20250517_170430,rl_aca,135,,,,,,,,,,,2,1,13.4,20.9,39,600,60,80,"(6.0, 6.0)",0.71,3.0,0.26666666666666666,False,135,0.01,"{'type': 'hourly', 'hourly_rates': {0: 1.59, 1: 4.38, 2: 2.38, 3: 1.15, 4: 0.84, 5: 0.76, 6: 1.0, 7: 2.25, 8: 2.86, 9: 1.94, 10: 1.23, 11: 0.85, 12: 0.55, 13: 0.37, 14: 0.21, 15: 0.13, 16: 0.08, 17: 0.05, 18: 0.04, 19: 0.04, 20: 0.12, 21: 0.24, 22: 0.41, 23: 0.53}}",False,15,3,10,3,2.0,13,,,8,8,29.57359824985889,-29.57359824985889,3,15.86152282087727,9.857866083286297,728.9882905674111,6,0.5213909723499811,0.5213909723499811,0.5213909723499811,0.8,1.0,19.200000000000003,24.0,62.5,37.5,9.857866083286297,91.12353632092639,2,4.0,3,5,1,0,0,0,0,0,0,0,11.950432706256292,18.950710955882883,9.42364448144761,28.391580932647898,21.374077187703904,43.861522820877255,7.724834565140739,2,25.0,,
20250517_170431,rl_aca,136,,,,,,,,,,,2,1,13.4,20.9,39,600,60,80,"(6.0, 6.0)",0.71,3.0,0.26666666666666666,False,136,0.01,"{'type': 'hourly', 'hourly_rates': {0: 1.59, 1: 4.38, 2: 2.38, 3: 1.15, 4: 0.84, 5: 0.76, 6: 1.0, 7: 2.25, 8: 2.86, 9: 1.94, 10: 1.23, 11: 0.85, 12: 0.55, 13: 0.37, 14: 0.21, 15: 0.13, 16: 0.08, 17: 0.05, 18: 0.04, 19: 0.04, 20: 0.12, 21: 0.24, 22: 0.41, 23: 0.53}}",False,15,3,10,3,2.0,13,,,13,8,51.25443397614253,-51.25443397614253,5,14.679553848266714,10.250886795228507,835.4291657471375,13,0.35315739709076194,0.35315739709076194,0.35315739709076194,0.8,1.0,19.200000000000003,24.0,37.5,62.5,10.250886795228507,104.42864571839219,2,4.0,4,4,0,2,12.5,2.5,100.0,13.491506817120822,4.188586447444719,9.302920369676102,12.814310860051098,15.893028832536942,9.993590052063599,27.47805158410025,22.807900912114697,39.679553848266714,6.688915573534956,2,25.0,,
20250517_170432,rl_aca,137,,,,,,,,,,,2,1,13.4,20.9,39,600,60,80,"(6.0, 6.0)",0.71,3.0,0.26666666666666666,False,137,0.01,"{'type': 'hourly', 'hourly_rates': {0: 1.59, 1: 4.38, 2: 2.38, 3: 1.15, 4: 0.84, 5: 0.76, 6: 1.0, 7: 2.25, 8: 2.86, 9: 1.94, 10: 1.23, 11: 0.85, 12: 0.55, 13: 0.37, 14: 0.21, 15: 0.13, 16: 0.08, 17: 0.05, 18: 0.04, 19: 0.04, 20: 0.12, 21: 0.24, 22: 0.41, 23: 0.53}}",False,15,3,10,3,2.0,13,,,12,4,0,0,0,0,0,353.38716531027916,8,0.9241036256705132,0.9241036256705132,0.9241036256705132,0.4,0.5,9.600000000000001,12.0,100.0,0.0,0,88.34679132756979,2,2.0,2,2,1,0,0,0,0,0,0,0,18.382716475187607,24.20371145832968,0.6772526362548419,0.9789440400964509,19.05996911144245,25.18265549842613,33.29098945498063,4,100.0,,
20250517_170433,rl_aca,138,,,,,,,,,,,2,1,13.4,20.9,39,600,60,80,"(6.0, 6.0)",0.71,3.0,0.26666666666666666,False,138,0.01,"{'type': 'hourly', 'hourly_rates': {0: 1.59, 1: 4.38, 2: 2.38, 3: 1.15, 4: 0.84, 5: 0.76, 6: 1.0, 7: 2.25, 8: 2.86, 9: 1.94, 10: 1.23, 11: 0.85, 12: 0.55, 13: 0.37, 14: 0.21, 15: 0.13, 16: 0.08, 17: 0.05, 18: 0.04, 19: 0.04, 20: 0.12, 21: 0.24, 22: 0.41, 23: 0.53}}",False,15,3,10,3,2.0,13,,,6,0,0,0,0,0,0,0,6,1.0,1.0,1.0,0.0,0.0,0.0,0.0,0,0,0,0,0,0,0,0,,0,0,0,0,0,0,0,0,0.0,0,0.0,0,0.0,0.0,0,0,,
20250517_170433,rl_aca,139,,,,,,,,,,,2,1,13.4,20.9,39,600,60,80,"(6.0, 6.0)",0.71,3.0,0.26666666666666666,False,139,0.01,"{'type': 'hourly', 'hourly_rates': {0: 1.59, 1: 4.38, 2: 2.38, 3: 1.15, 4: 0.84, 5: 0.76, 6: 1.0, 7: 2.25, 8: 2.86, 9: 1.94, 10: 1.23, 11: 0.85, 12: 0.55, 13: 0.37, 14: 0.21, 15: 0.13, 16: 0.08, 17: 0.05, 18: 0.04, 19: 0.04, 20: 0.12, 21: 0.24, 22: 0.41, 23: 0.53}}",False,15,3,10,3,2.0,13,,,12,0,0,0,0,0,0,0,12,1.0,1.0,1.0,0.0,0.0,0.0,0.0,0,0,0,0,0,0,0,0,,0,0,0,0,0,0,0,0,0.0,0,0.0,0,0.0,0.0,0,0,,
20250517_170433,rl_aca,140,,,,,,,,,,,2,1,13.4,20.9,39,600,60,80,"(6.0, 6.0)",0.71,3.0,0.26666666666666666,False,140,0.01,"{'type': 'hourly', 'hourly_rates': {0: 1.59, 1: 4.38, 2: 2.38, 3: 1.15, 4: 0.84, 5: 0.76, 6: 1.0, 7: 2.25, 8: 2.86, 9: 1.94, 10: 1.23, 11: 0.85, 12: 0.55, 13: 0.37, 14: 0.21, 15: 0.13, 16: 0.08, 17: 0.05, 18: 0.04, 19: 0.04, 20: 0.12, 21: 0.24, 22: 0.41, 23: 0.53}}",False,15,3,10,3,2.0,13,,,8,8,11.451204291551875,-11.451204291551875,2,8.244909612273005,5.725602145775937,870.4440731149439,4,0.46227769543083974,0.46227769543083974,0.46227769543083974,0.8,1.0,19.200000000000003,24.0,75.0,25.0,5.725602145775937,108.80550913936798,2,4.0,4,4,1,0,0,0,0,0,0,0,13.256312792706098,22.275239618839464,8.162400241521215,16.579318824651807,21.418713034227313,29.20629467927887,9.80276413992425,1,12.5,,
20250517_170434,rl_aca,141,,,,,,,,,,,2,1,13.4,20.9,39,600,60,80,"(6.0, 6.0)",0.71,3.0,0.26666666666666666,False,141,0.01,"{'type': 'hourly', 'hourly_rates': {0: 1.59, 1: 4.38, 2: 2.38, 3: 1.15, 4: 0.84, 5: 0.76, 6: 1.0, 7: 2.25, 8: 2.86, 9: 1.94, 10: 1.23, 11: 0.85, 12: 0.55, 13: 0.37, 14: 0.21, 15: 0.13, 16: 0.08, 17: 0.05, 18: 0.04, 19: 0.04, 20: 0.12, 21: 0.24, 22: 0.41, 23: 0.53}}",False,15,3,10,3,2.0,13,,,15,14,72.09878040684241,-72.09878040684241,7,25.76554790753471,10.299825772406058,1140.4598367614292,0,0.20546440634808197,0.20546440634808197,0.20546440634808197,1.4,1.75,33.599999999999994,42.0,50.0,50.0,10.299825772406058,81.46141691153066,2,7.0,6,8,1,1,7.142857142857142,2.0,100.0,8.497668596893078,4.274575319780876,4.223093277112202,13.442917343817586,20.99156765486623,9.646009223537655,32.95161270774872,23.08892656735524,47.76554790753465,13.724701540714218,6,42.857142857142854,,
20250517_173357,aca,42,,,,,,,,,,,2,1,13.4,20.9,39,600,60,80,"(6.0, 6.0)",0.71,3.0,0.26666666666666666,False,42,0.01,"{'type': 'hourly', 'hourly_rates': {0: 1.59, 1: 4.38, 2: 2.38, 3: 1.15, 4: 0.84, 5: 0.76, 6: 1.0, 7: 2.25, 8: 2.86, 9: 1.94, 10: 1.23, 11: 0.85, 12: 0.55, 13: 0.37, 14: 0.21, 15: 0.13, 16: 0.08, 17: 0.05, 18: 0.04, 19: 0.04, 20: 0.12, 21: 0.24, 22: 0.41, 23: 0.53}}",False,15,0,0,5,4.0,13,,,11,11,39.642693041767785,-39.642693041767785,3,24.94018548847771,13.214231013922594,700.6507972446076,0,0.5125971922350657,0.5125971922350657,0.5125971922350657,1.1,1.375,26.400000000000002,33.0,72.72727272727273,27.27272727272727,13.214231013922594,63.69552702223705,2,5.5,5,6,1,0,0,0,0,0,0,0,12.86671866578355,21.33402659090094,8.406778328628365,39.56899433942601,21.273496994411918,49.94018548847771,30.70743463193318,7,63.63636363636363,,
20250517_173357,aca,43,,,,,,,,,,,2,1,13.4,20.9,39,600,60,80,"(6.0, 6.0)",0.71,3.0,0.26666666666666666,False,43,0.01,"{'type': 'hourly', 'hourly_rates': {0: 1.59, 1: 4.38, 2: 2.38, 3: 1.15, 4: 0.84, 5: 0.76, 6: 1.0, 7: 2.25, 8: 2.86, 9: 1.94, 10: 1.23, 11: 0.85, 12: 0.55, 13: 0.37, 14: 0.21, 15: 0.13, 16: 0.08, 17: 0.05, 18: 0.04, 19: 0.04, 20: 0.12, 21: 0.24, 22: 0.41, 23: 0.53}}",False,15,0,0,5,4.0,13,,,8,8,12.520618450436395,-12.520618450436395,2,10.152806915903547,6.260309225218197,687.7044236144242,0,0.4178327208858847,0.4178327208858847,0.4178327208858847,0.8,1.0,19.200000000000003,24.0,75.0,25.0,6.260309225218197,85.96305295180302,2,4.0,3,5,0,0,0,0,0,0,0,0,14.582244712669356,24.154144049648437,3.673486570609028,25.930579552337516,18.255731283278383,35.15280691590355,36.0770220098328,6,75.0,,
20250517_173357,aca,44,,,,,,,,,,,2,1,13.4,20.9,39,600,60,80,"(6.0, 6.0)",0.71,3.0,0.26666666666666666,False,44,0.01,"{'type': 'hourly', 'hourly_rates': {0: 1.59, 1: 4.38, 2: 2.38, 3: 1.15, 4: 0.84, 5: 0.76, 6: 1.0, 7: 2.25, 8: 2.86, 9: 1.94, 10: 1.23, 11: 0.85, 12: 0.55, 13: 0.37, 14: 0.21, 15: 0.13, 16: 0.08, 17: 0.05, 18: 0.04, 19: 0.04, 20: 0.12, 21: 0.24, 22: 0.41, 23: 0.53}}",False,15,0,0,5,4.0,13,,,13,10,293.87566183081327,-293.87566183081327,7,80.36085165802285,41.98223740440189,1073.44063882894,0,0.25332105916459996,0.25332105916459996,0.25332105916459996,1.0,1.25,24.0,30.0,30.0,70.0,41.98223740440189,107.344063882894,2,5.0,2,8,1,2,10.0,3.0,100.0,39.11672119838994,11.754456482209706,27.362264716180235,14.319931256557894,23.13672698726552,13.963229117539148,88.41430713371116,28.283160374097044,105.36085165802285,38.82699337798053,4,40.0,,
20250517_173358,aca,45,,,,,,,,,,,2,1,13.4,20.9,39,600,60,80,"(6.0, 6.0)",0.71,3.0,0.26666666666666666,False,45,0.01,"{'type': 'hourly', 'hourly_rates': {0: 1.59, 1: 4.38, 2: 2.38, 3: 1.15, 4: 0.84, 5: 0.76, 6: 1.0, 7: 2.25, 8: 2.86, 9: 1.94, 10: 1.23, 11: 0.85, 12: 0.55, 13: 0.37, 14: 0.21, 15: 0.13, 16: 0.08, 17: 0.05, 18: 0.04, 19: 0.04, 20: 0.12, 21: 0.24, 22: 0.41, 23: 0.53}}",False,15,0,0,5,4.0,13,,,19,13,281.69676509082774,-281.69676509082774,14,35.29458816355162,20.121197506487697,1887.5956515624173,0,0.14945315271560786,0.14945315271560786,0.14945315271560786,1.3,1.625,31.200000000000003,39.0,-7.6923076923076925,107.6923076923077,20.121197506487697,145.19966550480132,2,6.5,6,7,0,5,30.76923076923077,2.2,100.0,23.175474108835125,8.159753904088154,15.015720204746971,13.304724371807232,25.81215418832207,15.517825120538987,34.01936729389604,28.82254949234622,47.42015349479098,7.853214932887909,1,7.6923076923076925,,
20250517_173358,aca,46,,,,,,,,,,,2,1,13.4,20.9,39,600,60,80,"(6.0, 6.0)",0.71,3.0,0.26666666666666666,False,46,0.01,"{'type': 'hourly', 'hourly_rates': {0: 1.59, 1: 4.38, 2: 2.38, 3: 1.15, 4: 0.84, 5: 0.76, 6: 1.0, 7: 2.25, 8: 2.86, 9: 1.94, 10: 1.23, 11: 0.85, 12: 0.55, 13: 0.37, 14: 0.21, 15: 0.13, 16: 0.08, 17: 0.05, 18: 0.04, 19: 0.04, 20: 0.12, 21: 0.24, 22: 0.41, 23: 0.53}}",False,15,0,0,5,4.0,13,,,12,11,24.373218264282343,-24.373218264282343,4,20.647761740605887,6.093304566070586,1094.948636737366,0,0.30782295852970837,0.30782295852970837,0.30782295852970837,1.1,1.375,26.400000000000002,33.0,63.63636363636363,36.36363636363637,6.093304566070586,99.54078515794237,2,5.5,5,6,1,1,9.090909090909092,2.0,100.0,0.0,2.07429145770125,-2.07429145770125,14.322967391676395,21.61474449333633,6.216859569517497,30.402094903094167,20.539826961193896,51.64776174060589,35.30694131975625,5,45.45454545454545,,
20250517_173359,aca,47,,,,,,,,,,,2,1,13.4,20.9,39,600,60,80,"(6.0, 6.0)",0.71,3.0,0.26666666666666666,False,47,0.01,"{'type': 'hourly', 'hourly_rates': {0: 1.59, 1: 4.38, 2: 2.38, 3: 1.15, 4: 0.84, 5: 0.76, 6: 1.0, 7: 2.25, 8: 2.86, 9: 1.94, 10: 1.23, 11: 0.85, 12: 0.55, 13: 0.37, 14: 0.21, 15: 0.13, 16: 0.08, 17: 0.05, 18: 0.04, 19: 0.04, 20: 0.12, 21: 0.24, 22: 0.41, 23: 0.53}}",False,15,0,0,5,4.0,13,,,10,8,114.23092054101376,-114.23092054101376,7,32.86910029621299,16.318702934430537,867.091420255193,0,0.4029180560000885,0.4029180560000885,0.4029180560000885,0.8,1.0,19.200000000000003,24.0,12.5,87.5,16.318702934430537,108.38642753189913,2,4.0,4,4,1,2,12.5,2.5,100.0,31.371370806730226,5.374412742837042,25.996958063893185,13.44885909528555,19.664688961149693,13.129578681441801,41.37903943305281,26.578437776727352,59.86910029621299,22.535202327008342,4,50.0,,
20250517_173359,aca,48,,,,,,,,,,,2,1,13.4,20.9,39,600,60,80,"(6.0, 6.0)",0.71,3.0,0.26666666666666666,False,48,0.01,"{'type': 'hourly', 'hourly_rates': {0: 1.59, 1: 4.38, 2: 2.38, 3: 1.15, 4: 0.84, 5: 0.76, 6: 1.0, 7: 2.25, 8: 2.86, 9: 1.94, 10: 1.23, 11: 0.85, 12: 0.55, 13: 0.37, 14: 0.21, 15: 0.13, 16: 0.08, 17: 0.05, 18: 0.04, 19: 0.04, 20: 0.12, 21: 0.24, 22: 0.41, 23: 0.53}}",False,15,0,0,5,4.0,13,,,13,12,60.70724469556227,-60.70724469556227,6,19.095368828613005,10.117874115927044,1572.423753514789,0,0.18642300083022129,0.18642300083022129,0.18642300083022129,1.2,1.5,28.799999999999997,36.0,50.0,50.0,10.117874115927044,131.03531279289908,2,6.0,5,7,1,1,8.333333333333332,2.0,100.0,12.426109215231946,2.6532515137924833,9.772857701439463,14.44779020528375,26.355292018407994,5.059430869868975,21.428689795767667,19.507221075152724,37.71121380626907,22.27225746319789,4,33.33333333333333,,
20250517_173400,aca,49,,,,,,,,,,,2,1,13.4,20.9,39,600,60,80,"(6.0, 6.0)",0.71,3.0,0.26666666666666666,False,49,0.01,"{'type': 'hourly', 'hourly_rates': {0: 1.59, 1: 4.38, 2: 2.38, 3: 1.15, 4: 0.84, 5: 0.76, 6: 1.0, 7: 2.25, 8: 2.86, 9: 1.94, 10: 1.23, 11: 0.85, 12: 0.55, 13: 0.37, 14: 0.21, 15: 0.13, 16: 0.08, 17: 0.05, 18: 0.04, 19: 0.04, 20: 0.12, 21: 0.24, 22: 0.41, 23: 0.53}}",False,15,0,0,5,4.0,13,,,12,10,57.46024406647052,-57.46024406647052,5,27.55395343772534,11.492048813294105,1547.0052976254992,0,0.5484921062336238,0.5484921062336238,0.5484921062336238,1.0,1.25,24.0,30.0,50.0,50.0,11.492048813294105,154.70052976254993,2,5.0,4,6,1,2,20.0,2.0,100.0,9.531283120470476,4.033846718527592,5.497436401942885,11.235704686011113,20.03507424706629,8.33506088533937,27.589546236449905,19.570765571350485,39.55395343772534,17.731691465259928,2,20.0,,
20250517_173400,aca,50,,,,,,,,,,,2,1,13.4,20.9,39,600,60,80,"(6.0, 6.0)",0.71,3.0,0.26666666666666666,False,50,0.01,"{'type': 'hourly', 'hourly_rates': {0: 1.59, 1: 4.38, 2: 2.38, 3: 1.15, 4: 0.84, 5: 0.76, 6: 1.0, 7: 2.25, 8: 2.86, 9: 1.94, 10: 1.23, 11: 0.85, 12: 0.55, 13: 0.37, 14: 0.21, 15: 0.13, 16: 0.08, 17: 0.05, 18: 0.04, 19: 0.04, 20: 0.12, 21: 0.24, 22: 0.41, 23: 0.53}}",False,15,0,0,5,4.0,13,,,5,5,0.9984151655883693,-0.9984151655883693,1,0.9984151655883693,0.9984151655883693,533.379508980324,0,0.6782147618265476,0.6782147618265476,0.6782147618265476,0.5,0.625,12.0,15.0,80.0,20.0,0.9984151655883693,106.67590179606479,2,2.5,2,3,1,0,0,0,0,0,0,0,12.886658306960848,20.301619231550035,1.4827162679573145,3.078328266135543,14.369374574918163,20.99841516558837,11.5888485670854,3,60.0,,
20250517_173401,aca,51,,,,,,,,,,,2,1,13.4,20.9,39,600,60,80,"(6.0, 6.0)",0.71,3.0,0.26666666666666666,False,51,0.01,"{'type': 'hourly', 'hourly_rates': {0: 1.59, 1: 4.38, 2: 2.38, 3: 1.15, 4: 0.84, 5: 0.76, 6: 1.0, 7: 2.25, 8: 2.86, 9: 1.94, 10: 1.23, 11: 0.85, 12: 0.55, 13: 0.37, 14: 0.21, 15: 0.13, 16: 0.08, 17: 0.05, 18: 0.04, 19: 0.04, 20: 0.12, 21: 0.24, 22: 0.41, 23: 0.53}}",False,15,0,0,5,4.0,13,,,9,9,35.30017466904707,-35.30017466904707,3,18.32447266091839,11.766724889682356,1086.1994111666365,0,0.5082934073469108,0.5082934073469108,0.5082934073469108,0.9,1.125,21.6,27.0,66.66666666666666,33.33333333333333,11.766724889682356,120.68882346295962,2,4.5,4,5,0,0,0,0,0,0,0,0,12.76868486451527,22.93815343623038,7.763345292732295,28.38164482677621,20.532030157247565,38.41054924857656,22.527685273776513,4,44.44444444444444,,
20250517_173401,aca,52,,,,,,,,,,,2,1,13.4,20.9,39,600,60,80,"(6.0, 6.0)",0.71,3.0,0.26666666666666666,False,52,0.01,"{'type': 'hourly', 'hourly_rates': {0: 1.59, 1: 4.38, 2: 2.38, 3: 1.15, 4: 0.84, 5: 0.76, 6: 1.0, 7: 2.25, 8: 2.86, 9: 1.94, 10: 1.23, 11: 0.85, 12: 0.55, 13: 0.37, 14: 0.21, 15: 0.13, 16: 0.08, 17: 0.05, 18: 0.04, 19: 0.04, 20: 0.12, 21: 0.24, 22: 0.41, 23: 0.53}}",False,15,0,0,5,4.0,13,,,7,7,16.584093357783644,-16.584093357783644,3,13,5.528031119261215,1334.4290134914422,0,0.4950813316525161,0.4950813316525161,0.4950813316525161,0.7,0.875,16.799999999999997,21.0,57.14285714285714,42.857142857142854,5.528031119261215,190.63271621306316,2,3.5,3,4,1,1,28.57142857142857,2.0,100.0,6.649568848146302,0.6569911322982079,5.992577715848094,13.202065786747507,20.633399046563,4.871971250777675,17.309845693058193,18.074037037525184,25.299137696292597,22.848888504727455,4,57.14285714285714,,
20250517_173402,aca,53,,,,,,,,,,,2,1,13.4,20.9,39,600,60,80,"(6.0, 6.0)",0.71,3.0,0.26666666666666666,False,53,0.01,"{'type': 'hourly', 'hourly_rates': {0: 1.59, 1: 4.38, 2: 2.38, 3: 1.15, 4: 0.84, 5: 0.76, 6: 1.0, 7: 2.25, 8: 2.86, 9: 1.94, 10: 1.23, 11: 0.85, 12: 0.55, 13: 0.37, 14: 0.21, 15: 0.13, 16: 0.08, 17: 0.05, 18: 0.04, 19: 0.04, 20: 0.12, 21: 0.24, 22: 0.41, 23: 0.53}}",False,15,0,0,5,4.0,13,,,14,11,250.1495640153901,-250.1495640153901,9,63.24375273202422,27.794396001710012,1661.7176251385558,0,0.15036291970691185,0.15036291970691185,0.15036291970691185,1.1,1.375,26.400000000000002,33.0,18.181818181818183,81.81818181818183,27.794396001710012,151.06523864895962,2,5.5,3,8,0,4,36.36363636363637,2.25,100.0,25.39590263514426,1.5570832023614298,23.83881943278283,11.211015962993153,18.849314490912555,11.377584046250627,44.299876267702615,22.58860000924378,50.020735833380485,17.012946623594242,4,36.36363636363637,,
20250517_173402,aca,54,,,,,,,,,,,2,1,13.4,20.9,39,600,60,80,"(6.0, 6.0)",0.71,3.0,0.26666666666666666,False,54,0.01,"{'type': 'hourly', 'hourly_rates': {0: 1.59, 1: 4.38, 2: 2.38, 3: 1.15, 4: 0.84, 5: 0.76, 6: 1.0, 7: 2.25, 8: 2.86, 9: 1.94, 10: 1.23, 11: 0.85, 12: 0.55, 13: 0.37, 14: 0.21, 15: 0.13, 16: 0.08, 17: 0.05, 18: 0.04, 19: 0.04, 20: 0.12, 21: 0.24, 22: 0.41, 23: 0.53}}",False,15,0,0,5,4.0,13,,,9,7,113.2859995074347,-113.2859995074347,6,45.891584249823836,18.880999917905783,1372.7972193384433,0,0.5748370660328384,0.5748370660328384,0.5748370660328384,0.7,0.875,16.799999999999997,21.0,14.285714285714285,85.71428571428571,18.880999917905783,196.11388847692047,2,3.5,3,4,1,2,28.57142857142857,2.0,100.0,8.9790360359233,9.887268637152852,-0.9082326012295514,11.741663734013851,16.45476851228443,16.779026963205816,40.02399307321082,28.520690697219667,56.47876158549525,8.322250698928514,1,14.285714285714285,,
20250517_173403,aca,55,,,,,,,,,,,2,1,13.4,20.9,39,600,60,80,"(6.0, 6.0)",0.71,3.0,0.26666666666666666,False,55,0.01,"{'type': 'hourly', 'hourly_rates': {0: 1.59, 1: 4.38, 2: 2.38, 3: 1.15, 4: 0.84, 5: 0.76, 6: 1.0, 7: 2.25, 8: 2.86, 9: 1.94, 10: 1.23, 11: 0.85, 12: 0.55, 13: 0.37, 14: 0.21, 15: 0.13, 16: 0.08, 17: 0.05, 18: 0.04, 19: 0.04, 20: 0.12, 21: 0.24, 22: 0.41, 23: 0.53}}",False,15,0,0,5,4.0,13,,,11,11,187.81535845823234,-187.81535845823234,7,49.87418826053346,26.83076549403319,2087.145341356481,0,0.06978777633075103,0.06978777633075103,0.06978777633075103,1.1,1.375,26.400000000000002,33.0,36.36363636363637,63.63636363636363,26.83076549403319,189.7404855778619,2,5.5,5,6,1,1,18.181818181818183,2.0,100.0,0.0,20.868373162025815,-20.868373162025815,13.228654269974276,21.88595859026904,21.480844445232265,54.47828273489358,34.70949871520654,70.87418826053346,2.5211042269400536,1,9.090909090909092,,
20250517_173403,aca,56,,,,,,,,,,,2,1,13.4,20.9,39,600,60,80,"(6.0, 6.0)",0.71,3.0,0.26666666666666666,False,56,0.01,"{'type': 'hourly', 'hourly_rates': {0: 1.59, 1: 4.38, 2: 2.38, 3: 1.15, 4: 0.84, 5: 0.76, 6: 1.0, 7: 2.25, 8: 2.86, 9: 1.94, 10: 1.23, 11: 0.85, 12: 0.55, 13: 0.37, 14: 0.21, 15: 0.13, 16: 0.08, 17: 0.05, 18: 0.04, 19: 0.04, 20: 0.12, 21: 0.24, 22: 0.41, 23: 0.53}}",False,15,0,0,5,4.0,13,,,10,6,210.47738212136136,-210.47738212136136,7,90.13072417475408,30.068197445908766,825.9267941728765,0,0.4291657746716042,0.4291657746716042,0.4291657746716042,0.6,0.75,14.399999999999999,18.0,-16.666666666666664,116.66666666666667,30.068197445908766,137.65446569547942,2,3.0,2,4,0,4,50.0,2.25,100.0,29.04449747862098,0.0,29.04449747862098,15.534348630915703,17.904820851693955,8.663487979121829,26.640319038881017,24.19783661003753,43.7720915123968,15.136636921503907,2,33.33333333333333,,
20250517_173403,aca,57,,,,,,,,,,,2,1,13.4,20.9,39,600,60,80,"(6.0, 6.0)",0.71,3.0,0.26666666666666666,False,57,0.01,"{'type': 'hourly', 'hourly_rates': {0: 1.59, 1: 4.38, 2: 2.38, 3: 1.15, 4: 0.84, 5: 0.76, 6: 1.0, 7: 2.25, 8: 2.86, 9: 1.94, 10: 1.23, 11: 0.85, 12: 0.55, 13: 0.37, 14: 0.21, 15: 0.13, 16: 0.08, 17: 0.05, 18: 0.04, 19: 0.04, 20: 0.12, 21: 0.24, 22: 0.41, 23: 0.53}}",False,15,0,0,5,4.0,13,,,12,11,84.80173540567367,-84.80173540567367,4,55.74059191955524,21.200433851418417,1234.7837796960573,0,0.3885698160175649,0.3885698160175649,0.3885698160175649,1.1,1.375,26.400000000000002,33.0,63.63636363636363,36.36363636363637,21.200433851418417,112.25307088145975,2,5.5,5,6,1,1,9.090909090909092,2.0,100.0,9.60374330674722,7.138354322876938,2.465388983870281,12.379666160712713,18.227635137720426,10.475128185758452,64.85102060310032,22.854794346471166,76.74059191955524,41.600375130529955,6,54.54545454545454,,
20250517_173404,aca,58,,,,,,,,,,,2,1,13.4,20.9,39,600,60,80,"(6.0, 6.0)",0.71,3.0,0.26666666666666666,False,58,0.01,"{'type': 'hourly', 'hourly_rates': {0: 1.59, 1: 4.38, 2: 2.38, 3: 1.15, 4: 0.84, 5: 0.76, 6: 1.0, 7: 2.25, 8: 2.86, 9: 1.94, 10: 1.23, 11: 0.85, 12: 0.55, 13: 0.37, 14: 0.21, 15: 0.13, 16: 0.08, 17: 0.05, 18: 0.04, 19: 0.04, 20: 0.12, 21: 0.24, 22: 0.41, 23: 0.53}}",False,15,0,0,5,4.0,13,,,15,13,180.84537437294597,-180.84537437294597,6,54.409623076099024,30.14089572882433,1468.5884375643266,0,0.5559089306479402,0.5559089306479402,0.5559089306479402,1.3,1.625,31.200000000000003,39.0,53.84615384615385,46.15384615384615,30.14089572882433,112.96834135110204,2,6.5,6,7,0,3,30.76923076923077,2.0,100.0,20.91906793477449,3.142865334226662,17.776202600547826,10.14835990045416,14.602652880719859,11.409798994594901,35.85574572949935,21.558158895049058,49.409623076099024,7.629531651831705,3,23.076923076923077,,
20250517_173404,aca,59,,,,,,,,,,,2,1,13.4,20.9,39,600,60,80,"(6.0, 6.0)",0.71,3.0,0.26666666666666666,False,59,0.01,"{'type': 'hourly', 'hourly_rates': {0: 1.59, 1: 4.38, 2: 2.38, 3: 1.15, 4: 0.84, 5: 0.76, 6: 1.0, 7: 2.25, 8: 2.86, 9: 1.94, 10: 1.23, 11: 0.85, 12: 0.55, 13: 0.37, 14: 0.21, 15: 0.13, 16: 0.08, 17: 0.05, 18: 0.04, 19: 0.04, 20: 0.12, 21: 0.24, 22: 0.41, 23: 0.53}}",False,15,0,0,5,4.0,13,,,17,13,426.6316742158727,-426.6316742158727,10,74.8134168809784,42.66316742158727,1396.4718653631262,0,0.23432523452513296,0.23432523452513296,0.23432523452513296,1.3,1.625,31.200000000000003,39.0,23.076923076923077,76.92307692307693,42.66316742158727,107.42091272024048,2,6.5,5,8,1,5,30.76923076923077,2.2,100.0,33.56642400189436,10.503265119781892,23.063158882112468,12.402326484334349,18.2773929406236,18.651759893201604,63.590728005427536,31.054086377535953,76.9916655318886,17.189853634670854,4,30.76923076923077,,
20250517_173405,aca,60,,,,,,,,,,,2,1,13.4,20.9,39,600,60,80,"(6.0, 6.0)",0.71,3.0,0.26666666666666666,False,60,0.01,"{'type': 'hourly', 'hourly_rates': {0: 1.59, 1: 4.38, 2: 2.38, 3: 1.15, 4: 0.84, 5: 0.76, 6: 1.0, 7: 2.25, 8: 2.86, 9: 1.94, 10: 1.23, 11: 0.85, 12: 0.55, 13: 0.37, 14: 0.21, 15: 0.13, 16: 0.08, 17: 0.05, 18: 0.04, 19: 0.04, 20: 0.12, 21: 0.24, 22: 0.41, 23: 0.53}}",False,15,0,0,5,4.0,13,,,7,7,13.416446474629481,-13.416446474629481,1,13.416446474629481,13.416446474629481,643.5138299525388,0,0.4605292318759108,0.4605292318759108,0.4605292318759108,0.7,0.875,16.799999999999997,21.0,85.71428571428571,14.285714285714285,13.416446474629481,91.93054713607697,2,3.5,1,6,0,0,0,0,0,0,0,0,12.656601682931418,18.85002114693401,3.735225043978878,16.56642532769547,16.391826726910296,35.41644647462948,31.680516638995968,4,57.14285714285714,,
20250517_173405,aca,61,,,,,,,,,,,2,1,13.4,20.9,39,600,60,80,"(6.0, 6.0)",0.71,3.0,0.26666666666666666,False,61,0.01,"{'type': 'hourly', 'hourly_rates': {0: 1.59, 1: 4.38, 2: 2.38, 3: 1.15, 4: 0.84, 5: 0.76, 6: 1.0, 7: 2.25, 8: 2.86, 9: 1.94, 10: 1.23, 11: 0.85, 12: 0.55, 13: 0.37, 14: 0.21, 15: 0.13, 16: 0.08, 17: 0.05, 18: 0.04, 19: 0.04, 20: 0.12, 21: 0.24, 22: 0.41, 23: 0.53}}",False,15,0,0,5,4.0,13,,,12,12,27.479546118382473,-27.479546118382473,3,12.474371593206712,9.159848706127491,580.9571509348042,0,0.25385037915185954,0.25385037915185954,0.25385037915185954,1.2,1.5,28.799999999999997,36.0,75.0,25.0,9.159848706127491,48.41309591123368,2,6.0,5,7,1,1,16.666666666666664,2.0,100.0,7.5025872625878804,1.2474371593206712,6.255150103267209,11.599429616835602,18.014898570393513,7.293556549301115,32.16509664308958,18.89298616613672,37.47437159320671,36.30708539265783,4,33.33333333333333,,
20250517_173406,aca,62,,,,,,,,,,,2,1,13.4,20.9,39,600,60,80,"(6.0, 6.0)",0.71,3.0,0.26666666666666666,False,62,0.01,"{'type': 'hourly', 'hourly_rates': {0: 1.59, 1: 4.38, 2: 2.38, 3: 1.15, 4: 0.84, 5: 0.76, 6: 1.0, 7: 2.25, 8: 2.86, 9: 1.94, 10: 1.23, 11: 0.85, 12: 0.55, 13: 0.37, 14: 0.21, 15: 0.13, 16: 0.08, 17: 0.05, 18: 0.04, 19: 0.04, 20: 0.12, 21: 0.24, 22: 0.41, 23: 0.53}}",False,15,0,0,5,4.0,13,,,11,9,166.38749054348028,-166.38749054348028,9,49.02723442500576,18.487498949275587,1510.5273487270993,0,0.4535421533788605,0.4535421533788605,0.4535421533788605,0.9,1.125,21.6,27.0,0.0,100.0,18.487498949275587,167.8363720807888,2,4.5,4,5,1,3,44.44444444444444,2.0,100.0,16.34445628461579,6.42912600482652,9.915330279789272,11.904809338474788,21.41563357030668,14.758805228600892,37.23487616844497,26.66361456707568,47.44608400927322,16.47245990385741,2,22.22222222222222,,
20250517_173406,aca,63,,,,,,,,,,,2,1,13.4,20.9,39,600,60,80,"(6.0, 6.0)",0.71,3.0,0.26666666666666666,False,63,0.01,"{'type': 'hourly', 'hourly_rates': {0: 1.59, 1: 4.38, 2: 2.38, 3: 1.15, 4: 0.84, 5: 0.76, 6: 1.0, 7: 2.25, 8: 2.86, 9: 1.94, 10: 1.23, 11: 0.85, 12: 0.55, 13: 0.37, 14: 0.21, 15: 0.13, 16: 0.08, 17: 0.05, 18: 0.04, 19: 0.04, 20: 0.12, 21: 0.24, 22: 0.41, 23: 0.53}}",False,15,0,0,5,4.0,13,,,12,10,151.61383114179225,-151.61383114179225,6,50.92206777906402,25.268971856965376,1375.4992523293254,0,0.2237658336117207,0.2237658336117207,0.2237658336117207,1.0,1.25,24.0,30.0,40.0,60.0,25.268971856965376,137.54992523293254,2,5.0,2,8,0,4,40.0,2.25,100.0,23.93782165929096,0.0,23.93782165929096,14.182044309113843,18.535051709784028,10.362589762931448,41.20527874274504,24.54463407204529,59.1817336951633,15.235542467647804,4,40.0,,
20250517_173407,aca,64,,,,,,,,,,,2,1,13.4,20.9,39,600,60,80,"(6.0, 6.0)",0.71,3.0,0.26666666666666666,False,64,0.01,"{'type': 'hourly', 'hourly_rates': {0: 1.59, 1: 4.38, 2: 2.38, 3: 1.15, 4: 0.84, 5: 0.76, 6: 1.0, 7: 2.25, 8: 2.86, 9: 1.94, 10: 1.23, 11: 0.85, 12: 0.55, 13: 0.37, 14: 0.21, 15: 0.13, 16: 0.08, 17: 0.05, 18: 0.04, 19: 0.04, 20: 0.12, 21: 0.24, 22: 0.41, 23: 0.53}}",False,15,0,0,5,4.0,13,,,16,8,1204.131966300073,-1204.1319663000731,14,184.33037744154905,86.00942616429093,2557.8914730695706,0,0.036492232385138205,0.036492232385138205,0.036492232385138205,0.8,1.0,19.200000000000003,24.0,-75.0,175.0,86.00942616429093,319.7364341336963,2,4.0,2,6,0,8,62.5,2.625,100.0,75.42125265648136,3.047550771323818,72.37370188515754,10.027500801538592,18.468071783869842,38.12024581075855,115.23484995820621,48.14774661229714,122.89695182979574,9.468071783869842,1,12.5,,
20250517_173407,aca,65,,,,,,,,,,,2,1,13.4,20.9,39,600,60,80,"(6.0, 6.0)",0.71,3.0,0.26666666666666666,False,65,0.01,"{'type': 'hourly', 'hourly_rates': {0: 1.59, 1: 4.38, 2: 2.38, 3: 1.15, 4: 0.84, 5: 0.76, 6: 1.0, 7: 2.25, 8: 2.86, 9: 1.94, 10: 1.23, 11: 0.85, 12: 0.55, 13: 0.37, 14: 0.21, 15: 0.13, 16: 0.08, 17: 0.05, 18: 0.04, 19: 0.04, 20: 0.12, 21: 0.24, 22: 0.41, 23: 0.53}}",False,15,0,0,5,4.0,13,,,17,15,66.16689887227264,-66.16689887227264,6,21.969680515423505,11.027816478712106,1192.8760144057774,0,0.33955363631752594,0.33955363631752594,0.33955363631752594,1.5,1.875,36.0,45.0,60.0,40.0,11.027816478712106,79.52506762705183,2,7.5,6,9,0,2,13.333333333333334,2.0,100.0,10.984840257711753,2.4937828055623843,8.491057452149368,12.179395430526398,24.14162089048675,8.58281628886822,31.27752535240876,20.762211719394617,35.969680515423505,22.870231728649145,4,26.666666666666668,,
20250517_173408,aca,66,,,,,,,,,,,2,1,13.4,20.9,39,600,60,80,"(6.0, 6.0)",0.71,3.0,0.26666666666666666,False,66,0.01,"{'type': 'hourly', 'hourly_rates': {0: 1.59, 1: 4.38, 2: 2.38, 3: 1.15, 4: 0.84, 5: 0.76, 6: 1.0, 7: 2.25, 8: 2.86, 9: 1.94, 10: 1.23, 11: 0.85, 12: 0.55, 13: 0.37, 14: 0.21, 15: 0.13, 16: 0.08, 17: 0.05, 18: 0.04, 19: 0.04, 20: 0.12, 21: 0.24, 22: 0.41, 23: 0.53}}",False,15,0,0,5,4.0,13,,,16,14,128.08436259928544,-128.08436259928544,8,35.523310943937986,16.01054532491068,1173.0729338912108,0,0.3887537347605795,0.3887537347605795,0.3887537347605795,1.4,1.75,33.599999999999994,42.0,42.857142857142854,57.14285714285714,16.01054532491068,83.7909238493722,2,7.0,6,8,1,2,14.285714285714285,2.0,100.0,19.18297612593591,4.902578842767483,14.280397283168426,13.54275212697107,21.51278231748637,12.761987295829462,50.35858467218566,26.304739422800534,58.523310943937986,33.52212151614081,4,28.57142857142857,,
20250517_173408,aca,67,,,,,,,,,,,2,1,13.4,20.9,39,600,60,80,"(6.0, 6.0)",0.71,3.0,0.26666666666666666,False,67,0.01,"{'type': 'hourly', 'hourly_rates': {0: 1.59, 1: 4.38, 2: 2.38, 3: 1.15, 4: 0.84, 5: 0.76, 6: 1.0, 7: 2.25, 8: 2.86, 9: 1.94, 10: 1.23, 11: 0.85, 12: 0.55, 13: 0.37, 14: 0.21, 15: 0.13, 16: 0.08, 17: 0.05, 18: 0.04, 19: 0.04, 20: 0.12, 21: 0.24, 22: 0.41, 23: 0.53}}",False,15,0,0,5,4.0,13,,,10,9,63.26947459794464,-63.26947459794464,4,27.24773227978318,15.81736864948616,1063.0231660606198,0,0.2146431959442093,0.2146431959442093,0.2146431959442093,0.9,1.125,21.6,27.0,55.55555555555556,44.44444444444444,15.81736864948616,118.11368511784664,2,4.5,2,7,0,1,11.11111111111111,2.0,100.0,27.24773227978318,2.6121046750415076,24.63562760474167,10.421994748997706,18.62925187589079,10.315764214814173,26.394882072857683,20.73775896381188,38.16633403787897,11.166570383762153,2,22.22222222222222,,
20250517_173409,aca,68,,,,,,,,,,,2,1,13.4,20.9,39,600,60,80,"(6.0, 6.0)",0.71,3.0,0.26666666666666666,False,68,0.01,"{'type': 'hourly', 'hourly_rates': {0: 1.59, 1: 4.38, 2: 2.38, 3: 1.15, 4: 0.84, 5: 0.76, 6: 1.0, 7: 2.25, 8: 2.86, 9: 1.94, 10: 1.23, 11: 0.85, 12: 0.55, 13: 0.37, 14: 0.21, 15: 0.13, 16: 0.08, 17: 0.05, 18: 0.04, 19: 0.04, 20: 0.12, 21: 0.24, 22: 0.41, 23: 0.53}}",False,15,0,0,5,4.0,13,,,12,10,192.43621692500824,-192.43621692500824,7,79.01017593465627,27.490888132144033,1665.2755421595095,0,0.1753666999883562,0.1753666999883562,0.1753666999883562,1.0,1.25,24.0,30.0,30.0,70.0,27.490888132144033,166.52755421595094,2,5.0,4,6,1,4,50.0,2.0,100.0,31.62586228969486,0.0,31.62586228969486,13.733650751984976,23.555211437256304,16.669046384550203,91.74054788284607,30.402697136535174,106.01017593465627,10.345401161053722,3,30.0,,
20250517_173409,aca,69,,,,,,,,,,,2,1,13.4,20.9,39,600,60,80,"(6.0, 6.0)",0.71,3.0,0.26666666666666666,False,69,0.01,"{'type': 'hourly', 'hourly_rates': {0: 1.59, 1: 4.38, 2: 2.38, 3: 1.15, 4: 0.84, 5: 0.76, 6: 1.0, 7: 2.25, 8: 2.86, 9: 1.94, 10: 1.23, 11: 0.85, 12: 0.55, 13: 0.37, 14: 0.21, 15: 0.13, 16: 0.08, 17: 0.05, 18: 0.04, 19: 0.04, 20: 0.12, 21: 0.24, 22: 0.41, 23: 0.53}}",False,15,0,0,5,4.0,13,,,13,11,207.61548517726376,-207.61548517726376,7,79.86152271118965,29.659355025323396,1581.4992680391483,0,0.3173937942076235,0.3173937942076235,0.3173937942076235,1.1,1.375,26.400000000000002,33.0,36.36363636363637,63.63636363636363,29.659355025323396,143.77266073083166,2,5.5,5,6,0,2,9.090909090909092,2.5,100.0,40.258070887854586,11.642909218728724,28.61516166912586,12.804363780187048,21.412870900379062,15.860258860033507,94.61748473136572,28.664622640220557,100.86152271118965,18.22222036639639,4,36.36363636363637,,
20250517_173410,aca,70,,,,,,,,,,,2,1,13.4,20.9,39,600,60,80,"(6.0, 6.0)",0.71,3.0,0.26666666666666666,False,70,0.01,"{'type': 'hourly', 'hourly_rates': {0: 1.59, 1: 4.38, 2: 2.38, 3: 1.15, 4: 0.84, 5: 0.76, 6: 1.0, 7: 2.25, 8: 2.86, 9: 1.94, 10: 1.23, 11: 0.85, 12: 0.55, 13: 0.37, 14: 0.21, 15: 0.13, 16: 0.08, 17: 0.05, 18: 0.04, 19: 0.04, 20: 0.12, 21: 0.24, 22: 0.41, 23: 0.53}}",False,15,0,0,5,4.0,13,,,16,10,558.8291698071688,-558.8291698071688,14,87.28974655765379,39.91636927194063,1829.6677361163,0,0.062240672307707676,0.062240672307707676,0.062240672307707676,1.0,1.25,24.0,30.0,-40.0,140.0,39.91636927194063,182.96677361163,2,5.0,5,5,1,6,60.0,2.0,100.0,41.83636660061766,18.25513018936544,23.58123641125222,13.110825135412885,18.32225240464109,29.659412541730166,78.62370938990108,42.770237677143044,90.07980429615725,14.083243349479641,1,10.0,,
20250517_173410,aca,71,,,,,,,,,,,2,1,13.4,20.9,39,600,60,80,"(6.0, 6.0)",0.71,3.0,0.26666666666666666,False,71,0.01,"{'type': 'hourly', 'hourly_rates': {0: 1.59, 1: 4.38, 2: 2.38, 3: 1.15, 4: 0.84, 5: 0.76, 6: 1.0, 7: 2.25, 8: 2.86, 9: 1.94, 10: 1.23, 11: 0.85, 12: 0.55, 13: 0.37, 14: 0.21, 15: 0.13, 16: 0.08, 17: 0.05, 18: 0.04, 19: 0.04, 20: 0.12, 21: 0.24, 22: 0.41, 23: 0.53}}",False,15,0,0,5,4.0,13,,,16,13,377.9387316018875,-377.9387316018875,13,95.0123203236912,29.072210123222117,3081.6499138099766,0,0.18927832449502366,0.18927832449502366,0.18927832449502366,1.3,1.625,31.200000000000003,39.0,0.0,100.0,29.072210123222117,237.0499933699982,2,6.5,6,7,1,5,38.46153846153847,2.2,100.0,36.74035611891312,7.708344690166809,29.03201142874631,12.86901823957285,18.318694775793574,18.90012438286022,87.86227777107203,31.76914262243307,102.0123203236912,9.179568667072658,3,23.076923076923077,,
20250517_173410,aca,72,,,,,,,,,,,2,1,13.4,20.9,39,600,60,80,"(6.0, 6.0)",0.71,3.0,0.26666666666666666,False,72,0.01,"{'type': 'hourly', 'hourly_rates': {0: 1.59, 1: 4.38, 2: 2.38, 3: 1.15, 4: 0.84, 5: 0.76, 6: 1.0, 7: 2.25, 8: 2.86, 9: 1.94, 10: 1.23, 11: 0.85, 12: 0.55, 13: 0.37, 14: 0.21, 15: 0.13, 16: 0.08, 17: 0.05, 18: 0.04, 19: 0.04, 20: 0.12, 21: 0.24, 22: 0.41, 23: 0.53}}",False,15,0,0,5,4.0,13,,,11,11,26.501308898720993,-26.501308898720993,2,22.359978285638533,13.250654449360496,1098.9089412885298,0,0.2543013234597335,0.2543013234597335,0.2543013234597335,1.1,1.375,26.400000000000002,33.0,81.81818181818183,18.181818181818183,13.250654449360496,99.9008128444118,2,5.5,4,7,0,0,0,0,0,0,0,0,13.2064113190443,20.962578643474387,5.574950678111637,21.730225783682954,18.78136199715594,40.35997828563853,17.902627727532902,4,36.36363636363637,,
20250517_173411,aca,73,,,,,,,,,,,2,1,13.4,20.9,39,600,60,80,"(6.0, 6.0)",0.71,3.0,0.26666666666666666,False,73,0.01,"{'type': 'hourly', 'hourly_rates': {0: 1.59, 1: 4.38, 2: 2.38, 3: 1.15, 4: 0.84, 5: 0.76, 6: 1.0, 7: 2.25, 8: 2.86, 9: 1.94, 10: 1.23, 11: 0.85, 12: 0.55, 13: 0.37, 14: 0.21, 15: 0.13, 16: 0.08, 17: 0.05, 18: 0.04, 19: 0.04, 20: 0.12, 21: 0.24, 22: 0.41, 23: 0.53}}",False,15,0,0,5,4.0,13,,,15,12,208.0025619494826,-208.0025619494826,9,53.81801040160249,23.111395772164734,1287.0246369019515,0,0.1933992598487189,0.1933992598487189,0.1933992598487189,1.2,1.5,28.799999999999997,36.0,25.0,75.0,23.111395772164734,107.25205307516262,2,6.0,6,6,0,4,33.33333333333333,2.25,100.0,16.258859419729344,6.7557986283133715,9.503060791415972,14.62637299879605,24.987670002712193,10.247164474042332,36.87762356340913,24.873537472838382,48.83516342541678,43.00178308976368,4,33.33333333333333,,
20250517_173411,aca,74,,,,,,,,,,,2,1,13.4,20.9,39,600,60,80,"(6.0, 6.0)",0.71,3.0,0.26666666666666666,False,74,0.01,"{'type': 'hourly', 'hourly_rates': {0: 1.59, 1: 4.38, 2: 2.38, 3: 1.15, 4: 0.84, 5: 0.76, 6: 1.0, 7: 2.25, 8: 2.86, 9: 1.94, 10: 1.23, 11: 0.85, 12: 0.55, 13: 0.37, 14: 0.21, 15: 0.13, 16: 0.08, 17: 0.05, 18: 0.04, 19: 0.04, 20: 0.12, 21: 0.24, 22: 0.41, 23: 0.53}}",False,15,0,0,5,4.0,13,,,15,10,330.1837541099337,-330.18375410993366,12,85.55919081468372,27.515312842494478,1292.4176071185007,0,0.3024329854810634,0.3024329854810634,0.3024329854810634,1.0,1.25,24.0,30.0,-20.0,120.0,27.515312842494478,129.24176071185008,2,5.0,4,6,1,6,40.0,2.3333333333333335,100.0,27.011009096739805,3.1121703148763373,23.898838781863468,14.97259080133326,22.871027864788857,11.431664350967452,42.98064298131018,26.40425515230071,51.45522561515091,34.70354635193312,4,40.0,,
20250517_173412,aca,75,,,,,,,,,,,2,1,13.4,20.9,39,600,60,80,"(6.0, 6.0)",0.71,3.0,0.26666666666666666,False,75,0.01,"{'type': 'hourly', 'hourly_rates': {0: 1.59, 1: 4.38, 2: 2.38, 3: 1.15, 4: 0.84, 5: 0.76, 6: 1.0, 7: 2.25, 8: 2.86, 9: 1.94, 10: 1.23, 11: 0.85, 12: 0.55, 13: 0.37, 14: 0.21, 15: 0.13, 16: 0.08, 17: 0.05, 18: 0.04, 19: 0.04, 20: 0.12, 21: 0.24, 22: 0.41, 23: 0.53}}",False,15,0,0,5,4.0,13,,,12,10,171.92475654125496,-171.92475654125496,6,49.584917392891214,28.65412609020916,1412.8699039663766,0,0.6187026245710269,0.6187026245710269,0.6187026245710269,1.0,1.25,24.0,30.0,40.0,60.0,28.65412609020916,141.28699039663766,2,5.0,5,5,1,2,20.0,2.0,100.0,35.580033944543544,7.420216588895514,28.15981735564803,13.758773690765352,18.87484274895189,12.172776824062085,40.188334937834156,25.93155051482744,56.71211044067206,13.251712728154681,4,40.0,,
20250517_173412,aca,76,,,,,,,,,,,2,1,13.4,20.9,39,600,60,80,"(6.0, 6.0)",0.71,3.0,0.26666666666666666,False,76,0.01,"{'type': 'hourly', 'hourly_rates': {0: 1.59, 1: 4.38, 2: 2.38, 3: 1.15, 4: 0.84, 5: 0.76, 6: 1.0, 7: 2.25, 8: 2.86, 9: 1.94, 10: 1.23, 11: 0.85, 12: 0.55, 13: 0.37, 14: 0.21, 15: 0.13, 16: 0.08, 17: 0.05, 18: 0.04, 19: 0.04, 20: 0.12, 21: 0.24, 22: 0.41, 23: 0.53}}",False,15,0,0,5,4.0,13,,,6,6,28.36890585807359,-28.36890585807359,3,11.166482327598715,9.456301952691197,680.2128693182892,0,0.5618171533490248,0.5618171533490248,0.5618171533490248,0.6,0.75,14.399999999999999,18.0,50.0,50.0,9.456301952691197,113.3688115530482,2,3.0,2,4,1,0,0,0,0,0,0,0,13.241652385065764,17.571003546104652,9.579301407023125,20.0275165575718,22.82095379208889,32.14197325323951,9.724286668071063,2,33.33333333333333,,
20250517_173413,aca,77,,,,,,,,,,,2,1,13.4,20.9,39,600,60,80,"(6.0, 6.0)",0.71,3.0,0.26666666666666666,False,77,0.01,"{'type': 'hourly', 'hourly_rates': {0: 1.59, 1: 4.38, 2: 2.38, 3: 1.15, 4: 0.84, 5: 0.76, 6: 1.0, 7: 2.25, 8: 2.86, 9: 1.94, 10: 1.23, 11: 0.85, 12: 0.55, 13: 0.37, 14: 0.21, 15: 0.13, 16: 0.08, 17: 0.05, 18: 0.04, 19: 0.04, 20: 0.12, 21: 0.24, 22: 0.41, 23: 0.53}}",False,15,0,0,5,4.0,13,,,20,14,255.29577820505634,-255.29577820505634,12,44.88513002630191,21.274648183754696,2535.953822571001,0,0.11891689070444073,0.11891689070444073,0.11891689070444073,1.4,1.75,33.599999999999994,42.0,14.285714285714285,85.71428571428571,21.274648183754696,181.1395587550715,2,7.0,5,9,0,4,14.285714285714285,2.25,100.0,29.87335363003436,7.842122264430851,22.031231365603507,12.147445196999671,18.83302955267561,15.534473901701775,44.83440225912682,27.681919098701446,56.88513002630191,12.976765285499608,3,21.428571428571427,,
20250517_173413,aca,78,,,,,,,,,,,2,1,13.4,20.9,39,600,60,80,"(6.0, 6.0)",0.71,3.0,0.26666666666666666,False,78,0.01,"{'type': 'hourly', 'hourly_rates': {0: 1.59, 1: 4.38, 2: 2.38, 3: 1.15, 4: 0.84, 5: 0.76, 6: 1.0, 7: 2.25, 8: 2.86, 9: 1.94, 10: 1.23, 11: 0.85, 12: 0.55, 13: 0.37, 14: 0.21, 15: 0.13, 16: 0.08, 17: 0.05, 18: 0.04, 19: 0.04, 20: 0.12, 21: 0.24, 22: 0.41, 23: 0.53}}",False,15,0,0,5,4.0,13,,,7,6,149.37389576584084,-149.37389576584084,5,97.2727910408189,29.87477915316817,1500.1148154756231,0,0.3568535106481818,0.3568535106481818,0.3568535106481818,0.6,0.75,14.399999999999999,18.0,16.666666666666664,83.33333333333334,29.87477915316817,250.01913591260384,2,3.0,2,4,0,1,16.666666666666664,2.0,100.0,10.040432772307895,8.412134390542809,1.6282983817650862,13.506997709194069,16.9619316504797,10.663362287586018,26.909889963802286,24.17035999678009,43.066006200701054,2.377898511775811,1,16.666666666666664,,
20250517_173413,aca,79,,,,,,,,,,,2,1,13.4,20.9,39,600,60,80,"(6.0, 6.0)",0.71,3.0,0.26666666666666666,False,79,0.01,"{'type': 'hourly', 'hourly_rates': {0: 1.59, 1: 4.38, 2: 2.38, 3: 1.15, 4: 0.84, 5: 0.76, 6: 1.0, 7: 2.25, 8: 2.86, 9: 1.94, 10: 1.23, 11: 0.85, 12: 0.55, 13: 0.37, 14: 0.21, 15: 0.13, 16: 0.08, 17: 0.05, 18: 0.04, 19: 0.04, 20: 0.12, 21: 0.24, 22: 0.41, 23: 0.53}}",False,15,0,0,5,4.0,13,,,17,15,184.4268631386002,-184.4268631386002,9,55.87157069504981,20.49187368206669,1630.1413384419036,0,0.20054423109219396,0.20054423109219396,0.20054423109219396,1.5,1.875,36.0,45.0,40.0,60.0,20.49187368206669,108.67608922946025,2,7.5,7,8,1,2,13.333333333333334,2.0,100.0,15.710927388254163,8.75506747821398,6.955859910040182,13.103107718291167,20.595990981159446,13.697246603833095,62.67795689432319,26.80035432212426,75.87157069504981,22.906746209439802,4,26.666666666666668,,
20250517_173414,aca,80,,,,,,,,,,,2,1,13.4,20.9,39,600,60,80,"(6.0, 6.0)",0.71,3.0,0.26666666666666666,False,80,0.01,"{'type': 'hourly', 'hourly_rates': {0: 1.59, 1: 4.38, 2: 2.38, 3: 1.15, 4: 0.84, 5: 0.76, 6: 1.0, 7: 2.25, 8: 2.86, 9: 1.94, 10: 1.23, 11: 0.85, 12: 0.55, 13: 0.37, 14: 0.21, 15: 0.13, 16: 0.08, 17: 0.05, 18: 0.04, 19: 0.04, 20: 0.12, 21: 0.24, 22: 0.41, 23: 0.53}}",False,15,0,0,5,4.0,13,,,16,12,232.84501931789742,-232.84501931789742,10,90.42824574409786,23.28450193178974,1304.453865470374,0,0.30468306236077475,0.30468306236077475,0.30468306236077475,1.2,1.5,28.799999999999997,36.0,16.666666666666664,83.33333333333334,23.28450193178974,108.70448878919784,2,6.0,4,8,0,5,41.66666666666667,2.2,100.0,15.121417911922691,14.728088790404042,0.39332912151864896,15.084459986074092,28.84741953073518,16.624287995746865,106.0401576236039,31.708747981820952,112.42824574409786,39.891605378552555,5,41.66666666666667,,
20250517_173414,aca,81,,,,,,,,,,,2,1,13.4,20.9,39,600,60,80,"(6.0, 6.0)",0.71,3.0,0.26666666666666666,False,81,0.01,"{'type': 'hourly', 'hourly_rates': {0: 1.59, 1: 4.38, 2: 2.38, 3: 1.15, 4: 0.84, 5: 0.76, 6: 1.0, 7: 2.25, 8: 2.86, 9: 1.94, 10: 1.23, 11: 0.85, 12: 0.55, 13: 0.37, 14: 0.21, 15: 0.13, 16: 0.08, 17: 0.05, 18: 0.04, 19: 0.04, 20: 0.12, 21: 0.24, 22: 0.41, 23: 0.53}}",False,15,0,0,5,4.0,13,,,8,8,14.587783190215816,-14.587783190215816,3,7.602219417748529,4.862594396738605,836.8508749020335,0,0.5306982199091507,0.5306982199091507,0.5306982199091507,0.8,1.0,19.200000000000003,24.0,62.5,37.5,4.862594396738605,104.60635936275419,2,4.0,3,5,1,0,0,0,0,0,0,0,13.184690569275062,22.674632683380082,5.4618184199565745,20.451642983586737,18.646508989231638,33.60221941774853,27.978035562677324,3,37.5,,
20250517_173415,aca,82,,,,,,,,,,,2,1,13.4,20.9,39,600,60,80,"(6.0, 6.0)",0.71,3.0,0.26666666666666666,False,82,0.01,"{'type': 'hourly', 'hourly_rates': {0: 1.59, 1: 4.38, 2: 2.38, 3: 1.15, 4: 0.84, 5: 0.76, 6: 1.0, 7: 2.25, 8: 2.86, 9: 1.94, 10: 1.23, 11: 0.85, 12: 0.55, 13: 0.37, 14: 0.21, 15: 0.13, 16: 0.08, 17: 0.05, 18: 0.04, 19: 0.04, 20: 0.12, 21: 0.24, 22: 0.41, 23: 0.53}}",False,15,0,0,5,4.0,13,,,12,12,81.12795815822142,-81.12795815822142,4,40.34129517707214,20.281989539555354,1119.158819103474,0,0.5605614824748957,0.5605614824748957,0.5605614824748957,1.2,1.5,28.799999999999997,36.0,66.66666666666666,33.33333333333333,20.281989539555354,93.2632349252895,2,6.0,4,8,0,1,16.666666666666664,2.0,100.0,5.375264111057788,7.037742993610584,-1.6624788825527954,13.22977340449698,18.207457470191514,12.221338779811655,51.386644877923175,25.45111218430863,69.34129517707214,23.863866394733357,5,41.66666666666667,,
20250517_173415,aca,83,,,,,,,,,,,2,1,13.4,20.9,39,600,60,80,"(6.0, 6.0)",0.71,3.0,0.26666666666666666,False,83,0.01,"{'type': 'hourly', 'hourly_rates': {0: 1.59, 1: 4.38, 2: 2.38, 3: 1.15, 4: 0.84, 5: 0.76, 6: 1.0, 7: 2.25, 8: 2.86, 9: 1.94, 10: 1.23, 11: 0.85, 12: 0.55, 13: 0.37, 14: 0.21, 15: 0.13, 16: 0.08, 17: 0.05, 18: 0.04, 19: 0.04, 20: 0.12, 21: 0.24, 22: 0.41, 23: 0.53}}",False,15,0,0,5,4.0,13,,,14,9,414.6410454339933,-414.6410454339933,9,60.170163344062075,46.0712272704437,1259.7351033732887,0,0.32988701870787945,0.32988701870787945,0.32988701870787945,0.9,1.125,21.6,27.0,0.0,100.0,46.0712272704437,139.97056704147653,2,4.5,4,5,0,8,55.55555555555556,2.625,100.0,37.87220695550957,0.0,37.87220695550957,13.038288670463961,20.411036619882765,17.383114263775557,49.462138745343594,30.42140293423952,64.58294705995343,18.90030585836408,4,44.44444444444444,,
20250517_173416,aca,84,,,,,,,,,,,2,1,13.4,20.9,39,600,60,80,"(6.0, 6.0)",0.71,3.0,0.26666666666666666,False,84,0.01,"{'type': 'hourly', 'hourly_rates': {0: 1.59, 1: 4.38, 2: 2.38, 3: 1.15, 4: 0.84, 5: 0.76, 6: 1.0, 7: 2.25, 8: 2.86, 9: 1.94, 10: 1.23, 11: 0.85, 12: 0.55, 13: 0.37, 14: 0.21, 15: 0.13, 16: 0.08, 17: 0.05, 18: 0.04, 19: 0.04, 20: 0.12, 21: 0.24, 22: 0.41, 23: 0.53}}",False,15,0,0,5,4.0,13,,,12,10,271.3616568852537,-271.36165688525375,11,83.58467326678628,24.669241535023062,2860.7893166514823,0,0.14104358450515578,0.14104358450515578,0.14104358450515578,1.0,1.25,24.0,30.0,-10.0,110.00000000000001,24.669241535023062,286.0789316651482,2,5.0,4,6,0,2,20.0,2.0,100.0,47.04751628257988,10.692733243978445,36.35478303860143,12.150161845785266,24.784322038411844,16.031628161632494,46.698685995279206,28.18179000741776,55.02080383343193,11.80091918181516,3,30.0,,
20250517_173416,aca,85,,,,,,,,,,,2,1,13.4,20.9,39,600,60,80,"(6.0, 6.0)",0.71,3.0,0.26666666666666666,False,85,0.01,"{'type': 'hourly', 'hourly_rates': {0: 1.59, 1: 4.38, 2: 2.38, 3: 1.15, 4: 0.84, 5: 0.76, 6: 1.0, 7: 2.25, 8: 2.86, 9: 1.94, 10: 1.23, 11: 0.85, 12: 0.55, 13: 0.37, 14: 0.21, 15: 0.13, 16: 0.08, 17: 0.05, 18: 0.04, 19: 0.04, 20: 0.12, 21: 0.24, 22: 0.41, 23: 0.53}}",False,15,0,0,5,4.0,13,,,14,10,312.9552586289013,-312.9552586289013,9,82.38875969492852,34.77280651432236,1352.51034911321,0,0.23246991855155766,0.23246991855155766,0.23246991855155766,1.0,1.25,24.0,30.0,10.0,90.0,34.77280651432236,135.251034911321,2,5.0,4,6,0,6,40.0,2.3333333333333335,100.0,19.633549381502284,1.2716149518815716,18.361934429620714,13.202679322698966,26.74700497826278,6.301046148671566,19.302837952795784,19.503725471370537,27.75255719401642,18.883328765331818,3,30.0,,
20250517_173417,aca,86,,,,,,,,,,,2,1,13.4,20.9,39,600,60,80,"(6.0, 6.0)",0.71,3.0,0.26666666666666666,False,86,0.01,"{'type': 'hourly', 'hourly_rates': {0: 1.59, 1: 4.38, 2: 2.38, 3: 1.15, 4: 0.84, 5: 0.76, 6: 1.0, 7: 2.25, 8: 2.86, 9: 1.94, 10: 1.23, 11: 0.85, 12: 0.55, 13: 0.37, 14: 0.21, 15: 0.13, 16: 0.08, 17: 0.05, 18: 0.04, 19: 0.04, 20: 0.12, 21: 0.24, 22: 0.41, 23: 0.53}}",False,15,0,0,5,4.0,13,,,16,13,121.76706483724922,-121.76706483724922,10,24.868517741353315,12.176706483724923,1931.949890816208,0,0.2536573655785678,0.2536573655785678,0.2536573655785678,1.3,1.625,31.200000000000003,39.0,23.076923076923077,76.92307692307693,12.176706483724923,148.61153006278522,2,6.5,6,7,1,2,7.6923076923076925,2.5,100.0,24.868517741353315,5.746800150269531,19.121717591083783,14.524114869029692,28.642333482210887,9.806677140911354,25.553681613124922,24.33079200994105,42.20890583323566,15.210447388961498,3,23.076923076923077,,
20250517_173417,aca,87,,,,,,,,,,,2,1,13.4,20.9,39,600,60,80,"(6.0, 6.0)",0.71,3.0,0.26666666666666666,False,87,0.01,"{'type': 'hourly', 'hourly_rates': {0: 1.59, 1: 4.38, 2: 2.38, 3: 1.15, 4: 0.84, 5: 0.76, 6: 1.0, 7: 2.25, 8: 2.86, 9: 1.94, 10: 1.23, 11: 0.85, 12: 0.55, 13: 0.37, 14: 0.21, 15: 0.13, 16: 0.08, 17: 0.05, 18: 0.04, 19: 0.04, 20: 0.12, 21: 0.24, 22: 0.41, 23: 0.53}}",False,15,0,0,5,4.0,13,,,12,11,141.47962562049776,-141.47962562049776,7,59.35205937078064,20.211375088642537,1241.6861520192704,0,0.2905559757514348,0.2905559757514348,0.2905559757514348,1.1,1.375,26.400000000000002,33.0,36.36363636363637,63.63636363636363,20.211375088642537,112.88055927447913,2,5.5,5,6,1,1,9.090909090909092,2.0,100.0,28.064454633161233,11.18020084958073,16.884253783580505,12.191151774198635,22.42655886899233,18.589639009317384,74.4311610309567,30.780790783516014,83.35205937078064,22.829796835041307,3,27.27272727272727,,
20250517_173418,aca,88,,,,,,,,,,,2,1,13.4,20.9,39,600,60,80,"(6.0, 6.0)",0.71,3.0,0.26666666666666666,False,88,0.01,"{'type': 'hourly', 'hourly_rates': {0: 1.59, 1: 4.38, 2: 2.38, 3: 1.15, 4: 0.84, 5: 0.76, 6: 1.0, 7: 2.25, 8: 2.86, 9: 1.94, 10: 1.23, 11: 0.85, 12: 0.55, 13: 0.37, 14: 0.21, 15: 0.13, 16: 0.08, 17: 0.05, 18: 0.04, 19: 0.04, 20: 0.12, 21: 0.24, 22: 0.41, 23: 0.53}}",False,15,0,0,5,4.0,13,,,17,11,387.8142508516512,-387.8142508516512,11,152.7464803938103,35.255840986513746,1655.8988087196312,0,0.4074747677055864,0.4074747677055864,0.4074747677055864,1.1,1.375,26.400000000000002,33.0,0.0,100.0,35.255840986513746,150.5362553381483,2,5.5,4,7,1,6,36.36363636363637,2.6666666666666665,100.0,29.514846494387484,0.17850896829975632,29.33633752608773,15.991903417469473,26.622298815566978,4.3324848283386945,14.501832117559047,20.324388245808166,27.249562778098294,35.89426145753496,4,36.36363636363637,,
20250517_173419,aca,89,,,,,,,,,,,2,1,13.4,20.9,39,600,60,80,"(6.0, 6.0)",0.71,3.0,0.26666666666666666,False,89,0.01,"{'type': 'hourly', 'hourly_rates': {0: 1.59, 1: 4.38, 2: 2.38, 3: 1.15, 4: 0.84, 5: 0.76, 6: 1.0, 7: 2.25, 8: 2.86, 9: 1.94, 10: 1.23, 11: 0.85, 12: 0.55, 13: 0.37, 14: 0.21, 15: 0.13, 16: 0.08, 17: 0.05, 18: 0.04, 19: 0.04, 20: 0.12, 21: 0.24, 22: 0.41, 23: 0.53}}",False,15,0,0,5,4.0,13,,,16,13,212.28017406490875,-212.28017406490872,9,38.282131430717996,23.586686007212084,1256.6809218612948,0,0.18053463862556612,0.18053463862556612,0.18053463862556612,1.3,1.625,31.200000000000003,39.0,30.76923076923077,69.23076923076923,23.586686007212084,96.6677632200996,2,6.5,6,7,1,4,30.76923076923077,2.0,100.0,30.350508627265953,4.313061795712489,26.037446831553464,11.416079002726123,16.49693164120481,14.423490326585831,47.706512033547334,25.839569329311953,58.12532628640784,17.577552796187433,3,23.076923076923077,,
20250517_173419,aca,90,,,,,,,,,,,2,1,13.4,20.9,39,600,60,80,"(6.0, 6.0)",0.71,3.0,0.26666666666666666,False,90,0.01,"{'type': 'hourly', 'hourly_rates': {0: 1.59, 1: 4.38, 2: 2.38, 3: 1.15, 4: 0.84, 5: 0.76, 6: 1.0, 7: 2.25, 8: 2.86, 9: 1.94, 10: 1.23, 11: 0.85, 12: 0.55, 13: 0.37, 14: 0.21, 15: 0.13, 16: 0.08, 17: 0.05, 18: 0.04, 19: 0.04, 20: 0.12, 21: 0.24, 22: 0.41, 23: 0.53}}",False,15,0,0,5,4.0,13,,,9,9,5.140258879622877,-5.140258879622877,1,5.140258879622877,5.140258879622877,730.9947936159685,0,0.5681552989398231,0.5681552989398231,0.5681552989398231,0.9,1.125,21.6,27.0,88.88888888888889,11.11111111111111,5.140258879622877,81.22164373510762,2,4.5,3,6,0,0,0,0,0,0,0,0,13.103199843072916,18.984525671770598,3.719990115301668,14.155733207852279,16.823189958374584,33.14025887962288,34.29032832553018,6,66.66666666666666,,
20250517_173420,aca,91,,,,,,,,,,,2,1,13.4,20.9,39,600,60,80,"(6.0, 6.0)",0.71,3.0,0.26666666666666666,False,91,0.01,"{'type': 'hourly', 'hourly_rates': {0: 1.59, 1: 4.38, 2: 2.38, 3: 1.15, 4: 0.84, 5: 0.76, 6: 1.0, 7: 2.25, 8: 2.86, 9: 1.94, 10: 1.23, 11: 0.85, 12: 0.55, 13: 0.37, 14: 0.21, 15: 0.13, 16: 0.08, 17: 0.05, 18: 0.04, 19: 0.04, 20: 0.12, 21: 0.24, 22: 0.41, 23: 0.53}}",False,15,0,0,5,4.0,13,,,18,13,404.14573035922047,-404.14573035922047,10,80.24149787665829,40.41457303592205,1634.0309666482945,0,0.17787444878542413,0.17787444878542413,0.17787444878542413,1.3,1.625,31.200000000000003,39.0,23.076923076923077,76.92307692307693,40.41457303592205,125.6946897421765,2,6.5,6,7,1,4,23.076923076923077,2.5,100.0,46.18769198758097,0.3112313051600367,45.876460682420934,12.542862116430985,16.89706057903709,10.49207100260826,30.612028006724216,23.034933119039245,44.053604232199746,43.934796294615445,5,38.46153846153847,,
20250517_173420,aca,92,,,,,,,,,,,2,1,13.4,20.9,39,600,60,80,"(6.0, 6.0)",0.71,3.0,0.26666666666666666,False,92,0.01,"{'type': 'hourly', 'hourly_rates': {0: 1.59, 1: 4.38, 2: 2.38, 3: 1.15, 4: 0.84, 5: 0.76, 6: 1.0, 7: 2.25, 8: 2.86, 9: 1.94, 10: 1.23, 11: 0.85, 12: 0.55, 13: 0.37, 14: 0.21, 15: 0.13, 16: 0.08, 17: 0.05, 18: 0.04, 19: 0.04, 20: 0.12, 21: 0.24, 22: 0.41, 23: 0.53}}",False,15,0,0,5,4.0,13,,,7,7,0,0,0,0,0,725.8015271283131,0,0.5433936293164255,0.5433936293164255,0.5433936293164255,0.7,0.875,16.799999999999997,21.0,100.0,0.0,0,103.68593244690187,2,3.5,1,6,0,0,0,0,0,0,0,0,12.601533454709573,16.946040851224666,1.7799701273178685,8.473548159243592,14.381503582027443,17.153985955860605,22.577298232322935,5,71.42857142857143,,
20250517_173421,aca,93,,,,,,,,,,,2,1,13.4,20.9,39,600,60,80,"(6.0, 6.0)",0.71,3.0,0.26666666666666666,False,93,0.01,"{'type': 'hourly', 'hourly_rates': {0: 1.59, 1: 4.38, 2: 2.38, 3: 1.15, 4: 0.84, 5: 0.76, 6: 1.0, 7: 2.25, 8: 2.86, 9: 1.94, 10: 1.23, 11: 0.85, 12: 0.55, 13: 0.37, 14: 0.21, 15: 0.13, 16: 0.08, 17: 0.05, 18: 0.04, 19: 0.04, 20: 0.12, 21: 0.24, 22: 0.41, 23: 0.53}}",False,15,0,0,5,4.0,13,,,11,10,61.347650969478934,-61.347650969478934,4,22.845964168998194,15.336912742369734,1025.9912789076507,0,0.5361979616391365,0.5361979616391365,0.5361979616391365,1.0,1.25,24.0,30.0,60.0,40.0,15.336912742369734,102.59912789076506,2,5.0,5,5,0,0,0,0,0,0,0,0,15.630155300497028,23.577504543115595,11.042694276560013,34.39352951309439,26.672849577057043,46.513364050964014,58.64920450256199,6,60.0,,
20250517_173421,aca,94,,,,,,,,,,,2,1,13.4,20.9,39,600,60,80,"(6.0, 6.0)",0.71,3.0,0.26666666666666666,False,94,0.01,"{'type': 'hourly', 'hourly_rates': {0: 1.59, 1: 4.38, 2: 2.38, 3: 1.15, 4: 0.84, 5: 0.76, 6: 1.0, 7: 2.25, 8: 2.86, 9: 1.94, 10: 1.23, 11: 0.85, 12: 0.55, 13: 0.37, 14: 0.21, 15: 0.13, 16: 0.08, 17: 0.05, 18: 0.04, 19: 0.04, 20: 0.12, 21: 0.24, 22: 0.41, 23: 0.53}}",False,15,0,0,5,4.0,13,,,13,12,89.13674364907071,-89.13674364907071,5,31.81996414429534,17.82734872981414,1392.4910697372409,0,0.22838383776510635,0.22838383776510635,0.22838383776510635,1.2,1.5,28.799999999999997,36.0,58.333333333333336,41.66666666666667,17.82734872981414,116.04092247810341,2,6.0,6,6,0,3,33.33333333333333,2.0,100.0,16.76581612450557,0.4023858127811888,16.36343031172438,13.351262180154235,20.971985216361325,9.167273402224321,30.266908354959597,22.518535582378558,40.16577323831902,26.674251286833115,5,41.66666666666667,,
20250517_173421,aca,95,,,,,,,,,,,2,1,13.4,20.9,39,600,60,80,"(6.0, 6.0)",0.71,3.0,0.26666666666666666,False,95,0.01,"{'type': 'hourly', 'hourly_rates': {0: 1.59, 1: 4.38, 2: 2.38, 3: 1.15, 4: 0.84, 5: 0.76, 6: 1.0, 7: 2.25, 8: 2.86, 9: 1.94, 10: 1.23, 11: 0.85, 12: 0.55, 13: 0.37, 14: 0.21, 15: 0.13, 16: 0.08, 17: 0.05, 18: 0.04, 19: 0.04, 20: 0.12, 21: 0.24, 22: 0.41, 23: 0.53}}",False,15,0,0,5,4.0,13,,,5,5,21.725692179096797,-21.725692179096797,3,11.144053954623075,7.241897393032265,1053.0394729279587,0,0.43031790918391144,0.43031790918391144,0.43031790918391144,0.5,0.625,12.0,15.0,40.0,60.0,7.241897393032265,210.60789458559174,2,2.5,2,3,1,0,0,0,0,0,0,0,18.171466690063948,35.40625359156735,5.964704735916129,13.70254072488899,24.136171425980077,35.81428964223005,28.454858326776275,2,40.0,,
20250517_173422,aca,96,,,,,,,,,,,2,1,13.4,20.9,39,600,60,80,"(6.0, 6.0)",0.71,3.0,0.26666666666666666,False,96,0.01,"{'type': 'hourly', 'hourly_rates': {0: 1.59, 1: 4.38, 2: 2.38, 3: 1.15, 4: 0.84, 5: 0.76, 6: 1.0, 7: 2.25, 8: 2.86, 9: 1.94, 10: 1.23, 11: 0.85, 12: 0.55, 13: 0.37, 14: 0.21, 15: 0.13, 16: 0.08, 17: 0.05, 18: 0.04, 19: 0.04, 20: 0.12, 21: 0.24, 22: 0.41, 23: 0.53}}",False,15,0,0,5,4.0,13,,,9,6,257.7904419255653,-257.7904419255653,5,77.65196682556262,51.55808838511306,1393.9500187630606,0,0.4588554568777882,0.4588554568777882,0.4588554568777882,0.6,0.75,14.399999999999999,18.0,16.666666666666664,83.33333333333334,51.55808838511306,232.32500312717676,2,3.0,3,3,1,4,50.0,2.75,100.0,46.81057730660447,0.0,46.81057730660447,14.49234663994578,16.917338647084478,16.69525731542167,79.7572893605716,31.18760395536745,95.65196682556262,5.27814644645472,2,33.33333333333333,,
20250517_173422,aca,97,,,,,,,,,,,2,1,13.4,20.9,39,600,60,80,"(6.0, 6.0)",0.71,3.0,0.26666666666666666,False,97,0.01,"{'type': 'hourly', 'hourly_rates': {0: 1.59, 1: 4.38, 2: 2.38, 3: 1.15, 4: 0.84, 5: 0.76, 6: 1.0, 7: 2.25, 8: 2.86, 9: 1.94, 10: 1.23, 11: 0.85, 12: 0.55, 13: 0.37, 14: 0.21, 15: 0.13, 16: 0.08, 17: 0.05, 18: 0.04, 19: 0.04, 20: 0.12, 21: 0.24, 22: 0.41, 23: 0.53}}",False,15,0,0,5,4.0,13,,,10,10,21.132176497569958,-21.132176497569958,2,12.129963035220726,10.566088248784979,1261.4771689626364,0,0.4249524206933241,0.4249524206933241,0.4249524206933241,1.0,1.25,24.0,30.0,80.0,20.0,10.566088248784979,126.14771689626363,2,5.0,3,7,0,1,20.0,2.0,100.0,0.0,2.6415220621962447,-2.6415220621962447,10.440164833162537,14.673834316687419,7.5501965926479615,27.081004713824044,17.990361425810498,38.129963035220726,0.9195676835039706,2,20.0,,
20250517_173423,aca,98,,,,,,,,,,,2,1,13.4,20.9,39,600,60,80,"(6.0, 6.0)",0.71,3.0,0.26666666666666666,False,98,0.01,"{'type': 'hourly', 'hourly_rates': {0: 1.59, 1: 4.38, 2: 2.38, 3: 1.15, 4: 0.84, 5: 0.76, 6: 1.0, 7: 2.25, 8: 2.86, 9: 1.94, 10: 1.23, 11: 0.85, 12: 0.55, 13: 0.37, 14: 0.21, 15: 0.13, 16: 0.08, 17: 0.05, 18: 0.04, 19: 0.04, 20: 0.12, 21: 0.24, 22: 0.41, 23: 0.53}}",False,15,0,0,5,4.0,13,,,11,10,136.04900048779592,-136.04900048779592,4,64.37172887467895,34.01225012194898,983.5544357508402,0,0.35796077031598766,0.35796077031598766,0.35796077031598766,1.0,1.25,24.0,30.0,60.0,40.0,34.01225012194898,98.35544357508402,2,5.0,4,6,0,1,10.0,2.0,100.0,32.195225857671744,7.672856469192142,24.522369388479603,15.297693401143501,27.260902420123273,12.207407007342084,81.09351081251789,27.505100408485582,88.37172887467895,50.87140453412755,6,60.0,,
20250517_173423,aca,99,,,,,,,,,,,2,1,13.4,20.9,39,600,60,80,"(6.0, 6.0)",0.71,3.0,0.26666666666666666,False,99,0.01,"{'type': 'hourly', 'hourly_rates': {0: 1.59, 1: 4.38, 2: 2.38, 3: 1.15, 4: 0.84, 5: 0.76, 6: 1.0, 7: 2.25, 8: 2.86, 9: 1.94, 10: 1.23, 11: 0.85, 12: 0.55, 13: 0.37, 14: 0.21, 15: 0.13, 16: 0.08, 17: 0.05, 18: 0.04, 19: 0.04, 20: 0.12, 21: 0.24, 22: 0.41, 23: 0.53}}",False,15,0,0,5,4.0,13,,,17,14,162.16229268765062,-162.16229268765062,11,28.68012987562406,14.742026607968238,1543.038149782789,0,0.18949612859123108,0.18949612859123108,0.18949612859123108,1.4,1.75,33.599999999999994,42.0,21.428571428571427,78.57142857142857,14.742026607968238,110.21701069877065,2,7.0,5,9,1,4,28.57142857142857,2.0,100.0,13.301843072255746,8.683992266349733,4.617850805906013,12.660030984972456,24.476068344472537,14.46152415527238,46.935309948491806,27.12155514024484,53.680129875624004,18.23008020401372,3,21.428571428571427,,
20250517_173424,aca,100,,,,,,,,,,,2,1,13.4,20.9,39,600,60,80,"(6.0, 6.0)",0.71,3.0,0.26666666666666666,False,100,0.01,"{'type': 'hourly', 'hourly_rates': {0: 1.59, 1: 4.38, 2: 2.38, 3: 1.15, 4: 0.84, 5: 0.76, 6: 1.0, 7: 2.25, 8: 2.86, 9: 1.94, 10: 1.23, 11: 0.85, 12: 0.55, 13: 0.37, 14: 0.21, 15: 0.13, 16: 0.08, 17: 0.05, 18: 0.04, 19: 0.04, 20: 0.12, 21: 0.24, 22: 0.41, 23: 0.53}}",False,15,0,0,5,4.0,13,,,10,9,86.23188386188536,-86.23188386188536,6,36.132426012833236,14.37198064364756,923.8751784721157,0,0.4357063987673324,0.4357063987673324,0.4357063987673324,0.9,1.125,21.6,27.0,33.33333333333333,66.66666666666666,14.37198064364756,102.65279760801286,2,4.5,1,8,0,2,33.33333333333333,2.0,100.0,18.00586468893573,0.8240862149699902,17.18177847396574,15.11747432620885,21.584532440664077,8.646026896481644,31.201776928161394,23.763501222690493,46.132426012833236,23.923389343107516,4,44.44444444444444,,
20250517_173424,aca,101,,,,,,,,,,,2,1,13.4,20.9,39,600,60,80,"(6.0, 6.0)",0.71,3.0,0.26666666666666666,False,101,0.01,"{'type': 'hourly', 'hourly_rates': {0: 1.59, 1: 4.38, 2: 2.38, 3: 1.15, 4: 0.84, 5: 0.76, 6: 1.0, 7: 2.25, 8: 2.86, 9: 1.94, 10: 1.23, 11: 0.85, 12: 0.55, 13: 0.37, 14: 0.21, 15: 0.13, 16: 0.08, 17: 0.05, 18: 0.04, 19: 0.04, 20: 0.12, 21: 0.24, 22: 0.41, 23: 0.53}}",False,15,0,0,5,4.0,13,,,14,10,189.9787267572019,-189.9787267572019,9,46.70681657930862,21.10874741746688,1372.5773228510877,0,0.2521225960796489,0.2521225960796489,0.2521225960796489,1.0,1.25,24.0,30.0,10.0,90.0,21.10874741746688,137.25773228510877,2,5.0,4,6,0,3,20.0,2.3333333333333335,100.0,31.395030661770562,7.335414465196188,24.059616196574375,16.570782727958566,29.22045397916105,11.918649647517569,39.75966997028786,28.489432375476134,55.95262472089968,23.96508145220561,4,40.0,,
20250517_173425,aca,102,,,,,,,,,,,2,1,13.4,20.9,39,600,60,80,"(6.0, 6.0)",0.71,3.0,0.26666666666666666,False,102,0.01,"{'type': 'hourly', 'hourly_rates': {0: 1.59, 1: 4.38, 2: 2.38, 3: 1.15, 4: 0.84, 5: 0.76, 6: 1.0, 7: 2.25, 8: 2.86, 9: 1.94, 10: 1.23, 11: 0.85, 12: 0.55, 13: 0.37, 14: 0.21, 15: 0.13, 16: 0.08, 17: 0.05, 18: 0.04, 19: 0.04, 20: 0.12, 21: 0.24, 22: 0.41, 23: 0.53}}",False,15,0,0,5,4.0,13,,,11,11,2.383439629197369,-2.383439629197369,1,2.383439629197369,2.383439629197369,817.6684775692918,0,0.30168793182184306,0.30168793182184306,0.30168793182184306,1.1,1.375,26.400000000000002,33.0,90.9090909090909,9.090909090909092,2.383439629197369,74.33349796084471,2,5.5,3,8,0,0,0,0,0,0,0,0,13.202504827624939,21.896425756715576,3.933926812005896,13.141890521251725,17.136431639630835,22.490939743350594,35.05648708635805,5,45.45454545454545,,
20250517_173425,aca,103,,,,,,,,,,,2,1,13.4,20.9,39,600,60,80,"(6.0, 6.0)",0.71,3.0,0.26666666666666666,False,103,0.01,"{'type': 'hourly', 'hourly_rates': {0: 1.59, 1: 4.38, 2: 2.38, 3: 1.15, 4: 0.84, 5: 0.76, 6: 1.0, 7: 2.25, 8: 2.86, 9: 1.94, 10: 1.23, 11: 0.85, 12: 0.55, 13: 0.37, 14: 0.21, 15: 0.13, 16: 0.08, 17: 0.05, 18: 0.04, 19: 0.04, 20: 0.12, 21: 0.24, 22: 0.41, 23: 0.53}}",False,15,0,0,5,4.0,13,,,15,12,326.9490937043576,-326.9490937043576,11,84.25069232488718,29.72264488221433,2232.5061723936474,0,0.25005716122858934,0.25005716122858934,0.25005716122858934,1.2,1.5,28.799999999999997,36.0,8.333333333333332,91.66666666666666,29.72264488221433,186.04218103280394,2,6.0,4,8,0,4,33.33333333333333,2.0,100.0,25.657109186804874,13.92693912332345,11.730170063481424,14.40513832099073,20.94206648314332,16.50145370064821,46.3179430484779,30.90659202163894,56.68876635347658,3.405300827735175,2,16.666666666666664,,
20250517_173426,aca,104,,,,,,,,,,,2,1,13.4,20.9,39,600,60,80,"(6.0, 6.0)",0.71,3.0,0.26666666666666666,False,104,0.01,"{'type': 'hourly', 'hourly_rates': {0: 1.59, 1: 4.38, 2: 2.38, 3: 1.15, 4: 0.84, 5: 0.76, 6: 1.0, 7: 2.25, 8: 2.86, 9: 1.94, 10: 1.23, 11: 0.85, 12: 0.55, 13: 0.37, 14: 0.21, 15: 0.13, 16: 0.08, 17: 0.05, 18: 0.04, 19: 0.04, 20: 0.12, 21: 0.24, 22: 0.41, 23: 0.53}}",False,15,0,0,5,4.0,13,,,11,10,34.01055375880998,-34.01055375880998,4,16.099023230561556,8.502638439702496,1354.9295202674639,0,0.40179795831799164,0.40179795831799164,0.40179795831799164,1.0,1.25,24.0,30.0,60.0,40.0,8.502638439702496,135.4929520267464,2,5.0,4,6,0,0,0,0,0,0,0,0,12.783963718900226,25.27677258189297,8.184623354989691,24.563019067692544,20.968587073889918,41.099023230561556,8.142047079449156,2,20.0,,
20250517_173426,aca,105,,,,,,,,,,,2,1,13.4,20.9,39,600,60,80,"(6.0, 6.0)",0.71,3.0,0.26666666666666666,False,105,0.01,"{'type': 'hourly', 'hourly_rates': {0: 1.59, 1: 4.38, 2: 2.38, 3: 1.15, 4: 0.84, 5: 0.76, 6: 1.0, 7: 2.25, 8: 2.86, 9: 1.94, 10: 1.23, 11: 0.85, 12: 0.55, 13: 0.37, 14: 0.21, 15: 0.13, 16: 0.08, 17: 0.05, 18: 0.04, 19: 0.04, 20: 0.12, 21: 0.24, 22: 0.41, 23: 0.53}}",False,15,0,0,5,4.0,13,,,13,8,399.7631922154293,-399.76319221542934,10,73.67200631621158,39.97631922154293,1622.770001982091,0,0.11674165995322075,0.11674165995322075,0.11674165995322075,0.8,1.0,19.200000000000003,24.0,-25.0,125.0,39.97631922154293,202.84625024776136,2,4.0,4,4,0,5,62.5,2.0,100.0,37.161823673364076,0.0,37.161823673364076,14.861182895273112,22.98119238519581,19.04669107813763,53.35520908994778,33.907873973410744,65.66946987075235,13.470115330754503,2,25.0,,
20250517_173426,aca,106,,,,,,,,,,,2,1,13.4,20.9,39,600,60,80,"(6.0, 6.0)",0.71,3.0,0.26666666666666666,False,106,0.01,"{'type': 'hourly', 'hourly_rates': {0: 1.59, 1: 4.38, 2: 2.38, 3: 1.15, 4: 0.84, 5: 0.76, 6: 1.0, 7: 2.25, 8: 2.86, 9: 1.94, 10: 1.23, 11: 0.85, 12: 0.55, 13: 0.37, 14: 0.21, 15: 0.13, 16: 0.08, 17: 0.05, 18: 0.04, 19: 0.04, 20: 0.12, 21: 0.24, 22: 0.41, 23: 0.53}}",False,15,0,0,5,4.0,13,,,7,5,116.37736897558797,-116.37736897558797,7,38.043664008711005,16.625338425083996,1422.9964031578054,0,0.2897954442523267,0.2897954442523267,0.2897954442523267,0.5,0.625,12.0,15.0,-40.0,140.0,16.625338425083996,284.5992806315611,2,2.5,2,3,1,3,60.0,2.3333333333333335,100.0,10.154101224923261,5.960363752180967,4.193737472742294,13.422775562530337,25.224245305533206,6.253830673296007,12.566402741408325,19.676606235826345,26,8.224245305533206,1,20.0,,
20250517_173427,aca,107,,,,,,,,,,,2,1,13.4,20.9,39,600,60,80,"(6.0, 6.0)",0.71,3.0,0.26666666666666666,False,107,0.01,"{'type': 'hourly', 'hourly_rates': {0: 1.59, 1: 4.38, 2: 2.38, 3: 1.15, 4: 0.84, 5: 0.76, 6: 1.0, 7: 2.25, 8: 2.86, 9: 1.94, 10: 1.23, 11: 0.85, 12: 0.55, 13: 0.37, 14: 0.21, 15: 0.13, 16: 0.08, 17: 0.05, 18: 0.04, 19: 0.04, 20: 0.12, 21: 0.24, 22: 0.41, 23: 0.53}}",False,15,0,0,5,4.0,13,,,20,14,258.8925778009745,-258.89257780097444,14,49.45077234292066,18.492326985783894,1806.1278429235779,0,0.1268552795246359,0.1268552795246359,0.1268552795246359,1.4,1.75,33.599999999999994,42.0,0.0,100.0,18.492326985783894,129.0091316373984,2,7.0,5,9,0,5,28.57142857142857,2.0,100.0,14.984496204587252,7.229623738294802,7.75487246629245,12.281551655762554,15.403122569223115,14.292085992637823,36.43547495265645,26.573637648400375,47.83332952251091,7.133486682833393,2,14.285714285714285,,
20250517_173427,aca,108,,,,,,,,,,,2,1,13.4,20.9,39,600,60,80,"(6.0, 6.0)",0.71,3.0,0.26666666666666666,False,108,0.01,"{'type': 'hourly', 'hourly_rates': {0: 1.59, 1: 4.38, 2: 2.38, 3: 1.15, 4: 0.84, 5: 0.76, 6: 1.0, 7: 2.25, 8: 2.86, 9: 1.94, 10: 1.23, 11: 0.85, 12: 0.55, 13: 0.37, 14: 0.21, 15: 0.13, 16: 0.08, 17: 0.05, 18: 0.04, 19: 0.04, 20: 0.12, 21: 0.24, 22: 0.41, 23: 0.53}}",False,15,0,0,5,4.0,13,,,16,12,358.08552385693764,-358.08552385693764,11,97.26508385263804,32.553229441539784,1859.1567535821894,0,0.19675536109249775,0.19675536109249775,0.19675536109249775,1.2,1.5,28.799999999999997,36.0,8.333333333333332,91.66666666666666,32.553229441539784,154.92972946518245,2,6.0,5,7,0,4,25.0,2.25,100.0,47.14048358248041,5.591233467565344,41.54925011491506,12.842437488429878,16.65459591391405,17.606546343510885,81.34288359176227,30.448983831940765,96.82540460896273,2.782726574342121,2,16.666666666666664,,
20250517_173428,aca,109,,,,,,,,,,,2,1,13.4,20.9,39,600,60,80,"(6.0, 6.0)",0.71,3.0,0.26666666666666666,False,109,0.01,"{'type': 'hourly', 'hourly_rates': {0: 1.59, 1: 4.38, 2: 2.38, 3: 1.15, 4: 0.84, 5: 0.76, 6: 1.0, 7: 2.25, 8: 2.86, 9: 1.94, 10: 1.23, 11: 0.85, 12: 0.55, 13: 0.37, 14: 0.21, 15: 0.13, 16: 0.08, 17: 0.05, 18: 0.04, 19: 0.04, 20: 0.12, 21: 0.24, 22: 0.41, 23: 0.53}}",False,15,0,0,5,4.0,13,,,14,10,434.42387933865484,-434.4238793386548,9,119.25535066607304,48.269319926517205,1589.060474535712,0,0.18657877853778115,0.18657877853778115,0.18657877853778115,1.0,1.25,24.0,30.0,10.0,90.0,48.269319926517205,158.9060474535712,2,5.0,4,6,1,5,30.0,2.6,100.0,49.81259667905653,5.7248340048243165,44.087762674232216,15.533858114422856,27.208388821019106,14.177404409925021,91.31817414847185,29.711262524347877,102.25535066607304,39.17316231822956,7,70.0,,
20250517_173428,aca,110,,,,,,,,,,,2,1,13.4,20.9,39,600,60,80,"(6.0, 6.0)",0.71,3.0,0.26666666666666666,False,110,0.01,"{'type': 'hourly', 'hourly_rates': {0: 1.59, 1: 4.38, 2: 2.38, 3: 1.15, 4: 0.84, 5: 0.76, 6: 1.0, 7: 2.25, 8: 2.86, 9: 1.94, 10: 1.23, 11: 0.85, 12: 0.55, 13: 0.37, 14: 0.21, 15: 0.13, 16: 0.08, 17: 0.05, 18: 0.04, 19: 0.04, 20: 0.12, 21: 0.24, 22: 0.41, 23: 0.53}}",False,15,0,0,5,4.0,13,,,13,9,347.5109922389746,-347.5109922389746,7,72.04388933691678,49.64442746271066,1724.7219248194451,0,0.2631341460567084,0.2631341460567084,0.2631341460567084,0.9,1.125,21.6,27.0,22.22222222222222,77.77777777777779,49.64442746271066,191.6357694243828,2,4.5,4,5,1,4,22.22222222222222,2.5,100.0,51.489446202425356,2.4374156230174355,49.05203057940792,13.20979429503133,21.246483473143826,10.234573364391105,40.307493843395775,23.444367659422436,52.92505258973344,4.927717764498709,1,11.11111111111111,,
20250517_173429,aca,111,,,,,,,,,,,2,1,13.4,20.9,39,600,60,80,"(6.0, 6.0)",0.71,3.0,0.26666666666666666,False,111,0.01,"{'type': 'hourly', 'hourly_rates': {0: 1.59, 1: 4.38, 2: 2.38, 3: 1.15, 4: 0.84, 5: 0.76, 6: 1.0, 7: 2.25, 8: 2.86, 9: 1.94, 10: 1.23, 11: 0.85, 12: 0.55, 13: 0.37, 14: 0.21, 15: 0.13, 16: 0.08, 17: 0.05, 18: 0.04, 19: 0.04, 20: 0.12, 21: 0.24, 22: 0.41, 23: 0.53}}",False,15,0,0,5,4.0,13,,,17,9,428.51238567691337,-428.5123856769133,12,85.62626725091519,35.70936547307611,2167.8144502999157,0,0.39030783010353337,0.39030783010353337,0.39030783010353337,0.9,1.125,21.6,27.0,-33.33333333333333,133.33333333333331,35.70936547307611,240.8682722555462,2,4.5,3,6,1,7,33.33333333333333,3.0,100.0,42.857894149886754,4.56851464692987,38.28937950295688,12.875397058237647,15.213544953380747,12.675524191864135,38.412722297534444,25.55092125010178,53.62626725091519,16.280528223753443,3,33.33333333333333,,
20250517_173429,aca,112,,,,,,,,,,,2,1,13.4,20.9,39,600,60,80,"(6.0, 6.0)",0.71,3.0,0.26666666666666666,False,112,0.01,"{'type': 'hourly', 'hourly_rates': {0: 1.59, 1: 4.38, 2: 2.38, 3: 1.15, 4: 0.84, 5: 0.76, 6: 1.0, 7: 2.25, 8: 2.86, 9: 1.94, 10: 1.23, 11: 0.85, 12: 0.55, 13: 0.37, 14: 0.21, 15: 0.13, 16: 0.08, 17: 0.05, 18: 0.04, 19: 0.04, 20: 0.12, 21: 0.24, 22: 0.41, 23: 0.53}}",False,15,0,0,5,4.0,13,,,10,10,22.68548597343751,-22.68548597343751,3,19.040557344057063,7.5618286578125025,964.5302290209286,0,0.382128602528875,0.382128602528875,0.382128602528875,1.0,1.25,24.0,30.0,70.0,30.0,7.5618286578125025,96.45302290209285,2,5.0,5,5,0,0,0,0,0,0,0,0,13.300223535305719,20.70358644633348,7.16222486807235,31.20410209620193,20.46244840337807,39.04055734405706,34.0145806065291,4,40.0,,
20250517_173430,aca,113,,,,,,,,,,,2,1,13.4,20.9,39,600,60,80,"(6.0, 6.0)",0.71,3.0,0.26666666666666666,False,113,0.01,"{'type': 'hourly', 'hourly_rates': {0: 1.59, 1: 4.38, 2: 2.38, 3: 1.15, 4: 0.84, 5: 0.76, 6: 1.0, 7: 2.25, 8: 2.86, 9: 1.94, 10: 1.23, 11: 0.85, 12: 0.55, 13: 0.37, 14: 0.21, 15: 0.13, 16: 0.08, 17: 0.05, 18: 0.04, 19: 0.04, 20: 0.12, 21: 0.24, 22: 0.41, 23: 0.53}}",False,15,0,0,5,4.0,13,,,15,15,5.203677976332898,-5.203677976332898,4,2.479266071465844,1.3009194940832245,1648.9446043851576,0,0.183224340375164,0.183224340375164,0.183224340375164,1.5,1.875,36.0,45.0,73.33333333333333,26.666666666666668,1.3009194940832245,109.92964029234385,2,7.5,7,8,1,0,0,0,0,0,0,0,12.209072384571337,18.725192413418597,4.9794181890292935,16.851962945953744,17.18849057360063,27.479266071465844,35.38471177002293,7,46.666666666666664,,
20250517_173430,aca,114,,,,,,,,,,,2,1,13.4,20.9,39,600,60,80,"(6.0, 6.0)",0.71,3.0,0.26666666666666666,False,114,0.01,"{'type': 'hourly', 'hourly_rates': {0: 1.59, 1: 4.38, 2: 2.38, 3: 1.15, 4: 0.84, 5: 0.76, 6: 1.0, 7: 2.25, 8: 2.86, 9: 1.94, 10: 1.23, 11: 0.85, 12: 0.55, 13: 0.37, 14: 0.21, 15: 0.13, 16: 0.08, 17: 0.05, 18: 0.04, 19: 0.04, 20: 0.12, 21: 0.24, 22: 0.41, 23: 0.53}}",False,15,0,0,5,4.0,13,,,14,11,160.5139325712414,-160.5139325712414,6,69.06649976933062,26.752322095206903,1422.852930101668,0,0.16856067552273313,0.16856067552273313,0.16856067552273313,1.1,1.375,26.400000000000002,33.0,45.45454545454545,54.54545454545454,26.752322095206903,129.3502663728789,2,5.5,5,6,0,4,27.27272727272727,2.5,100.0,24.53098219344675,0.488273787263779,24.04270840618297,11.71047014324443,16.808173119106183,8.340541771869152,49.18750503667526,20.05101191511358,61.51692759333639,3.7828060862286677,1,9.090909090909092,,
20250517_173431,aca,115,,,,,,,,,,,2,1,13.4,20.9,39,600,60,80,"(6.0, 6.0)",0.71,3.0,0.26666666666666666,False,115,0.01,"{'type': 'hourly', 'hourly_rates': {0: 1.59, 1: 4.38, 2: 2.38, 3: 1.15, 4: 0.84, 5: 0.76, 6: 1.0, 7: 2.25, 8: 2.86, 9: 1.94, 10: 1.23, 11: 0.85, 12: 0.55, 13: 0.37, 14: 0.21, 15: 0.13, 16: 0.08, 17: 0.05, 18: 0.04, 19: 0.04, 20: 0.12, 21: 0.24, 22: 0.41, 23: 0.53}}",False,15,0,0,5,4.0,13,,,14,13,324.7467147556624,-324.74671475566237,10,113.64749440308267,32.47467147556624,3031.146312630693,0,0.11440406791344195,0.11440406791344195,0.11440406791344195,1.3,1.625,31.200000000000003,39.0,23.076923076923077,76.92307692307693,32.47467147556624,233.16510097159178,2,6.5,6,7,0,1,7.6923076923076925,2.0,100.0,39.71613289656767,21.87930945295555,17.836823443612122,15.023745484858647,23.57166594270337,22.203699873994047,110.73243652697997,37.22744535885269,124.64749440308267,3.9817849778804266,2,15.384615384615385,,
20250517_173431,aca,116,,,,,,,,,,,2,1,13.4,20.9,39,600,60,80,"(6.0, 6.0)",0.71,3.0,0.26666666666666666,False,116,0.01,"{'type': 'hourly', 'hourly_rates': {0: 1.59, 1: 4.38, 2: 2.38, 3: 1.15, 4: 0.84, 5: 0.76, 6: 1.0, 7: 2.25, 8: 2.86, 9: 1.94, 10: 1.23, 11: 0.85, 12: 0.55, 13: 0.37, 14: 0.21, 15: 0.13, 16: 0.08, 17: 0.05, 18: 0.04, 19: 0.04, 20: 0.12, 21: 0.24, 22: 0.41, 23: 0.53}}",False,15,0,0,5,4.0,13,,,7,7,16.512163012333914,-16.512163012333914,1,16.512163012333914,16.512163012333914,797.4891684386824,0,0.4328614665696228,0.4328614665696228,0.4328614665696228,0.7,0.875,16.799999999999997,21.0,85.71428571428571,14.285714285714285,16.512163012333914,113.92702406266892,2,3.5,1,6,1,0,0,0,0,0,0,0,12.282472714863095,20.892847491726258,4.544371213705245,24.400145477482262,16.82684392856834,32.512163012333914,29.26194571736659,5,71.42857142857143,,
20250517_173431,aca,117,,,,,,,,,,,2,1,13.4,20.9,39,600,60,80,"(6.0, 6.0)",0.71,3.0,0.26666666666666666,False,117,0.01,"{'type': 'hourly', 'hourly_rates': {0: 1.59, 1: 4.38, 2: 2.38, 3: 1.15, 4: 0.84, 5: 0.76, 6: 1.0, 7: 2.25, 8: 2.86, 9: 1.94, 10: 1.23, 11: 0.85, 12: 0.55, 13: 0.37, 14: 0.21, 15: 0.13, 16: 0.08, 17: 0.05, 18: 0.04, 19: 0.04, 20: 0.12, 21: 0.24, 22: 0.41, 23: 0.53}}",False,15,0,0,5,4.0,13,,,8,8,17.12622117362133,-17.12622117362133,1,17.12622117362133,17.12622117362133,596.7476760303439,0,0.6695098480247323,0.6695098480247323,0.6695098480247323,0.8,1.0,19.200000000000003,24.0,87.5,12.5,17.12622117362133,74.59345950379299,2,4.0,3,5,0,0,0,0,0,0,0,0,11.61673133648915,15.0790188864529,3.692590057081563,26.097328254047966,15.309321393570713,39.12622117362133,27.093334172969012,6,75.0,,
20250517_173432,aca,118,,,,,,,,,,,2,1,13.4,20.9,39,600,60,80,"(6.0, 6.0)",0.71,3.0,0.26666666666666666,False,118,0.01,"{'type': 'hourly', 'hourly_rates': {0: 1.59, 1: 4.38, 2: 2.38, 3: 1.15, 4: 0.84, 5: 0.76, 6: 1.0, 7: 2.25, 8: 2.86, 9: 1.94, 10: 1.23, 11: 0.85, 12: 0.55, 13: 0.37, 14: 0.21, 15: 0.13, 16: 0.08, 17: 0.05, 18: 0.04, 19: 0.04, 20: 0.12, 21: 0.24, 22: 0.41, 23: 0.53}}",False,15,0,0,5,4.0,13,,,5,5,17.026102866228285,-17.026102866228285,3,7.428875604978913,5.675367622076095,1195.0519784237724,0,0.616062552510461,0.616062552510461,0.616062552510461,0.5,0.625,12.0,15.0,40.0,60.0,5.675367622076095,239.01039568475449,2,2.5,2,3,0,0,0,0,0,0,0,0,13.297332768070115,15.973442565207648,4.391143355859529,7.865062197186262,17.688476123929643,20.428875604978913,1.7177416737824274,1,20.0,,
20250517_173433,aca,119,,,,,,,,,,,2,1,13.4,20.9,39,600,60,80,"(6.0, 6.0)",0.71,3.0,0.26666666666666666,False,119,0.01,"{'type': 'hourly', 'hourly_rates': {0: 1.59, 1: 4.38, 2: 2.38, 3: 1.15, 4: 0.84, 5: 0.76, 6: 1.0, 7: 2.25, 8: 2.86, 9: 1.94, 10: 1.23, 11: 0.85, 12: 0.55, 13: 0.37, 14: 0.21, 15: 0.13, 16: 0.08, 17: 0.05, 18: 0.04, 19: 0.04, 20: 0.12, 21: 0.24, 22: 0.41, 23: 0.53}}",False,15,0,0,5,4.0,13,,,21,10,1016.8184038495203,-1016.8184038495205,17,148.64075814211,59.8128472852659,2744.0314790568946,0,0.2434479268176844,0.2434479268176844,0.2434479268176844,1.0,1.25,24.0,30.0,-70.0,170.0,59.8128472852659,274.4031479056895,2,5.0,5,5,0,9,40.0,2.7777777777777777,100.0,53.11357749255734,11.846786628863137,41.266790863694204,14.514541045179172,19.449204101191498,20.218516969706158,49.375849765250166,34.73305801488533,67.49326781253188,16.27923535892839,1,10.0,,
20250517_173433,aca,120,,,,,,,,,,,2,1,13.4,20.9,39,600,60,80,"(6.0, 6.0)",0.71,3.0,0.26666666666666666,False,120,0.01,"{'type': 'hourly', 'hourly_rates': {0: 1.59, 1: 4.38, 2: 2.38, 3: 1.15, 4: 0.84, 5: 0.76, 6: 1.0, 7: 2.25, 8: 2.86, 9: 1.94, 10: 1.23, 11: 0.85, 12: 0.55, 13: 0.37, 14: 0.21, 15: 0.13, 16: 0.08, 17: 0.05, 18: 0.04, 19: 0.04, 20: 0.12, 21: 0.24, 22: 0.41, 23: 0.53}}",False,15,0,0,5,4.0,13,,,5,5,0,0,0,0,0,323.3066327222439,0,0.5831062855439859,0.5831062855439859,0.5831062855439859,0.5,0.625,12.0,15.0,100.0,0.0,0,64.66132654444877,2,2.5,1,4,0,0,0,0,0,0,0,0,15.051194204520556,24.254074649272127,2.923555156422327,11.204108932984013,17.974749360942884,25.98641802710233,28.033983012628347,3,60.0,,
20250517_173433,aca,121,,,,,,,,,,,2,1,13.4,20.9,39,600,60,80,"(6.0, 6.0)",0.71,3.0,0.26666666666666666,False,121,0.01,"{'type': 'hourly', 'hourly_rates': {0: 1.59, 1: 4.38, 2: 2.38, 3: 1.15, 4: 0.84, 5: 0.76, 6: 1.0, 7: 2.25, 8: 2.86, 9: 1.94, 10: 1.23, 11: 0.85, 12: 0.55, 13: 0.37, 14: 0.21, 15: 0.13, 16: 0.08, 17: 0.05, 18: 0.04, 19: 0.04, 20: 0.12, 21: 0.24, 22: 0.41, 23: 0.53}}",False,15,0,0,5,4.0,13,,,7,7,29.044978149738434,-29.044978149738434,2,14.707709952603274,14.522489074869217,812.5023764302333,0,0.4983038749851826,0.4983038749851826,0.4983038749851826,0.7,0.875,16.799999999999997,21.0,71.42857142857143,28.57142857142857,14.522489074869217,116.0717680614619,1,7.0,7,7,1,0,0,0,0,0,0,0,14.195984924713047,22.162912389315636,6.684874817464269,24.062945051867757,20.880859742177314,39.33726819713516,18.32037580219326,3,42.857142857142854,,
20250517_173434,aca,122,,,,,,,,,,,2,1,13.4,20.9,39,600,60,80,"(6.0, 6.0)",0.71,3.0,0.26666666666666666,False,122,0.01,"{'type': 'hourly', 'hourly_rates': {0: 1.59, 1: 4.38, 2: 2.38, 3: 1.15, 4: 0.84, 5: 0.76, 6: 1.0, 7: 2.25, 8: 2.86, 9: 1.94, 10: 1.23, 11: 0.85, 12: 0.55, 13: 0.37, 14: 0.21, 15: 0.13, 16: 0.08, 17: 0.05, 18: 0.04, 19: 0.04, 20: 0.12, 21: 0.24, 22: 0.41, 23: 0.53}}",False,15,0,0,5,4.0,13,,,11,10,81.26557627658372,-81.26557627658372,4,49.846591068185774,20.31639406914593,876.3039593125446,0,0.3080933708160308,0.3080933708160308,0.3080933708160308,1.0,1.25,24.0,30.0,60.0,40.0,20.31639406914593,87.63039593125447,2,5.0,4,6,0,1,10.0,2.0,100.0,14.995886620236092,6.702555616923405,8.293331003312687,12.550476601155358,18.78414337150511,10.646561667012403,55.062447696680664,23.197038268167763,73.84659106818577,25.77864927318188,5,50.0,,
20250517_173434,aca,123,,,,,,,,,,,2,1,13.4,20.9,39,600,60,80,"(6.0, 6.0)",0.71,3.0,0.26666666666666666,False,123,0.01,"{'type': 'hourly', 'hourly_rates': {0: 1.59, 1: 4.38, 2: 2.38, 3: 1.15, 4: 0.84, 5: 0.76, 6: 1.0, 7: 2.25, 8: 2.86, 9: 1.94, 10: 1.23, 11: 0.85, 12: 0.55, 13: 0.37, 14: 0.21, 15: 0.13, 16: 0.08, 17: 0.05, 18: 0.04, 19: 0.04, 20: 0.12, 21: 0.24, 22: 0.41, 23: 0.53}}",False,15,0,0,5,4.0,13,,,15,11,142.66893827865923,-142.66893827865923,8,40.638776895348286,17.833617284832403,1030.4339133512788,0,0.23471441121560346,0.23471441121560346,0.23471441121560346,1.1,1.375,26.400000000000002,33.0,27.27272727272727,72.72727272727273,17.833617284832403,93.67581030466171,2,5.5,4,7,0,5,36.36363636363637,2.2,100.0,16.57107994127822,0.8660335157988713,15.705046425479349,10.793634364816702,17.887375565071324,10.60543715210869,28.702733853988548,21.399071516925392,43.3924503939777,22.813615762935008,3,27.27272727272727,,
20250517_173435,aca,124,,,,,,,,,,,2,1,13.4,20.9,39,600,60,80,"(6.0, 6.0)",0.71,3.0,0.26666666666666666,False,124,0.01,"{'type': 'hourly', 'hourly_rates': {0: 1.59, 1: 4.38, 2: 2.38, 3: 1.15, 4: 0.84, 5: 0.76, 6: 1.0, 7: 2.25, 8: 2.86, 9: 1.94, 10: 1.23, 11: 0.85, 12: 0.55, 13: 0.37, 14: 0.21, 15: 0.13, 16: 0.08, 17: 0.05, 18: 0.04, 19: 0.04, 20: 0.12, 21: 0.24, 22: 0.41, 23: 0.53}}",False,15,0,0,5,4.0,13,,,10,8,94.07513984990975,-94.07513984990975,5,36.40012392648441,18.815027969981948,1005.9083467497395,0,0.2915952819959306,0.2915952819959306,0.2915952819959306,0.8,1.0,19.200000000000003,24.0,37.5,62.5,18.815027969981948,125.73854334371744,2,4.0,2,6,0,3,25.0,2.3333333333333335,100.0,23.95543374868356,0.6750532523834281,23.280380496300133,13.090369802878802,21.686407883118775,8.499735019439623,22.838310414813748,21.590104822318423,35.40012392648441,12.77108981311767,3,37.5,,
20250517_173435,aca,125,,,,,,,,,,,2,1,13.4,20.9,39,600,60,80,"(6.0, 6.0)",0.71,3.0,0.26666666666666666,False,125,0.01,"{'type': 'hourly', 'hourly_rates': {0: 1.59, 1: 4.38, 2: 2.38, 3: 1.15, 4: 0.84, 5: 0.76, 6: 1.0, 7: 2.25, 8: 2.86, 9: 1.94, 10: 1.23, 11: 0.85, 12: 0.55, 13: 0.37, 14: 0.21, 15: 0.13, 16: 0.08, 17: 0.05, 18: 0.04, 19: 0.04, 20: 0.12, 21: 0.24, 22: 0.41, 23: 0.53}}",False,15,0,0,5,4.0,13,,,18,15,388.95697978999954,-388.95697978999954,13,77.25775338307966,29.91976767615381,1754.4814314454266,0,0.28776793396147776,0.28776793396147776,0.28776793396147776,1.5,1.875,36.0,45.0,13.333333333333334,86.66666666666667,29.91976767615381,116.96542876302844,2,7.5,7,8,0,4,33.33333333333333,2.0,100.0,38.46389061896755,8.036935372237881,30.426955246729666,13.280361412231665,29.775700731568634,21.91292625753423,77.16628272268181,35.1932876697659,92.08751097176855,22.341536052055176,2,13.333333333333334,,
20250517_173436,aca,126,,,,,,,,,,,2,1,13.4,20.9,39,600,60,80,"(6.0, 6.0)",0.71,3.0,0.26666666666666666,False,126,0.01,"{'type': 'hourly', 'hourly_rates': {0: 1.59, 1: 4.38, 2: 2.38, 3: 1.15, 4: 0.84, 5: 0.76, 6: 1.0, 7: 2.25, 8: 2.86, 9: 1.94, 10: 1.23, 11: 0.85, 12: 0.55, 13: 0.37, 14: 0.21, 15: 0.13, 16: 0.08, 17: 0.05, 18: 0.04, 19: 0.04, 20: 0.12, 21: 0.24, 22: 0.41, 23: 0.53}}",False,15,0,0,5,4.0,13,,,8,8,26.347500638629697,-26.347500638629697,2,18.190884004402847,13.173750319314848,527.7420755650616,0,0.5473665179034015,0.5473665179034015,0.5473665179034015,0.8,1.0,19.200000000000003,24.0,75.0,25.0,13.173750319314848,65.9677594456327,2,4.0,4,4,1,0,0,0,0,0,0,0,15.360760139730559,20.578738499202444,6.529974968241907,22.612145505200402,21.890735107972464,43.19088400440285,38.02225730353974,3,37.5,,
20250517_173436,aca,127,,,,,,,,,,,2,1,13.4,20.9,39,600,60,80,"(6.0, 6.0)",0.71,3.0,0.26666666666666666,False,127,0.01,"{'type': 'hourly', 'hourly_rates': {0: 1.59, 1: 4.38, 2: 2.38, 3: 1.15, 4: 0.84, 5: 0.76, 6: 1.0, 7: 2.25, 8: 2.86, 9: 1.94, 10: 1.23, 11: 0.85, 12: 0.55, 13: 0.37, 14: 0.21, 15: 0.13, 16: 0.08, 17: 0.05, 18: 0.04, 19: 0.04, 20: 0.12, 21: 0.24, 22: 0.41, 23: 0.53}}",False,15,0,0,5,4.0,13,,,14,10,260.1978752858914,-260.1978752858914,10,53.679833081439824,26.01978752858914,1426.8675730740204,0,0.2632245993528814,0.2632245993528814,0.2632245993528814,1.0,1.25,24.0,30.0,0.0,100.0,26.01978752858914,142.68675730740205,2,5.0,5,5,1,5,40.0,2.2,100.0,25.63234173008746,5.609545466027659,20.022796264059803,12.40485829851233,21.552572597754704,14.928490343846107,56.71688691871128,27.333348642358438,68.67983308143982,17.565392920485507,3,30.0,,
20250517_173437,aca,128,,,,,,,,,,,2,1,13.4,20.9,39,600,60,80,"(6.0, 6.0)",0.71,3.0,0.26666666666666666,False,128,0.01,"{'type': 'hourly', 'hourly_rates': {0: 1.59, 1: 4.38, 2: 2.38, 3: 1.15, 4: 0.84, 5: 0.76, 6: 1.0, 7: 2.25, 8: 2.86, 9: 1.94, 10: 1.23, 11: 0.85, 12: 0.55, 13: 0.37, 14: 0.21, 15: 0.13, 16: 0.08, 17: 0.05, 18: 0.04, 19: 0.04, 20: 0.12, 21: 0.24, 22: 0.41, 23: 0.53}}",False,15,0,0,5,4.0,13,,,11,9,132.17980973212593,-132.17980973212593,7,32.16561856947017,18.882829961732277,982.0253630213118,0,0.17874839857832794,0.17874839857832794,0.17874839857832794,0.9,1.125,21.6,27.0,22.22222222222222,77.77777777777779,18.882829961732277,109.11392922459021,2,4.5,2,7,1,3,22.22222222222222,2.3333333333333335,100.0,15.778412218456161,6.452706329635389,9.325705888820771,13.65077493259675,15.859378847174861,10.762565920765514,28.00310111189566,24.413340853362264,43.86247995907052,17.48209636978052,4,44.44444444444444,,
20250517_173437,aca,129,,,,,,,,,,,2,1,13.4,20.9,39,600,60,80,"(6.0, 6.0)",0.71,3.0,0.26666666666666666,False,129,0.01,"{'type': 'hourly', 'hourly_rates': {0: 1.59, 1: 4.38, 2: 2.38, 3: 1.15, 4: 0.84, 5: 0.76, 6: 1.0, 7: 2.25, 8: 2.86, 9: 1.94, 10: 1.23, 11: 0.85, 12: 0.55, 13: 0.37, 14: 0.21, 15: 0.13, 16: 0.08, 17: 0.05, 18: 0.04, 19: 0.04, 20: 0.12, 21: 0.24, 22: 0.41, 23: 0.53}}",False,15,0,0,5,4.0,13,,,21,14,597.8805079971744,-597.8805079971743,13,139.18581004400068,45.99080830747495,2856.4632713815436,0,0.06155755698990668,0.06155755698990668,0.06155755698990668,1.4,1.75,33.599999999999994,42.0,7.142857142857142,92.85714285714286,45.99080830747495,204.0330908129674,2,7.0,5,9,0,11,64.28571428571429,2.3636363636363638,100.0,25.444029621020306,18.169206063123102,7.274823557897204,11.135368081033192,15.84045655578268,21.705350267735366,67.80531336954854,32.84071834876856,79.18501469505026,3.8656357943095827,2,14.285714285714285,,
20250517_173438,aca,130,,,,,,,,,,,2,1,13.4,20.9,39,600,60,80,"(6.0, 6.0)",0.71,3.0,0.26666666666666666,False,130,0.01,"{'type': 'hourly', 'hourly_rates': {0: 1.59, 1: 4.38, 2: 2.38, 3: 1.15, 4: 0.84, 5: 0.76, 6: 1.0, 7: 2.25, 8: 2.86, 9: 1.94, 10: 1.23, 11: 0.85, 12: 0.55, 13: 0.37, 14: 0.21, 15: 0.13, 16: 0.08, 17: 0.05, 18: 0.04, 19: 0.04, 20: 0.12, 21: 0.24, 22: 0.41, 23: 0.53}}",False,15,0,0,5,4.0,13,,,10,9,38.253175874160824,-38.253175874160824,4,15.668478268964577,9.563293968540206,1414.4823204144966,0,0.4746984971453383,0.4746984971453383,0.4746984971453383,0.9,1.125,21.6,27.0,55.55555555555556,44.44444444444444,9.563293968540206,157.1647022682774,2,4.5,3,6,0,1,11.11111111111111,2.0,100.0,6.572535766795227,3.9600800134206997,2.612455753374527,11.953655362136244,18.005053404527246,7.85992010646757,25.665964625365213,19.813575468603815,35.23475932473769,8.48972286481587,2,22.22222222222222,,
20250517_173438,aca,131,,,,,,,,,,,2,1,13.4,20.9,39,600,60,80,"(6.0, 6.0)",0.71,3.0,0.26666666666666666,False,131,0.01,"{'type': 'hourly', 'hourly_rates': {0: 1.59, 1: 4.38, 2: 2.38, 3: 1.15, 4: 0.84, 5: 0.76, 6: 1.0, 7: 2.25, 8: 2.86, 9: 1.94, 10: 1.23, 11: 0.85, 12: 0.55, 13: 0.37, 14: 0.21, 15: 0.13, 16: 0.08, 17: 0.05, 18: 0.04, 19: 0.04, 20: 0.12, 21: 0.24, 22: 0.41, 23: 0.53}}",False,15,0,0,5,4.0,13,,,10,10,89.59382636584293,-89.59382636584293,5,35.308099971248,17.918765273168585,926.8328091708602,0,0.40077306488580816,0.40077306488580816,0.40077306488580816,1.0,1.25,24.0,30.0,50.0,50.0,17.918765273168585,92.68328091708602,2,5.0,4,6,1,0,0,0,0,0,0,0,12.594064943371084,24.956741635610058,13.87977216752661,34.544530527230535,26.473837110897694,57.308099971248,16.9179336524304,3,30.0,,
20250517_173438,aca,132,,,,,,,,,,,2,1,13.4,20.9,39,600,60,80,"(6.0, 6.0)",0.71,3.0,0.26666666666666666,False,132,0.01,"{'type': 'hourly', 'hourly_rates': {0: 1.59, 1: 4.38, 2: 2.38, 3: 1.15, 4: 0.84, 5: 0.76, 6: 1.0, 7: 2.25, 8: 2.86, 9: 1.94, 10: 1.23, 11: 0.85, 12: 0.55, 13: 0.37, 14: 0.21, 15: 0.13, 16: 0.08, 17: 0.05, 18: 0.04, 19: 0.04, 20: 0.12, 21: 0.24, 22: 0.41, 23: 0.53}}",False,15,0,0,5,4.0,13,,,14,11,78.02512939116703,-78.02512939116703,7,25.606663509914796,11.146447055881003,902.6982119312775,0,0.2970646444551052,0.2970646444551052,0.2970646444551052,1.1,1.375,26.400000000000002,33.0,36.36363636363637,63.63636363636363,11.146447055881003,82.06347381193432,2,5.5,4,7,0,3,18.181818181818183,2.3333333333333335,100.0,6.733072662041906,5.75894643935548,0.9741262226864258,12.061159439823928,19.599439437829673,11.85695995904012,45.172771200334495,23.91811939886405,53.606663509914796,27.61461553403504,3,27.27272727272727,,
20250517_173439,aca,133,,,,,,,,,,,2,1,13.4,20.9,39,600,60,80,"(6.0, 6.0)",0.71,3.0,0.26666666666666666,False,133,0.01,"{'type': 'hourly', 'hourly_rates': {0: 1.59, 1: 4.38, 2: 2.38, 3: 1.15, 4: 0.84, 5: 0.76, 6: 1.0, 7: 2.25, 8: 2.86, 9: 1.94, 10: 1.23, 11: 0.85, 12: 0.55, 13: 0.37, 14: 0.21, 15: 0.13, 16: 0.08, 17: 0.05, 18: 0.04, 19: 0.04, 20: 0.12, 21: 0.24, 22: 0.41, 23: 0.53}}",False,15,0,0,5,4.0,13,,,9,9,7.415244453034063,-7.415244453034063,1,7.415244453034063,7.415244453034063,909.074000079295,0,0.450951657565079,0.450951657565079,0.450951657565079,0.9,1.125,21.6,27.0,88.88888888888889,11.11111111111111,7.415244453034063,101.00822223103279,2,4.5,3,6,1,0,0,0,0,0,0,0,10.26976715094803,18.31894389419574,4.678951732146008,15.376349929308216,14.948718883094038,28.415244453034063,7.6485345722589795,4,44.44444444444444,,
20250517_173439,aca,134,,,,,,,,,,,2,1,13.4,20.9,39,600,60,80,"(6.0, 6.0)",0.71,3.0,0.26666666666666666,False,134,0.01,"{'type': 'hourly', 'hourly_rates': {0: 1.59, 1: 4.38, 2: 2.38, 3: 1.15, 4: 0.84, 5: 0.76, 6: 1.0, 7: 2.25, 8: 2.86, 9: 1.94, 10: 1.23, 11: 0.85, 12: 0.55, 13: 0.37, 14: 0.21, 15: 0.13, 16: 0.08, 17: 0.05, 18: 0.04, 19: 0.04, 20: 0.12, 21: 0.24, 22: 0.41, 23: 0.53}}",False,15,0,0,5,4.0,13,,,10,8,118.43059390812823,-118.43059390812823,6,39.51541617147066,19.73843231802137,1276.2524787350153,0,0.4126594249879684,0.4126594249879684,0.4126594249879684,0.8,1.0,19.200000000000003,24.0,25.0,75.0,19.73843231802137,159.5315598418769,2,4.0,2,6,1,4,37.5,2.25,100.0,20.714219468930793,1.300195154446476,19.414024314484315,15.382288582404072,19.85159101905981,6.465415557037106,32.346632031853574,21.847704139441177,42.67545564387089,30.015743166861526,3,37.5,,
20250517_173440,aca,135,,,,,,,,,,,2,1,13.4,20.9,39,600,60,80,"(6.0, 6.0)",0.71,3.0,0.26666666666666666,False,135,0.01,"{'type': 'hourly', 'hourly_rates': {0: 1.59, 1: 4.38, 2: 2.38, 3: 1.15, 4: 0.84, 5: 0.76, 6: 1.0, 7: 2.25, 8: 2.86, 9: 1.94, 10: 1.23, 11: 0.85, 12: 0.55, 13: 0.37, 14: 0.21, 15: 0.13, 16: 0.08, 17: 0.05, 18: 0.04, 19: 0.04, 20: 0.12, 21: 0.24, 22: 0.41, 23: 0.53}}",False,15,0,0,5,4.0,13,,,8,8,29.57359824985889,-29.57359824985889,3,15.86152282087727,9.857866083286297,728.9882905674111,0,0.5179271639847749,0.5179271639847749,0.5179271639847749,0.8,1.0,19.200000000000003,24.0,62.5,37.5,9.857866083286297,91.12353632092639,2,4.0,3,5,1,0,0,0,0,0,0,0,11.950432706256292,18.950710955882883,9.17364448144761,28.391580932647898,21.124077187703904,43.861522820877255,8.724834565140739,2,25.0,,
20250517_173440,aca,136,,,,,,,,,,,2,1,13.4,20.9,39,600,60,80,"(6.0, 6.0)",0.71,3.0,0.26666666666666666,False,136,0.01,"{'type': 'hourly', 'hourly_rates': {0: 1.59, 1: 4.38, 2: 2.38, 3: 1.15, 4: 0.84, 5: 0.76, 6: 1.0, 7: 2.25, 8: 2.86, 9: 1.94, 10: 1.23, 11: 0.85, 12: 0.55, 13: 0.37, 14: 0.21, 15: 0.13, 16: 0.08, 17: 0.05, 18: 0.04, 19: 0.04, 20: 0.12, 21: 0.24, 22: 0.41, 23: 0.53}}",False,15,0,0,5,4.0,13,,,13,9,309.9993341096007,-309.9993341096007,9,68.49150681712082,34.444370456622295,1142.6630851960072,0,0.1944741540217805,0.1944741540217805,0.1944741540217805,0.9,1.125,21.6,27.0,0.0,100.0,34.444370456622295,126.96256502177857,2,4.5,4,5,1,4,22.22222222222222,2.5,100.0,45.27665084578103,7.1901221787456056,38.086528667035424,12.186574880481318,15.893028832536942,18.762438477450516,65.39412476862447,30.94901335793184,80.49150681712082,17.688915573534956,2,22.22222222222222,,
20250517_173441,aca,137,,,,,,,,,,,2,1,13.4,20.9,39,600,60,80,"(6.0, 6.0)",0.71,3.0,0.26666666666666666,False,137,0.01,"{'type': 'hourly', 'hourly_rates': {0: 1.59, 1: 4.38, 2: 2.38, 3: 1.15, 4: 0.84, 5: 0.76, 6: 1.0, 7: 2.25, 8: 2.86, 9: 1.94, 10: 1.23, 11: 0.85, 12: 0.55, 13: 0.37, 14: 0.21, 15: 0.13, 16: 0.08, 17: 0.05, 18: 0.04, 19: 0.04, 20: 0.12, 21: 0.24, 22: 0.41, 23: 0.53}}",False,15,0,0,5,4.0,13,,,12,12,45.363155826054054,-45.363155826054054,4,25.164559315903915,11.340788956513514,1127.4246559837695,0,0.2335571741772056,0.2335571741772056,0.2335571741772056,1.2,1.5,28.799999999999997,36.0,66.66666666666666,33.33333333333333,11.340788956513514,93.95205466531412,2,6.0,5,7,1,0,0,0,0,0,0,0,16.96581856258329,24.20371145832968,7.249662900694601,42.02753573086054,24.215481463277893,53.16455931590392,79.16477730861288,8,66.66666666666666,,
20250517_173441,aca,138,,,,,,,,,,,2,1,13.4,20.9,39,600,60,80,"(6.0, 6.0)",0.71,3.0,0.26666666666666666,False,138,0.01,"{'type': 'hourly', 'hourly_rates': {0: 1.59, 1: 4.38, 2: 2.38, 3: 1.15, 4: 0.84, 5: 0.76, 6: 1.0, 7: 2.25, 8: 2.86, 9: 1.94, 10: 1.23, 11: 0.85, 12: 0.55, 13: 0.37, 14: 0.21, 15: 0.13, 16: 0.08, 17: 0.05, 18: 0.04, 19: 0.04, 20: 0.12, 21: 0.24, 22: 0.41, 23: 0.53}}",False,15,0,0,5,4.0,13,,,6,6,99.34029978748833,-99.34029978748833,2,54.08806978609502,49.67014989374417,806.986150775097,0,0.5629018305152852,0.5629018305152852,0.5629018305152852,0.6,0.75,14.399999999999999,18.0,66.66666666666666,33.33333333333333,49.67014989374417,134.4976917958495,2,3.0,2,4,1,1,33.33333333333333,2.0,100.0,27.04403489304751,11.313057500348329,15.730977392699181,12.208484713264715,18.0194892321295,22.675157648169304,61.11370259442924,34.88364236143402,69.25223000139331,15.078319621374142,2,33.33333333333333,,
20250517_173442,aca,139,,,,,,,,,,,2,1,13.4,20.9,39,600,60,80,"(6.0, 6.0)",0.71,3.0,0.26666666666666666,False,139,0.01,"{'type': 'hourly', 'hourly_rates': {0: 1.59, 1: 4.38, 2: 2.38, 3: 1.15, 4: 0.84, 5: 0.76, 6: 1.0, 7: 2.25, 8: 2.86, 9: 1.94, 10: 1.23, 11: 0.85, 12: 0.55, 13: 0.37, 14: 0.21, 15: 0.13, 16: 0.08, 17: 0.05, 18: 0.04, 19: 0.04, 20: 0.12, 21: 0.24, 22: 0.41, 23: 0.53}}",False,15,0,0,5,4.0,13,,,12,10,121.35601461757551,-121.35601461757551,7,50.43551333147184,17.336573516796502,1385.484196307862,0,0.5256724656577704,0.5256724656577704,0.5256724656577704,1.0,1.25,24.0,30.0,30.0,70.0,17.336573516796502,138.5484196307862,2,5.0,5,5,1,2,20.0,2.0,100.0,10.399991395603081,12.290369147882085,-1.8903777522790044,12.999211772105577,22.217831691052993,15.879335193763893,45.60359178195901,28.878546965869468,59.43551333147184,23.853572512476724,3,30.0,,
20250517_173442,aca,140,,,,,,,,,,,2,1,13.4,20.9,39,600,60,80,"(6.0, 6.0)",0.71,3.0,0.26666666666666666,False,140,0.01,"{'type': 'hourly', 'hourly_rates': {0: 1.59, 1: 4.38, 2: 2.38, 3: 1.15, 4: 0.84, 5: 0.76, 6: 1.0, 7: 2.25, 8: 2.86, 9: 1.94, 10: 1.23, 11: 0.85, 12: 0.55, 13: 0.37, 14: 0.21, 15: 0.13, 16: 0.08, 17: 0.05, 18: 0.04, 19: 0.04, 20: 0.12, 21: 0.24, 22: 0.41, 23: 0.53}}",False,15,0,0,5,4.0,13,,,8,8,10.451204291551875,-10.451204291551875,2,7.2449096122730055,5.225602145775937,870.4440731149439,0,0.4601238711867283,0.4601238711867283,0.4601238711867283,0.8,1.0,19.200000000000003,24.0,75.0,25.0,5.225602145775937,108.80550913936798,2,4.0,4,4,1,0,0,0,0,0,0,0,13.256312792706098,22.275239618839464,7.412400241521216,16.08356039657184,20.668713034227313,29.20629467927887,10.80276413992425,1,12.5,,
20250517_173442,aca,141,,,,,,,,,,,2,1,13.4,20.9,39,600,60,80,"(6.0, 6.0)",0.71,3.0,0.26666666666666666,False,141,0.01,"{'type': 'hourly', 'hourly_rates': {0: 1.59, 1: 4.38, 2: 2.38, 3: 1.15, 4: 0.84, 5: 0.76, 6: 1.0, 7: 2.25, 8: 2.86, 9: 1.94, 10: 1.23, 11: 0.85, 12: 0.55, 13: 0.37, 14: 0.21, 15: 0.13, 16: 0.08, 17: 0.05, 18: 0.04, 19: 0.04, 20: 0.12, 21: 0.24, 22: 0.41, 23: 0.53}}",False,15,0,0,5,4.0,13,,,15,14,76.10530125979413,-76.10530125979413,6,25.76554790753471,12.684216876632355,1158.5876298140072,0,0.20546440634808197,0.20546440634808197,0.20546440634808197,1.4,1.75,33.599999999999994,42.0,57.14285714285714,42.857142857142854,12.684216876632355,82.75625927242909,2,7.0,6,8,1,1,7.142857142857142,2.0,100.0,8.497668596893078,4.5827692315463935,3.9148993653466846,13.442917343817586,20.99156765486623,9.43172350925194,32.95161270774872,22.87464085306953,48.13701891521788,13.57979962375472,5,35.714285714285715,,
20250517_173443,rl_aca,42,,,,,,,,,,,2,1,13.4,20.9,39,600,60,80,"(6.0, 6.0)",0.71,3.0,0.26666666666666666,False,42,0.01,"{'type': 'hourly', 'hourly_rates': {0: 1.59, 1: 4.38, 2: 2.38, 3: 1.15, 4: 0.84, 5: 0.76, 6: 1.0, 7: 2.25, 8: 2.86, 9: 1.94, 10: 1.23, 11: 0.85, 12: 0.55, 13: 0.37, 14: 0.21, 15: 0.13, 16: 0.08, 17: 0.05, 18: 0.04, 19: 0.04, 20: 0.12, 21: 0.24, 22: 0.41, 23: 0.53}}",False,15,3,10,3,2.0,13,,,11,4,0,0,0,0,0,282.4521225033508,9,0.7050444595219792,0.7050444595219792,0.7050444595219792,0.4,0.5,9.600000000000001,12.0,100.0,0.0,0,70.6130306258377,1,4.0,4,4,0,0,0,0,0,0,0,0,13.628427310989931,16.63509363657886,0.9363187513832907,1.5689943394260126,14.56474606237322,17.253015303201494,12.82371933389285,3,75.0,,
20250517_173444,rl_aca,43,,,,,,,,,,,2,1,13.4,20.9,39,600,60,80,"(6.0, 6.0)",0.71,3.0,0.26666666666666666,False,43,0.01,"{'type': 'hourly', 'hourly_rates': {0: 1.59, 1: 4.38, 2: 2.38, 3: 1.15, 4: 0.84, 5: 0.76, 6: 1.0, 7: 2.25, 8: 2.86, 9: 1.94, 10: 1.23, 11: 0.85, 12: 0.55, 13: 0.37, 14: 0.21, 15: 0.13, 16: 0.08, 17: 0.05, 18: 0.04, 19: 0.04, 20: 0.12, 21: 0.24, 22: 0.41, 23: 0.53}}",False,15,3,10,3,2.0,13,,,8,2,0,0,0,0,0,151.39171665272312,6,0.7534032448575889,0.7534032448575889,0.7534032448575889,0.2,0.25,4.800000000000001,6.0,100.0,0.0,0,75.69585832636156,2,1.0,1,1,1,0,0,0,0,0,0,0,14.656561142964676,15.24454505529711,0.612396341486046,0.9314227693677548,15.268957484450723,15.537914968901447,16.775207317027906,2,100.0,,
20250517_173444,rl_aca,44,,,,,,,,,,,2,1,13.4,20.9,39,600,60,80,"(6.0, 6.0)",0.71,3.0,0.26666666666666666,False,44,0.01,"{'type': 'hourly', 'hourly_rates': {0: 1.59, 1: 4.38, 2: 2.38, 3: 1.15, 4: 0.84, 5: 0.76, 6: 1.0, 7: 2.25, 8: 2.86, 9: 1.94, 10: 1.23, 11: 0.85, 12: 0.55, 13: 0.37, 14: 0.21, 15: 0.13, 16: 0.08, 17: 0.05, 18: 0.04, 19: 0.04, 20: 0.12, 21: 0.24, 22: 0.41, 23: 0.53}}",False,15,3,10,3,2.0,13,,,13,5,108.33865022203301,-108.33865022203301,5,35.91279286245188,21.667730044406603,670.4961586031172,10,0.38782183822862704,0.38782183822862704,0.38782183822862704,0.5,0.625,12.0,15.0,0.0,100.0,21.667730044406603,134.09923172062344,2,2.5,2,3,1,2,40.0,2.0,100.0,31.51475703042091,1.4176989103690307,30.09705812005188,14.57673638071895,23.13672698726552,12.624112076833793,37.642053899675915,27.20084845755274,45.91279286245188,24.888861300430023,2,40.0,,
20250517_173445,rl_aca,45,,,,,,,,,,,2,1,13.4,20.9,39,600,60,80,"(6.0, 6.0)",0.71,3.0,0.26666666666666666,False,45,0.01,"{'type': 'hourly', 'hourly_rates': {0: 1.59, 1: 4.38, 2: 2.38, 3: 1.15, 4: 0.84, 5: 0.76, 6: 1.0, 7: 2.25, 8: 2.86, 9: 1.94, 10: 1.23, 11: 0.85, 12: 0.55, 13: 0.37, 14: 0.21, 15: 0.13, 16: 0.08, 17: 0.05, 18: 0.04, 19: 0.04, 20: 0.12, 21: 0.24, 22: 0.41, 23: 0.53}}",False,15,3,10,3,2.0,13,,,19,4,2.4201534947909806,-2.4201534947909806,1,2.4201534947909806,2.4201534947909806,495.80060285269604,15,0.5552524010786926,0.5552524010786926,0.5552524010786926,0.4,0.5,9.600000000000001,12.0,75.0,25.0,2.4201534947909806,123.95015071317401,1,4.0,4,4,0,0,0,0,0,0,0,0,15.093558431520533,25.81215418832207,1.021415967660841,2.9570557723937725,16.114974399181374,26.42015349479098,13.87271632700677,2,50.0,,
20250517_173446,rl_aca,46,,,,,,,,,,,2,1,13.4,20.9,39,600,60,80,"(6.0, 6.0)",0.71,3.0,0.26666666666666666,False,46,0.01,"{'type': 'hourly', 'hourly_rates': {0: 1.59, 1: 4.38, 2: 2.38, 3: 1.15, 4: 0.84, 5: 0.76, 6: 1.0, 7: 2.25, 8: 2.86, 9: 1.94, 10: 1.23, 11: 0.85, 12: 0.55, 13: 0.37, 14: 0.21, 15: 0.13, 16: 0.08, 17: 0.05, 18: 0.04, 19: 0.04, 20: 0.12, 21: 0.24, 22: 0.41, 23: 0.53}}",False,15,3,10,3,2.0,13,,,12,6,3.663184686676942,-3.663184686676942,2,3.630303687269844,1.831592343338471,715.6863479415891,9,0.44971441446810123,0.44971441446810123,0.44971441446810123,0.6,0.75,14.399999999999999,18.0,66.66666666666666,33.33333333333333,1.831592343338471,119.28105799026486,2,3.0,2,4,0,1,16.666666666666664,2.0,100.0,0.0,0.0065761998814195975,-0.0065761998814195975,14.489873271758945,21.61474449333633,2.183272268649508,6.612816130844152,16.673145540408452,22.04769200647783,24.39937008751272,4,66.66666666666666,,
20250517_173446,rl_aca,47,,,,,,,,,,,2,1,13.4,20.9,39,600,60,80,"(6.0, 6.0)",0.71,3.0,0.26666666666666666,False,47,0.01,"{'type': 'hourly', 'hourly_rates': {0: 1.59, 1: 4.38, 2: 2.38, 3: 1.15, 4: 0.84, 5: 0.76, 6: 1.0, 7: 2.25, 8: 2.86, 9: 1.94, 10: 1.23, 11: 0.85, 12: 0.55, 13: 0.37, 14: 0.21, 15: 0.13, 16: 0.08, 17: 0.05, 18: 0.04, 19: 0.04, 20: 0.12, 21: 0.24, 22: 0.41, 23: 0.53}}",False,15,3,10,3,2.0,13,,,10,5,19.46265249227885,-19.46265249227885,2,17.341287582119605,9.731326246139425,588.5256562133883,7,0.5281032900967753,0.5281032900967753,0.5281032900967753,0.5,0.625,12.0,15.0,60.0,40.0,9.731326246139425,117.70513124267765,2,2.5,2,3,0,0,0,0,0,0,0,0,13.935651836875213,19.664688961149693,7.607593090563041,36.488188969474194,21.543244927438256,45.341287582119605,19.450223516658987,4,80.0,,
20250517_173447,rl_aca,48,,,,,,,,,,,2,1,13.4,20.9,39,600,60,80,"(6.0, 6.0)",0.71,3.0,0.26666666666666666,False,48,0.01,"{'type': 'hourly', 'hourly_rates': {0: 1.59, 1: 4.38, 2: 2.38, 3: 1.15, 4: 0.84, 5: 0.76, 6: 1.0, 7: 2.25, 8: 2.86, 9: 1.94, 10: 1.23, 11: 0.85, 12: 0.55, 13: 0.37, 14: 0.21, 15: 0.13, 16: 0.08, 17: 0.05, 18: 0.04, 19: 0.04, 20: 0.12, 21: 0.24, 22: 0.41, 23: 0.53}}",False,15,3,10,3,2.0,13,,,13,5,32.98391124244719,-32.98391124244719,3,19.095368828613005,10.99463708081573,567.6713314504445,10,0.43228149912280495,0.43228149912280495,0.43228149912280495,0.5,0.625,12.0,15.0,40.0,60.0,10.99463708081573,113.53426629008891,2,2.5,2,3,0,1,20.0,2.0,100.0,12.426109215231946,0.3656082996505603,12.060500915581386,14.791239623603563,26.355292018407994,2.521393130389087,10.77185615325866,17.31263275399265,26.46243319860224,22.830887756084337,2,40.0,,
20250517_173448,rl_aca,49,,,,,,,,,,,2,1,13.4,20.9,39,600,60,80,"(6.0, 6.0)",0.71,3.0,0.26666666666666666,False,49,0.01,"{'type': 'hourly', 'hourly_rates': {0: 1.59, 1: 4.38, 2: 2.38, 3: 1.15, 4: 0.84, 5: 0.76, 6: 1.0, 7: 2.25, 8: 2.86, 9: 1.94, 10: 1.23, 11: 0.85, 12: 0.55, 13: 0.37, 14: 0.21, 15: 0.13, 16: 0.08, 17: 0.05, 18: 0.04, 19: 0.04, 20: 0.12, 21: 0.24, 22: 0.41, 23: 0.53}}",False,15,3,10,3,2.0,13,,,12,4,4.716820310495393,-4.716820310495393,1,4.716820310495393,4.716820310495393,428.61084659597765,9,0.6923203290616724,0.6923203290616724,0.6923203290616724,0.4,0.5,9.600000000000001,12.0,75.0,25.0,4.716820310495393,107.15271164899441,2,2.0,1,3,1,0,0,0,0,0,0,0,13.06986022636741,20.03507424706629,2.8517438831803825,5.663180311274559,15.921604109547793,20.716820310495393,14.508708687226061,2,50.0,,
20250517_173448,rl_aca,50,,,,,,,,,,,2,1,13.4,20.9,39,600,60,80,"(6.0, 6.0)",0.71,3.0,0.26666666666666666,False,50,0.01,"{'type': 'hourly', 'hourly_rates': {0: 1.59, 1: 4.38, 2: 2.38, 3: 1.15, 4: 0.84, 5: 0.76, 6: 1.0, 7: 2.25, 8: 2.86, 9: 1.94, 10: 1.23, 11: 0.85, 12: 0.55, 13: 0.37, 14: 0.21, 15: 0.13, 16: 0.08, 17: 0.05, 18: 0.04, 19: 0.04, 20: 0.12, 21: 0.24, 22: 0.41, 23: 0.53}}",False,15,3,10,3,2.0,13,,,5,2,0,0,0,0,0,173.46829926622277,3,0.7582051631714787,0.7582051631714787,0.7582051631714787,0.2,0.25,4.800000000000001,6.0,100.0,0.0,0,86.73414963311139,2,1.0,1,1,0,0,0,0,0,0,0,0,9.90882591523674,12.741753471209911,1.3936284640430534,1.9241016407364295,11.302454379279794,13.604908758559588,1.1368447126503227,1,50.0,,
20250517_173449,rl_aca,51,,,,,,,,,,,2,1,13.4,20.9,39,600,60,80,"(6.0, 6.0)",0.71,3.0,0.26666666666666666,False,51,0.01,"{'type': 'hourly', 'hourly_rates': {0: 1.59, 1: 4.38, 2: 2.38, 3: 1.15, 4: 0.84, 5: 0.76, 6: 1.0, 7: 2.25, 8: 2.86, 9: 1.94, 10: 1.23, 11: 0.85, 12: 0.55, 13: 0.37, 14: 0.21, 15: 0.13, 16: 0.08, 17: 0.05, 18: 0.04, 19: 0.04, 20: 0.12, 21: 0.24, 22: 0.41, 23: 0.53}}",False,15,3,10,3,2.0,13,,,9,4,0,0,0,0,0,559.3340801090279,6,0.6142065856047371,0.6142065856047371,0.6142065856047371,0.4,0.5,9.600000000000001,12.0,100.0,0.0,0,139.83352002725698,2,2.0,1,3,1,1,25.0,2.0,100.0,0.0,0.0,0.0,11.237595301642116,13.38923213764172,2.8671232625478558,5.378578538350919,14.104718564189971,17,3.7420354289344573,2,50.0,,
20250517_173449,rl_aca,52,,,,,,,,,,,2,1,13.4,20.9,39,600,60,80,"(6.0, 6.0)",0.71,3.0,0.26666666666666666,False,52,0.01,"{'type': 'hourly', 'hourly_rates': {0: 1.59, 1: 4.38, 2: 2.38, 3: 1.15, 4: 0.84, 5: 0.76, 6: 1.0, 7: 2.25, 8: 2.86, 9: 1.94, 10: 1.23, 11: 0.85, 12: 0.55, 13: 0.37, 14: 0.21, 15: 0.13, 16: 0.08, 17: 0.05, 18: 0.04, 19: 0.04, 20: 0.12, 21: 0.24, 22: 0.41, 23: 0.53}}",False,15,3,10,3,2.0,13,,,7,3,14.299137696292604,-14.299137696292604,2,13,7.149568848146302,887.2430906193943,5,0.5525857200015108,0.5525857200015108,0.5525857200015108,0.3,0.375,7.199999999999999,9.0,33.33333333333333,66.66666666666666,7.149568848146302,295.7476968731314,1,3.0,3,3,0,0,0,0,0,0,0,0,12.099612454182969,15.351551580503859,9.171302316002574,18.309845693058193,21.270914770185545,26.299137696292597,4.444387164546612,1,33.33333333333333,,
20250517_173450,rl_aca,53,,,,,,,,,,,2,1,13.4,20.9,39,600,60,80,"(6.0, 6.0)",0.71,3.0,0.26666666666666666,False,53,0.01,"{'type': 'hourly', 'hourly_rates': {0: 1.59, 1: 4.38, 2: 2.38, 3: 1.15, 4: 0.84, 5: 0.76, 6: 1.0, 7: 2.25, 8: 2.86, 9: 1.94, 10: 1.23, 11: 0.85, 12: 0.55, 13: 0.37, 14: 0.21, 15: 0.13, 16: 0.08, 17: 0.05, 18: 0.04, 19: 0.04, 20: 0.12, 21: 0.24, 22: 0.41, 23: 0.53}}",False,15,3,10,3,2.0,13,,,14,3,18.74283009472397,-18.74283009472397,1,18.74283009472397,18.74283009472397,314.0033216283882,12,0.6482641597429221,0.6482641597429221,0.6482641597429221,0.3,0.375,7.199999999999999,9.0,66.66666666666666,33.33333333333333,18.74283009472397,104.6677738761294,2,1.5,1,2,0,2,33.33333333333333,2.0,100.0,0.0,9.371415047361985,-9.371415047361985,14.238928318800419,16.556921519483907,8.756599290115647,25.185908575240063,22.995527608916063,41.74283009472397,9.916110704893125,2,66.66666666666666,,
20250517_173451,rl_aca,54,,,,,,,,,,,2,1,13.4,20.9,39,600,60,80,"(6.0, 6.0)",0.71,3.0,0.26666666666666666,False,54,0.01,"{'type': 'hourly', 'hourly_rates': {0: 1.59, 1: 4.38, 2: 2.38, 3: 1.15, 4: 0.84, 5: 0.76, 6: 1.0, 7: 2.25, 8: 2.86, 9: 1.94, 10: 1.23, 11: 0.85, 12: 0.55, 13: 0.37, 14: 0.21, 15: 0.13, 16: 0.08, 17: 0.05, 18: 0.04, 19: 0.04, 20: 0.12, 21: 0.24, 22: 0.41, 23: 0.53}}",False,15,3,10,3,2.0,13,,,9,3,0.5730691219537505,-0.5730691219537505,1,0.5730691219537505,0.5730691219537505,490.60267906286833,6,0.6539962428882493,0.6539962428882493,0.6539962428882493,0.3,0.375,7.199999999999999,9.0,66.66666666666666,33.33333333333333,0.5730691219537505,163.53422635428944,2,1.5,1,2,1,1,33.33333333333333,2.0,100.0,0.5730691219537505,0.0,0.5730691219537505,10.248878779530903,15.895319820882264,3.3589508020959697,8.633311166342168,13.607829581626874,17.25041962292687,8.322250698928514,1,33.33333333333333,,
20250517_173452,rl_aca,55,,,,,,,,,,,2,1,13.4,20.9,39,600,60,80,"(6.0, 6.0)",0.71,3.0,0.26666666666666666,False,55,0.01,"{'type': 'hourly', 'hourly_rates': {0: 1.59, 1: 4.38, 2: 2.38, 3: 1.15, 4: 0.84, 5: 0.76, 6: 1.0, 7: 2.25, 8: 2.86, 9: 1.94, 10: 1.23, 11: 0.85, 12: 0.55, 13: 0.37, 14: 0.21, 15: 0.13, 16: 0.08, 17: 0.05, 18: 0.04, 19: 0.04, 20: 0.12, 21: 0.24, 22: 0.41, 23: 0.53}}",False,15,3,10,3,2.0,13,,,11,1,0,0,0,0,0,175.58795271245904,10,0.8494484978237509,0.8494484978237509,0.8494484978237509,0.1,0.125,2.4000000000000004,3.0,100.0,0.0,0,175.58795271245904,1,1.0,1,1,1,0,0,0,0,0,0,0,6.887057271178484,6.887057271178484,9.112942728821515,9.112942728821515,16.0,16,0.0,0,0.0,,
20250517_173452,rl_aca,56,,,,,,,,,,,2,1,13.4,20.9,39,600,60,80,"(6.0, 6.0)",0.71,3.0,0.26666666666666666,False,56,0.01,"{'type': 'hourly', 'hourly_rates': {0: 1.59, 1: 4.38, 2: 2.38, 3: 1.15, 4: 0.84, 5: 0.76, 6: 1.0, 7: 2.25, 8: 2.86, 9: 1.94, 10: 1.23, 11: 0.85, 12: 0.55, 13: 0.37, 14: 0.21, 15: 0.13, 16: 0.08, 17: 0.05, 18: 0.04, 19: 0.04, 20: 0.12, 21: 0.24, 22: 0.41, 23: 0.53}}",False,15,3,10,3,2.0,13,,,10,5,83.57456643421048,-83.57456643421048,5,29.76207757137246,16.714913286842098,645.3968102295544,7,0.5230637478993934,0.5230637478993934,0.5230637478993934,0.5,0.625,12.0,15.0,0.0,100.0,16.714913286842098,129.07936204591087,2,2.5,1,4,0,2,40.0,2.5,100.0,24.680700461733068,0.0,24.680700461733068,15.214863862395688,17.904820851693955,5.268121767169991,15.549355012418104,20.482985629565682,31.762077571372473,3.186502575466193,1,20.0,,
20250517_173453,rl_aca,57,,,,,,,,,,,2,1,13.4,20.9,39,600,60,80,"(6.0, 6.0)",0.71,3.0,0.26666666666666666,False,57,0.01,"{'type': 'hourly', 'hourly_rates': {0: 1.59, 1: 4.38, 2: 2.38, 3: 1.15, 4: 0.84, 5: 0.76, 6: 1.0, 7: 2.25, 8: 2.86, 9: 1.94, 10: 1.23, 11: 0.85, 12: 0.55, 13: 0.37, 14: 0.21, 15: 0.13, 16: 0.08, 17: 0.05, 18: 0.04, 19: 0.04, 20: 0.12, 21: 0.24, 22: 0.41, 23: 0.53}}",False,15,3,10,3,2.0,13,,,12,6,6.603743306747219,-6.603743306747219,1,6.603743306747219,6.603743306747219,544.9900206590146,9,0.49636329388371225,0.49636329388371225,0.49636329388371225,0.6,0.75,14.399999999999999,18.0,83.33333333333334,16.666666666666664,6.603743306747219,90.83167010983577,2,3.0,2,4,0,1,16.666666666666664,2.0,100.0,0.0,1.320748661349444,-1.320748661349444,11.166793376886583,16.627518279654822,5.040255459209921,16.61989636725403,16.207048836096504,26.603743306747248,16.130717948544973,3,50.0,,
20250517_173454,rl_aca,58,,,,,,,,,,,2,1,13.4,20.9,39,600,60,80,"(6.0, 6.0)",0.71,3.0,0.26666666666666666,False,58,0.01,"{'type': 'hourly', 'hourly_rates': {0: 1.59, 1: 4.38, 2: 2.38, 3: 1.15, 4: 0.84, 5: 0.76, 6: 1.0, 7: 2.25, 8: 2.86, 9: 1.94, 10: 1.23, 11: 0.85, 12: 0.55, 13: 0.37, 14: 0.21, 15: 0.13, 16: 0.08, 17: 0.05, 18: 0.04, 19: 0.04, 20: 0.12, 21: 0.24, 22: 0.41, 23: 0.53}}",False,15,3,10,3,2.0,13,,,15,3,0,0,0,0,0,155.52866195621644,13,0.8213426102349091,0.8213426102349091,0.8213426102349091,0.3,0.375,7.199999999999999,9.0,100.0,0.0,0,51.84288731873881,1,3.0,3,3,1,0,0,0,0,0,0,0,8.40253511658713,9.764489378697668,1.430940694431828,4.050698958601572,9.833475811018957,12.176352451354091,1.764489378697668,1,33.33333333333333,,
20250517_173455,rl_aca,59,,,,,,,,,,,2,1,13.4,20.9,39,600,60,80,"(6.0, 6.0)",0.71,3.0,0.26666666666666666,False,59,0.01,"{'type': 'hourly', 'hourly_rates': {0: 1.59, 1: 4.38, 2: 2.38, 3: 1.15, 4: 0.84, 5: 0.76, 6: 1.0, 7: 2.25, 8: 2.86, 9: 1.94, 10: 1.23, 11: 0.85, 12: 0.55, 13: 0.37, 14: 0.21, 15: 0.13, 16: 0.08, 17: 0.05, 18: 0.04, 19: 0.04, 20: 0.12, 21: 0.24, 22: 0.41, 23: 0.53}}",False,15,3,10,3,2.0,13,,,17,6,89.03665576276398,-89.03665576276398,5,27.813416880978394,17.8073311525528,859.721224841569,12,0.34936691775648243,0.34936691775648243,0.34936691775648243,0.6,0.75,14.399999999999999,18.0,16.666666666666664,83.33333333333334,17.8073311525528,143.28687080692816,2,3.0,1,5,1,4,33.33333333333333,2.25,100.0,17.62636143587713,0.0,17.62636143587713,10.967123077835344,17.050831542186074,3.924690636930795,13.868612682663013,14.891813714766139,22.898538207146032,6.137878978174015,2,33.33333333333333,,
20250517_173455,rl_aca,60,,,,,,,,,,,2,1,13.4,20.9,39,600,60,80,"(6.0, 6.0)",0.71,3.0,0.26666666666666666,False,60,0.01,"{'type': 'hourly', 'hourly_rates': {0: 1.59, 1: 4.38, 2: 2.38, 3: 1.15, 4: 0.84, 5: 0.76, 6: 1.0, 7: 2.25, 8: 2.86, 9: 1.94, 10: 1.23, 11: 0.85, 12: 0.55, 13: 0.37, 14: 0.21, 15: 0.13, 16: 0.08, 17: 0.05, 18: 0.04, 19: 0.04, 20: 0.12, 21: 0.24, 22: 0.41, 23: 0.53}}",False,15,3,10,3,2.0,13,,,7,6,0,0,0,0,0,534.0745856841221,2,0.498872885154341,0.498872885154341,0.498872885154341,0.6,0.75,14.399999999999999,18.0,100.0,0.0,0,89.01243094735368,2,3.0,1,5,0,0,0,0,0,0,0,0,11.624365105597652,16.47810171833747,1.7633583300261126,6.435303494780499,13.387723435623764,17.306437297219503,28.169297225524915,3,50.0,,
20250517_173456,rl_aca,61,,,,,,,,,,,2,1,13.4,20.9,39,600,60,80,"(6.0, 6.0)",0.71,3.0,0.26666666666666666,False,61,0.01,"{'type': 'hourly', 'hourly_rates': {0: 1.59, 1: 4.38, 2: 2.38, 3: 1.15, 4: 0.84, 5: 0.76, 6: 1.0, 7: 2.25, 8: 2.86, 9: 1.94, 10: 1.23, 11: 0.85, 12: 0.55, 13: 0.37, 14: 0.21, 15: 0.13, 16: 0.08, 17: 0.05, 18: 0.04, 19: 0.04, 20: 0.12, 21: 0.24, 22: 0.41, 23: 0.53}}",False,15,3,10,3,2.0,13,,,12,4,0,0,0,0,0,157.67694772500369,8,0.6746823208651788,0.6746823208651788,0.6746823208651788,0.4,0.5,9.600000000000001,12.0,100.0,0.0,0,39.41923693125092,1,4.0,4,4,0,0,0,0,0,0,0,0,10.285426156107407,14.951491579643054,0.34222949560093063,0.9587169496473251,10.627655651708338,15.169801375462043,16.631082017596277,4,100.0,,
20250517_173457,rl_aca,62,,,,,,,,,,,2,1,13.4,20.9,39,600,60,80,"(6.0, 6.0)",0.71,3.0,0.26666666666666666,False,62,0.01,"{'type': 'hourly', 'hourly_rates': {0: 1.59, 1: 4.38, 2: 2.38, 3: 1.15, 4: 0.84, 5: 0.76, 6: 1.0, 7: 2.25, 8: 2.86, 9: 1.94, 10: 1.23, 11: 0.85, 12: 0.55, 13: 0.37, 14: 0.21, 15: 0.13, 16: 0.08, 17: 0.05, 18: 0.04, 19: 0.04, 20: 0.12, 21: 0.24, 22: 0.41, 23: 0.53}}",False,15,3,10,3,2.0,13,,,11,2,20.69954601485938,-20.69954601485938,2,13.69954601485938,10.34977300742969,940.5348026322511,9,0.6954382765017325,0.6954382765017325,0.6954382765017325,0.2,0.25,4.800000000000001,6.0,0.0,100.0,10.34977300742969,470.26740131612553,1,2.0,2,2,0,0,0,0,0,0,0,0,13.40644625064641,13.98795769717239,6.94332675678328,13.711588317686989,20.34977300742969,27.69954601485938,0.8249348041204279,1,50.0,,
20250517_173458,rl_aca,63,,,,,,,,,,,2,1,13.4,20.9,39,600,60,80,"(6.0, 6.0)",0.71,3.0,0.26666666666666666,False,63,0.01,"{'type': 'hourly', 'hourly_rates': {0: 1.59, 1: 4.38, 2: 2.38, 3: 1.15, 4: 0.84, 5: 0.76, 6: 1.0, 7: 2.25, 8: 2.86, 9: 1.94, 10: 1.23, 11: 0.85, 12: 0.55, 13: 0.37, 14: 0.21, 15: 0.13, 16: 0.08, 17: 0.05, 18: 0.04, 19: 0.04, 20: 0.12, 21: 0.24, 22: 0.41, 23: 0.53}}",False,15,3,10,3,2.0,13,,,12,4,34.815011097050885,-34.815011097050885,2,19.922067779064022,17.407505548525442,564.7833916229006,8,0.4514407811646025,0.4514407811646025,0.4514407811646025,0.4,0.5,9.600000000000001,12.0,50.0,50.0,17.407505548525442,141.19584790572515,1,4.0,4,4,0,1,25.0,2.0,100.0,14.892943317986862,0.0,14.892943317986862,14.14697586404334,18.535051709784028,3.093463795029895,7.525050678972254,17.240439659073235,21.89294331798685,12.698153023757754,2,50.0,,
20250517_173459,rl_aca,64,,,,,,,,,,,2,1,13.4,20.9,39,600,60,80,"(6.0, 6.0)",0.71,3.0,0.26666666666666666,False,64,0.01,"{'type': 'hourly', 'hourly_rates': {0: 1.59, 1: 4.38, 2: 2.38, 3: 1.15, 4: 0.84, 5: 0.76, 6: 1.0, 7: 2.25, 8: 2.86, 9: 1.94, 10: 1.23, 11: 0.85, 12: 0.55, 13: 0.37, 14: 0.21, 15: 0.13, 16: 0.08, 17: 0.05, 18: 0.04, 19: 0.04, 20: 0.12, 21: 0.24, 22: 0.41, 23: 0.53}}",False,15,3,10,3,2.0,13,,,16,5,90.97061605497277,-90.97061605497277,4,39.54514561724753,22.74265401374319,1439.51054927261,13,0.3652534675463527,0.3652534675463527,0.3652534675463527,0.5,0.625,12.0,15.0,20.0,80.0,22.74265401374319,287.902109854522,2,2.5,2,3,1,3,60.0,2.0,100.0,15.101075612911577,3.061121799495254,12.039953813416323,13.070035367388602,18.468071783869842,8.601670180556232,16.72741398229107,21.671705547944832,27.330377441549047,9.468071783869842,1,20.0,,
20250517_173459,rl_aca,65,,,,,,,,,,,2,1,13.4,20.9,39,600,60,80,"(6.0, 6.0)",0.71,3.0,0.26666666666666666,False,65,0.01,"{'type': 'hourly', 'hourly_rates': {0: 1.59, 1: 4.38, 2: 2.38, 3: 1.15, 4: 0.84, 5: 0.76, 6: 1.0, 7: 2.25, 8: 2.86, 9: 1.94, 10: 1.23, 11: 0.85, 12: 0.55, 13: 0.37, 14: 0.21, 15: 0.13, 16: 0.08, 17: 0.05, 18: 0.04, 19: 0.04, 20: 0.12, 21: 0.24, 22: 0.41, 23: 0.53}}",False,15,3,10,3,2.0,13,,,17,3,4.846842463249288,-4.846842463249288,1,4.846842463249288,4.846842463249288,208.2762935052689,14,0.719630230925632,0.719630230925632,0.719630230925632,0.3,0.375,7.199999999999999,9.0,66.66666666666666,33.33333333333333,4.846842463249288,69.42543116842297,1,3.0,3,3,1,0,0,0,0,0,0,0,15.242794413335602,24.14162089048675,0.9655003692602122,1.6845024895235383,16.208294782595814,24.846842463249303,21.7880013817429,2,66.66666666666666,,
20250517_173500,rl_aca,66,,,,,,,,,,,2,1,13.4,20.9,39,600,60,80,"(6.0, 6.0)",0.71,3.0,0.26666666666666666,False,66,0.01,"{'type': 'hourly', 'hourly_rates': {0: 1.59, 1: 4.38, 2: 2.38, 3: 1.15, 4: 0.84, 5: 0.76, 6: 1.0, 7: 2.25, 8: 2.86, 9: 1.94, 10: 1.23, 11: 0.85, 12: 0.55, 13: 0.37, 14: 0.21, 15: 0.13, 16: 0.08, 17: 0.05, 18: 0.04, 19: 0.04, 20: 0.12, 21: 0.24, 22: 0.41, 23: 0.53}}",False,15,3,10,3,2.0,13,,,16,2,0,0,0,0,0,142.19898009266004,14,0.7316358302379928,0.7316358302379928,0.7316358302379928,0.2,0.25,4.800000000000001,6.0,100.0,0.0,0,71.09949004633002,1,2.0,2,2,1,0,0,0,0,0,0,0,11.98895264255772,20.32389527797381,4.215322320601153,7.754539919176118,16.204274963158873,21,13.323895277973811,1,50.0,,
20250517_173501,rl_aca,67,,,,,,,,,,,2,1,13.4,20.9,39,600,60,80,"(6.0, 6.0)",0.71,3.0,0.26666666666666666,False,67,0.01,"{'type': 'hourly', 'hourly_rates': {0: 1.59, 1: 4.38, 2: 2.38, 3: 1.15, 4: 0.84, 5: 0.76, 6: 1.0, 7: 2.25, 8: 2.86, 9: 1.94, 10: 1.23, 11: 0.85, 12: 0.55, 13: 0.37, 14: 0.21, 15: 0.13, 16: 0.08, 17: 0.05, 18: 0.04, 19: 0.04, 20: 0.12, 21: 0.24, 22: 0.41, 23: 0.53}}",False,15,3,10,3,2.0,13,,,10,3,0,0,0,0,0,270.2217096085003,7,0.6640253817794635,0.6640253817794635,0.6640253817794635,0.3,0.375,7.199999999999999,9.0,100.0,0.0,0,90.07390320283343,2,1.5,1,2,1,0,0,0,0,0,0,0,13.9502219731309,18.62925187589079,0.3771271318492744,0.6578451591525365,14.327349104980172,19,15.868618604452177,3,100.0,,
20250517_173501,rl_aca,68,,,,,,,,,,,2,1,13.4,20.9,39,600,60,80,"(6.0, 6.0)",0.71,3.0,0.26666666666666666,False,68,0.01,"{'type': 'hourly', 'hourly_rates': {0: 1.59, 1: 4.38, 2: 2.38, 3: 1.15, 4: 0.84, 5: 0.76, 6: 1.0, 7: 2.25, 8: 2.86, 9: 1.94, 10: 1.23, 11: 0.85, 12: 0.55, 13: 0.37, 14: 0.21, 15: 0.13, 16: 0.08, 17: 0.05, 18: 0.04, 19: 0.04, 20: 0.12, 21: 0.24, 22: 0.41, 23: 0.53}}",False,15,3,10,3,2.0,13,,,12,5,67.12250756326918,-67.12250756326918,5,31.29966265325025,13.424501512653837,1363.2994040466795,9,0.31224208952611665,0.31224208952611665,0.31224208952611665,0.5,0.625,12.0,15.0,0.0,100.0,13.424501512653837,272.6598808093359,2,2.5,1,4,0,2,40.0,2.0,100.0,22.24181513819196,1.4439906034504493,20.797824534741512,13.858941267790328,23.555211437256304,2.332714268727731,5.628756185877364,16.19165553651806,29.183967623133668,0.43216878341964815,1,20.0,,
20250517_173502,rl_aca,69,,,,,,,,,,,2,1,13.4,20.9,39,600,60,80,"(6.0, 6.0)",0.71,3.0,0.26666666666666666,False,69,0.01,"{'type': 'hourly', 'hourly_rates': {0: 1.59, 1: 4.38, 2: 2.38, 3: 1.15, 4: 0.84, 5: 0.76, 6: 1.0, 7: 2.25, 8: 2.86, 9: 1.94, 10: 1.23, 11: 0.85, 12: 0.55, 13: 0.37, 14: 0.21, 15: 0.13, 16: 0.08, 17: 0.05, 18: 0.04, 19: 0.04, 20: 0.12, 21: 0.24, 22: 0.41, 23: 0.53}}",False,15,3,10,3,2.0,13,,,13,3,0,0,0,0,0,404.8987550404283,10,0.6588796868653034,0.6588796868653034,0.6588796868653034,0.3,0.375,7.199999999999999,9.0,100.0,0.0,0,134.96625168014276,1,3.0,3,3,1,0,0,0,0,0,0,0,11.346211462158811,17.434663884421784,3.813690105528876,10.617484731365721,15.159901567687688,18,9.176414414779092,2,66.66666666666666,,
20250517_173503,rl_aca,70,,,,,,,,,,,2,1,13.4,20.9,39,600,60,80,"(6.0, 6.0)",0.71,3.0,0.26666666666666666,False,70,0.01,"{'type': 'hourly', 'hourly_rates': {0: 1.59, 1: 4.38, 2: 2.38, 3: 1.15, 4: 0.84, 5: 0.76, 6: 1.0, 7: 2.25, 8: 2.86, 9: 1.94, 10: 1.23, 11: 0.85, 12: 0.55, 13: 0.37, 14: 0.21, 15: 0.13, 16: 0.08, 17: 0.05, 18: 0.04, 19: 0.04, 20: 0.12, 21: 0.24, 22: 0.41, 23: 0.53}}",False,15,3,10,3,2.0,13,,,16,4,54.295694902282385,-54.295694902282385,3,26.024728042561406,18.09856496742746,656.4991464949144,14,0.44713953396801165,0.44713953396801165,0.44713953396801165,0.4,0.5,9.600000000000001,12.0,25.0,75.0,18.09856496742746,164.1247866237286,1,4.0,4,4,1,1,25.0,2.0,100.0,26.024728042561406,4.646905487101503,21.377822555459904,14.311565779451252,17.08324334947964,8.117217913291867,25.24736369134099,22.428783692743117,38.94071646130451,18.693302857154475,2,50.0,,
20250517_173504,rl_aca,71,,,,,,,,,,,2,1,13.4,20.9,39,600,60,80,"(6.0, 6.0)",0.71,3.0,0.26666666666666666,False,71,0.01,"{'type': 'hourly', 'hourly_rates': {0: 1.59, 1: 4.38, 2: 2.38, 3: 1.15, 4: 0.84, 5: 0.76, 6: 1.0, 7: 2.25, 8: 2.86, 9: 1.94, 10: 1.23, 11: 0.85, 12: 0.55, 13: 0.37, 14: 0.21, 15: 0.13, 16: 0.08, 17: 0.05, 18: 0.04, 19: 0.04, 20: 0.12, 21: 0.24, 22: 0.41, 23: 0.53}}",False,15,3,10,3,2.0,13,,,16,4,55.6076776223579,-55.6076776223579,3,23.96075571545606,18.535892540785966,750.339996024581,13,0.5719588515744415,0.5719588515744415,0.5719588515744415,0.4,0.5,9.600000000000001,12.0,25.0,75.0,18.535892540785966,187.58499900614524,2,2.0,1,3,0,1,25.0,2.0,100.0,15.946121210343819,5.2336002321860065,10.712520978157812,12.562649201544925,15.687625546318728,5.532699702445367,14.013175150239306,18.095348903990292,29.700800696558034,6.225865877220599,1,25.0,,
20250517_173504,rl_aca,72,,,,,,,,,,,2,1,13.4,20.9,39,600,60,80,"(6.0, 6.0)",0.71,3.0,0.26666666666666666,False,72,0.01,"{'type': 'hourly', 'hourly_rates': {0: 1.59, 1: 4.38, 2: 2.38, 3: 1.15, 4: 0.84, 5: 0.76, 6: 1.0, 7: 2.25, 8: 2.86, 9: 1.94, 10: 1.23, 11: 0.85, 12: 0.55, 13: 0.37, 14: 0.21, 15: 0.13, 16: 0.08, 17: 0.05, 18: 0.04, 19: 0.04, 20: 0.12, 21: 0.24, 22: 0.41, 23: 0.53}}",False,15,3,10,3,2.0,13,,,11,4,0,0,0,0,0,423.85642116978084,8,0.6765063746993611,0.6765063746993611,0.6765063746993611,0.4,0.5,9.600000000000001,12.0,100.0,0.0,0,105.96410529244521,1,4.0,4,4,1,0,0,0,0,0,0,0,10.082890266848139,14.361253081252585,3.496027379609167,5.166129044051388,13.578917646457306,15,6.361253081252585,1,25.0,,
20250517_173505,rl_aca,73,,,,,,,,,,,2,1,13.4,20.9,39,600,60,80,"(6.0, 6.0)",0.71,3.0,0.26666666666666666,False,73,0.01,"{'type': 'hourly', 'hourly_rates': {0: 1.59, 1: 4.38, 2: 2.38, 3: 1.15, 4: 0.84, 5: 0.76, 6: 1.0, 7: 2.25, 8: 2.86, 9: 1.94, 10: 1.23, 11: 0.85, 12: 0.55, 13: 0.37, 14: 0.21, 15: 0.13, 16: 0.08, 17: 0.05, 18: 0.04, 19: 0.04, 20: 0.12, 21: 0.24, 22: 0.41, 23: 0.53}}",False,15,3,10,3,2.0,13,,,15,4,21.50566996288589,-21.50566996288589,2,13.060626288754989,10.752834981442945,236.58318135994747,13,0.5612444217462131,0.5612444217462131,0.5612444217462131,0.4,0.5,9.600000000000001,12.0,50.0,50.0,10.752834981442945,59.14579533998687,2,2.0,1,3,0,1,25.0,2.0,100.0,8.4450436741309,4.353542096251663,4.091501577879238,17.489975259864188,24.987670002712193,9.284010606182541,22.639219870962904,26.77398586604673,37.06062628875499,31.039658350746063,2,50.0,,
20250517_173506,rl_aca,74,,,,,,,,,,,2,1,13.4,20.9,39,600,60,80,"(6.0, 6.0)",0.71,3.0,0.26666666666666666,False,74,0.01,"{'type': 'hourly', 'hourly_rates': {0: 1.59, 1: 4.38, 2: 2.38, 3: 1.15, 4: 0.84, 5: 0.76, 6: 1.0, 7: 2.25, 8: 2.86, 9: 1.94, 10: 1.23, 11: 0.85, 12: 0.55, 13: 0.37, 14: 0.21, 15: 0.13, 16: 0.08, 17: 0.05, 18: 0.04, 19: 0.04, 20: 0.12, 21: 0.24, 22: 0.41, 23: 0.53}}",False,15,3,10,3,2.0,13,,,15,2,0,0,0,0,0,85.22328292881507,13,0.7740870640356642,0.7740870640356642,0.7740870640356642,0.2,0.25,4.800000000000001,6.0,100.0,0.0,0,42.61164146440753,1,2.0,2,2,1,0,0,0,0,0,0,0,17.60331930454392,19.402948511379833,0.5093245074055206,0.822339112519046,18.11264381194944,20.22528762389888,21.98135098518896,2,100.0,,
20250517_173506,rl_aca,75,,,,,,,,,,,2,1,13.4,20.9,39,600,60,80,"(6.0, 6.0)",0.71,3.0,0.26666666666666666,False,75,0.01,"{'type': 'hourly', 'hourly_rates': {0: 1.59, 1: 4.38, 2: 2.38, 3: 1.15, 4: 0.84, 5: 0.76, 6: 1.0, 7: 2.25, 8: 2.86, 9: 1.94, 10: 1.23, 11: 0.85, 12: 0.55, 13: 0.37, 14: 0.21, 15: 0.13, 16: 0.08, 17: 0.05, 18: 0.04, 19: 0.04, 20: 0.12, 21: 0.24, 22: 0.41, 23: 0.53}}",False,15,3,10,3,2.0,13,,,12,4,0,0,0,0,0,378.49099380264494,9,0.695938669216656,0.695938669216656,0.695938669216656,0.4,0.5,9.600000000000001,12.0,100.0,0.0,0,94.62274845066123,2,2.0,1,3,1,0,0,0,0,0,0,0,11.651309263383618,15.006207906773994,0.6870718179613298,2.624929507263971,12.338381081344949,15.030134947459942,10.876642235418652,3,75.0,,
20250517_173507,rl_aca,76,,,,,,,,,,,2,1,13.4,20.9,39,600,60,80,"(6.0, 6.0)",0.71,3.0,0.26666666666666666,False,76,0.01,"{'type': 'hourly', 'hourly_rates': {0: 1.59, 1: 4.38, 2: 2.38, 3: 1.15, 4: 0.84, 5: 0.76, 6: 1.0, 7: 2.25, 8: 2.86, 9: 1.94, 10: 1.23, 11: 0.85, 12: 0.55, 13: 0.37, 14: 0.21, 15: 0.13, 16: 0.08, 17: 0.05, 18: 0.04, 19: 0.04, 20: 0.12, 21: 0.24, 22: 0.41, 23: 0.53}}",False,15,3,10,3,2.0,13,,,6,2,0,0,0,0,0,120.65205877302087,4,0.7912642182483386,0.7912642182483386,0.7912642182483386,0.2,0.25,4.800000000000001,6.0,100.0,0.0,0,60.326029386510434,1,2.0,2,2,1,0,0,0,0,0,0,0,15.470848853819527,17.571003546104652,0.6378566659644687,0.8467168780335896,16.108705519783996,18,14.724286668071063,2,100.0,,
20250517_173508,rl_aca,77,,,,,,,,,,,2,1,13.4,20.9,39,600,60,80,"(6.0, 6.0)",0.71,3.0,0.26666666666666666,False,77,0.01,"{'type': 'hourly', 'hourly_rates': {0: 1.59, 1: 4.38, 2: 2.38, 3: 1.15, 4: 0.84, 5: 0.76, 6: 1.0, 7: 2.25, 8: 2.86, 9: 1.94, 10: 1.23, 11: 0.85, 12: 0.55, 13: 0.37, 14: 0.21, 15: 0.13, 16: 0.08, 17: 0.05, 18: 0.04, 19: 0.04, 20: 0.12, 21: 0.24, 22: 0.41, 23: 0.53}}",False,15,3,10,3,2.0,13,,,20,3,1.9757727932332614,-1.9757727932332614,1,1.9757727932332614,1.9757727932332614,353.13743230523494,17,0.6642747666198192,0.6642747666198192,0.6642747666198192,0.3,0.375,7.199999999999999,9.0,66.66666666666666,33.33333333333333,1.9757727932332614,117.71247743507831,1,3.0,3,3,0,0,0,0,0,0,0,0,12.882451933181946,18.83302955267561,2.444474824944299,7.103179780881305,15.326926758126243,18.97577279323326,15.769755306048408,2,66.66666666666666,,
20250517_173509,rl_aca,78,,,,,,,,,,,2,1,13.4,20.9,39,600,60,80,"(6.0, 6.0)",0.71,3.0,0.26666666666666666,False,78,0.01,"{'type': 'hourly', 'hourly_rates': {0: 1.59, 1: 4.38, 2: 2.38, 3: 1.15, 4: 0.84, 5: 0.76, 6: 1.0, 7: 2.25, 8: 2.86, 9: 1.94, 10: 1.23, 11: 0.85, 12: 0.55, 13: 0.37, 14: 0.21, 15: 0.13, 16: 0.08, 17: 0.05, 18: 0.04, 19: 0.04, 20: 0.12, 21: 0.24, 22: 0.41, 23: 0.53}}",False,15,3,10,3,2.0,13,,,7,2,19.994665752012992,-19.994665752012992,2,12.994665752012992,9.997332876006496,869.6670922653014,5,0.6185359784159615,0.6185359784159615,0.6185359784159615,0.2,0.25,4.800000000000001,6.0,0.0,100.0,9.997332876006496,434.8335461326507,1,2.0,2,2,0,0,0,0,0,0,0,0,12.498466380529605,13.434901593070176,7.998866495476891,11.432634584023958,20.497332876006496,22.994665752012992,0.0,0,0.0,,
20250517_173509,rl_aca,79,,,,,,,,,,,2,1,13.4,20.9,39,600,60,80,"(6.0, 6.0)",0.71,3.0,0.26666666666666666,False,79,0.01,"{'type': 'hourly', 'hourly_rates': {0: 1.59, 1: 4.38, 2: 2.38, 3: 1.15, 4: 0.84, 5: 0.76, 6: 1.0, 7: 2.25, 8: 2.86, 9: 1.94, 10: 1.23, 11: 0.85, 12: 0.55, 13: 0.37, 14: 0.21, 15: 0.13, 16: 0.08, 17: 0.05, 18: 0.04, 19: 0.04, 20: 0.12, 21: 0.24, 22: 0.41, 23: 0.53}}",False,15,3,10,3,2.0,13,,,17,2,0,0,0,0,0,203.4171989416042,16,0.7262699960431835,0.7262699960431835,0.7262699960431835,0.2,0.25,4.800000000000001,6.0,100.0,0.0,0,101.7085994708021,2,1.0,1,1,1,0,0,0,0,0,0,0,9.434513227662213,15.868351445675408,4.748557045159677,8.999324990350981,14.18307027282189,16.36614054564378,5.502210900031628,1,50.0,,
20250517_173510,rl_aca,80,,,,,,,,,,,2,1,13.4,20.9,39,600,60,80,"(6.0, 6.0)",0.71,3.0,0.26666666666666666,False,80,0.01,"{'type': 'hourly', 'hourly_rates': {0: 1.59, 1: 4.38, 2: 2.38, 3: 1.15, 4: 0.84, 5: 0.76, 6: 1.0, 7: 2.25, 8: 2.86, 9: 1.94, 10: 1.23, 11: 0.85, 12: 0.55, 13: 0.37, 14: 0.21, 15: 0.13, 16: 0.08, 17: 0.05, 18: 0.04, 19: 0.04, 20: 0.12, 21: 0.24, 22: 0.41, 23: 0.53}}",False,15,3,10,3,2.0,13,,,16,5,52.10809166197865,-52.10809166197865,4,25.50676142350511,13.027022915494662,573.6326373601883,12,0.45340346313480023,0.45340346313480023,0.45340346313480023,0.5,0.625,12.0,15.0,20.0,80.0,13.027022915494662,114.72652747203765,1,5.0,5,5,0,1,20.0,2.0,100.0,25.50676142350511,4.890721443874661,20.61603997963045,15.89156101221499,23.409804774594075,9.505172339930885,27.734729625645855,25.39673335214588,45.56288577549864,20.471993311341773,3,60.0,,
20250517_173511,rl_aca,81,,,,,,,,,,,2,1,13.4,20.9,39,600,60,80,"(6.0, 6.0)",0.71,3.0,0.26666666666666666,False,81,0.01,"{'type': 'hourly', 'hourly_rates': {0: 1.59, 1: 4.38, 2: 2.38, 3: 1.15, 4: 0.84, 5: 0.76, 6: 1.0, 7: 2.25, 8: 2.86, 9: 1.94, 10: 1.23, 11: 0.85, 12: 0.55, 13: 0.37, 14: 0.21, 15: 0.13, 16: 0.08, 17: 0.05, 18: 0.04, 19: 0.04, 20: 0.12, 21: 0.24, 22: 0.41, 23: 0.53}}",False,15,3,10,3,2.0,13,,,8,5,0,0,0,0,0,450.9251319846123,5,0.6635411030686292,0.6635411030686292,0.6635411030686292,0.5,0.625,12.0,15.0,100.0,0.0,0,90.18502639692245,2,2.5,2,3,0,0,0,0,0,0,0,0,11.60114694266605,20.812450886327326,2.46120482010321,6.65616102845965,14.062351762769259,21.478242163086634,8.030028090875053,2,40.0,,
20250517_173511,rl_aca,82,,,,,,,,,,,2,1,13.4,20.9,39,600,60,80,"(6.0, 6.0)",0.71,3.0,0.26666666666666666,False,82,0.01,"{'type': 'hourly', 'hourly_rates': {0: 1.59, 1: 4.38, 2: 2.38, 3: 1.15, 4: 0.84, 5: 0.76, 6: 1.0, 7: 2.25, 8: 2.86, 9: 1.94, 10: 1.23, 11: 0.85, 12: 0.55, 13: 0.37, 14: 0.21, 15: 0.13, 16: 0.08, 17: 0.05, 18: 0.04, 19: 0.04, 20: 0.12, 21: 0.24, 22: 0.41, 23: 0.53}}",False,15,3,10,3,2.0,13,,,12,4,0,0,0,0,0,479.7295076784526,8,0.6341567965204816,0.6341567965204816,0.6341567965204816,0.4,0.5,9.600000000000001,12.0,100.0,0.0,0,119.93237691961315,2,2.0,1,3,0,0,0,0,0,0,0,0,11.88037646309976,17.027320673715174,3.8126773773592912,12.617715302890161,15.69305384045905,23.862233378147664,8.468676666595009,2,50.0,,
20250517_173512,rl_aca,83,,,,,,,,,,,2,1,13.4,20.9,39,600,60,80,"(6.0, 6.0)",0.71,3.0,0.26666666666666666,False,83,0.01,"{'type': 'hourly', 'hourly_rates': {0: 1.59, 1: 4.38, 2: 2.38, 3: 1.15, 4: 0.84, 5: 0.76, 6: 1.0, 7: 2.25, 8: 2.86, 9: 1.94, 10: 1.23, 11: 0.85, 12: 0.55, 13: 0.37, 14: 0.21, 15: 0.13, 16: 0.08, 17: 0.05, 18: 0.04, 19: 0.04, 20: 0.12, 21: 0.24, 22: 0.41, 23: 0.53}}",False,15,3,10,3,2.0,13,,,14,3,0,0,0,0,0,204.66821830957596,12,0.7007796310501484,0.7007796310501484,0.7007796310501484,0.3,0.375,7.199999999999999,9.0,100.0,0.0,0,68.22273943652532,1,3.0,3,3,0,2,33.33333333333333,2.0,100.0,0.0,0.0,0.0,15.319977176435833,20.411036619882765,0.6407007750289123,0.994740814094655,15.960677951464746,20.412528776077934,6.077897674913263,3,100.0,,
20250517_173513,rl_aca,84,,,,,,,,,,,2,1,13.4,20.9,39,600,60,80,"(6.0, 6.0)",0.71,3.0,0.26666666666666666,False,84,0.01,"{'type': 'hourly', 'hourly_rates': {0: 1.59, 1: 4.38, 2: 2.38, 3: 1.15, 4: 0.84, 5: 0.76, 6: 1.0, 7: 2.25, 8: 2.86, 9: 1.94, 10: 1.23, 11: 0.85, 12: 0.55, 13: 0.37, 14: 0.21, 15: 0.13, 16: 0.08, 17: 0.05, 18: 0.04, 19: 0.04, 20: 0.12, 21: 0.24, 22: 0.41, 23: 0.53}}",False,15,3,10,3,2.0,13,,,12,3,38.21431383320794,-38.21431383320794,3,24.07422873172783,12.738104611069312,721.374711160176,9,0.5026227731911223,0.5026227731911223,0.5026227731911223,0.3,0.375,7.199999999999999,9.0,0.0,100.0,12.738104611069312,240.45823705339203,2,1.5,1,2,1,1,33.33333333333333,2.0,100.0,24.07422873172783,3.0,21.07422873172783,11.030130338434338,12.299161837021446,5.721613091205033,9.207597451345094,16.751743429639372,20,6.7435963407085495,1,33.33333333333333,,
20250517_173514,rl_aca,85,,,,,,,,,,,2,1,13.4,20.9,39,600,60,80,"(6.0, 6.0)",0.71,3.0,0.26666666666666666,False,85,0.01,"{'type': 'hourly', 'hourly_rates': {0: 1.59, 1: 4.38, 2: 2.38, 3: 1.15, 4: 0.84, 5: 0.76, 6: 1.0, 7: 2.25, 8: 2.86, 9: 1.94, 10: 1.23, 11: 0.85, 12: 0.55, 13: 0.37, 14: 0.21, 15: 0.13, 16: 0.08, 17: 0.05, 18: 0.04, 19: 0.04, 20: 0.12, 21: 0.24, 22: 0.41, 23: 0.53}}",False,15,3,10,3,2.0,13,,,14,5,28.579916180363867,-28.579916180363867,3,11.388759694928524,9.526638726787956,561.6627776882588,11,0.4831235423902431,0.4831235423902431,0.4831235423902431,0.5,0.625,12.0,15.0,40.0,60.0,9.526638726787956,112.33255553765176,2,2.5,2,3,0,1,0.0,2.0,100.0,0,0,0,14.984095244074814,26.74700497826278,8.58543393585049,20.0571478802797,23.569529179925304,33.56146677414591,17.80644690505975,2,40.0,,
20250517_173515,rl_aca,86,,,,,,,,,,,2,1,13.4,20.9,39,600,60,80,"(6.0, 6.0)",0.71,3.0,0.26666666666666666,False,86,0.01,"{'type': 'hourly', 'hourly_rates': {0: 1.59, 1: 4.38, 2: 2.38, 3: 1.15, 4: 0.84, 5: 0.76, 6: 1.0, 7: 2.25, 8: 2.86, 9: 1.94, 10: 1.23, 11: 0.85, 12: 0.55, 13: 0.37, 14: 0.21, 15: 0.13, 16: 0.08, 17: 0.05, 18: 0.04, 19: 0.04, 20: 0.12, 21: 0.24, 22: 0.41, 23: 0.53}}",False,15,3,10,3,2.0,13,,,16,6,26.458231631952316,-26.458231631952316,3,13.868517741353315,8.819410543984105,746.8197672976445,12,0.40675960946583445,0.40675960946583445,0.40675960946583445,0.6,0.75,14.399999999999999,18.0,50.0,50.0,8.819410543984105,124.46996121627409,2,3.0,2,4,1,1,16.666666666666664,2.0,100.0,13.868517741353315,0.422326046082145,13.446191695271171,14.93271421575984,28.642333482210887,2.9251062226544775,8.513144565697786,17.85782043841432,29.111630230410725,22.956167455850604,3,50.0,,
20250517_173515,rl_aca,87,,,,,,,,,,,2,1,13.4,20.9,39,600,60,80,"(6.0, 6.0)",0.71,3.0,0.26666666666666666,False,87,0.01,"{'type': 'hourly', 'hourly_rates': {0: 1.59, 1: 4.38, 2: 2.38, 3: 1.15, 4: 0.84, 5: 0.76, 6: 1.0, 7: 2.25, 8: 2.86, 9: 1.94, 10: 1.23, 11: 0.85, 12: 0.55, 13: 0.37, 14: 0.21, 15: 0.13, 16: 0.08, 17: 0.05, 18: 0.04, 19: 0.04, 20: 0.12, 21: 0.24, 22: 0.41, 23: 0.53}}",False,15,3,10,3,2.0,13,,,12,5,0,0,0,0,0,396.09456224734384,7,0.6516471368085173,0.6516471368085173,0.6516471368085173,0.5,0.625,12.0,15.0,100.0,0.0,0,79.21891244946877,1,5.0,5,5,1,0,0,0,0,0,0,0,9.644295466186211,14.622248456722206,1.960243280406004,4.645503333332584,11.604538746592215,15,10.274901612711647,2,40.0,,
20250517_173516,rl_aca,88,,,,,,,,,,,2,1,13.4,20.9,39,600,60,80,"(6.0, 6.0)",0.71,3.0,0.26666666666666666,False,88,0.01,"{'type': 'hourly', 'hourly_rates': {0: 1.59, 1: 4.38, 2: 2.38, 3: 1.15, 4: 0.84, 5: 0.76, 6: 1.0, 7: 2.25, 8: 2.86, 9: 1.94, 10: 1.23, 11: 0.85, 12: 0.55, 13: 0.37, 14: 0.21, 15: 0.13, 16: 0.08, 17: 0.05, 18: 0.04, 19: 0.04, 20: 0.12, 21: 0.24, 22: 0.41, 23: 0.53}}",False,15,3,10,3,2.0,13,,,17,4,37.26216694657282,-37.26216694657282,2,25.572336008095135,18.63108347328641,450.698730652515,14,0.6023548462274383,0.6023548462274383,0.6023548462274383,0.4,0.5,9.600000000000001,12.0,50.0,50.0,18.63108347328641,112.67468266312875,2,2.0,1,3,1,1,25.0,2.0,100.0,25.572336008095135,0.0,25.572336008095135,18.400341589845873,25.512143392788673,3.8840866419290143,14.287410138934604,22.284428231774886,32.572336008095135,29.751063571218545,3,75.0,,
20250517_173517,rl_aca,89,,,,,,,,,,,2,1,13.4,20.9,39,600,60,80,"(6.0, 6.0)",0.71,3.0,0.26666666666666666,False,89,0.01,"{'type': 'hourly', 'hourly_rates': {0: 1.59, 1: 4.38, 2: 2.38, 3: 1.15, 4: 0.84, 5: 0.76, 6: 1.0, 7: 2.25, 8: 2.86, 9: 1.94, 10: 1.23, 11: 0.85, 12: 0.55, 13: 0.37, 14: 0.21, 15: 0.13, 16: 0.08, 17: 0.05, 18: 0.04, 19: 0.04, 20: 0.12, 21: 0.24, 22: 0.41, 23: 0.53}}",False,15,3,10,3,2.0,13,,,16,2,23.93024645734112,-23.93024645734112,2,19.05960639762212,11.96512322867056,224.99239784480284,13,0.7083574372356708,0.7083574372356708,0.7083574372356708,0.2,0.25,4.800000000000001,6.0,0.0,100.0,11.96512322867056,112.49619892240142,1,2.0,2,2,0,1,50.0,2.0,100.0,19.05960639762212,0.0,19.05960639762212,9.629291001074408,12.576151685700452,9.400512197736653,14.48345471192167,19.02980319881106,27.059606397622122,0.0,0,0.0,,
20250517_173518,rl_aca,90,,,,,,,,,,,2,1,13.4,20.9,39,600,60,80,"(6.0, 6.0)",0.71,3.0,0.26666666666666666,False,90,0.01,"{'type': 'hourly', 'hourly_rates': {0: 1.59, 1: 4.38, 2: 2.38, 3: 1.15, 4: 0.84, 5: 0.76, 6: 1.0, 7: 2.25, 8: 2.86, 9: 1.94, 10: 1.23, 11: 0.85, 12: 0.55, 13: 0.37, 14: 0.21, 15: 0.13, 16: 0.08, 17: 0.05, 18: 0.04, 19: 0.04, 20: 0.12, 21: 0.24, 22: 0.41, 23: 0.53}}",False,15,3,10,3,2.0,13,,,9,5,0,0,0,0,0,321.6412851721658,5,0.6976873921198732,0.6976873921198732,0.6976873921198732,0.5,0.625,12.0,15.0,100.0,0.0,0,64.32825703443316,2,2.5,1,4,0,0,0,0,0,0,0,0,11.508343094889046,18.364270618982516,1.1140462063335377,3.5668946412386617,12.622389301222583,19.212267859677013,17.996663609570973,4,80.0,,
20250517_173518,rl_aca,91,,,,,,,,,,,2,1,13.4,20.9,39,600,60,80,"(6.0, 6.0)",0.71,3.0,0.26666666666666666,False,91,0.01,"{'type': 'hourly', 'hourly_rates': {0: 1.59, 1: 4.38, 2: 2.38, 3: 1.15, 4: 0.84, 5: 0.76, 6: 1.0, 7: 2.25, 8: 2.86, 9: 1.94, 10: 1.23, 11: 0.85, 12: 0.55, 13: 0.37, 14: 0.21, 15: 0.13, 16: 0.08, 17: 0.05, 18: 0.04, 19: 0.04, 20: 0.12, 21: 0.24, 22: 0.41, 23: 0.53}}",False,15,3,10,3,2.0,13,,,18,6,76.00573641616504,-76.00573641616504,3,44.70731114748514,25.33524547205501,828.0001451201141,14,0.48567092838856746,0.48567092838856746,0.48567092838856746,0.6,0.75,14.399999999999999,18.0,50.0,50.0,25.33524547205501,138.0000241866857,1,6.0,6,6,1,2,16.666666666666664,2.5,100.0,44.70731114748514,0.0,44.70731114748514,11.144851830888092,14.287953253380806,3.3619925999117974,9.611044302189939,14.506844430799887,19.70731114748513,12.22340244436567,2,33.33333333333333,,
20250517_173519,rl_aca,92,,,,,,,,,,,2,1,13.4,20.9,39,600,60,80,"(6.0, 6.0)",0.71,3.0,0.26666666666666666,False,92,0.01,"{'type': 'hourly', 'hourly_rates': {0: 1.59, 1: 4.38, 2: 2.38, 3: 1.15, 4: 0.84, 5: 0.76, 6: 1.0, 7: 2.25, 8: 2.86, 9: 1.94, 10: 1.23, 11: 0.85, 12: 0.55, 13: 0.37, 14: 0.21, 15: 0.13, 16: 0.08, 17: 0.05, 18: 0.04, 19: 0.04, 20: 0.12, 21: 0.24, 22: 0.41, 23: 0.53}}",False,15,3,10,3,2.0,13,,,7,4,0,0,0,0,0,447.084606581819,3,0.588760927302647,0.588760927302647,0.588760927302647,0.4,0.5,9.600000000000001,12.0,100.0,0.0,0,111.77115164545475,1,4.0,4,4,0,0,0,0,0,0,0,0,11.393886272017323,14.310237523806087,2.7485007139070694,8.473548159243592,14.142386985924393,15.20729204865269,10.043086267919737,2,50.0,,
20250517_173519,rl_aca,93,,,,,,,,,,,2,1,13.4,20.9,39,600,60,80,"(6.0, 6.0)",0.71,3.0,0.26666666666666666,False,93,0.01,"{'type': 'hourly', 'hourly_rates': {0: 1.59, 1: 4.38, 2: 2.38, 3: 1.15, 4: 0.84, 5: 0.76, 6: 1.0, 7: 2.25, 8: 2.86, 9: 1.94, 10: 1.23, 11: 0.85, 12: 0.55, 13: 0.37, 14: 0.21, 15: 0.13, 16: 0.08, 17: 0.05, 18: 0.04, 19: 0.04, 20: 0.12, 21: 0.24, 22: 0.41, 23: 0.53}}",False,15,3,10,3,2.0,13,,,11,5,0.23216075890451293,-0.23216075890451293,1,0.23216075890451293,0.23216075890451293,473.6066108124489,8,0.5994211710475152,0.5994211710475152,0.5994211710475152,0.5,0.625,12.0,15.0,80.0,20.0,0.23216075890451293,94.72132216248977,2,2.5,2,3,1,0,0,0,0,0,0,0,19.915025148630946,23.577504543115595,0.8942025791803061,2.6971929531683543,20.809227727811255,23.580956410230044,38.226180057266824,4,80.0,,
20250517_173520,rl_aca,94,,,,,,,,,,,2,1,13.4,20.9,39,600,60,80,"(6.0, 6.0)",0.71,3.0,0.26666666666666666,False,94,0.01,"{'type': 'hourly', 'hourly_rates': {0: 1.59, 1: 4.38, 2: 2.38, 3: 1.15, 4: 0.84, 5: 0.76, 6: 1.0, 7: 2.25, 8: 2.86, 9: 1.94, 10: 1.23, 11: 0.85, 12: 0.55, 13: 0.37, 14: 0.21, 15: 0.13, 16: 0.08, 17: 0.05, 18: 0.04, 19: 0.04, 20: 0.12, 21: 0.24, 22: 0.41, 23: 0.53}}",False,15,3,10,3,2.0,13,,,13,4,15.16577323831902,-15.16577323831902,1,15.16577323831902,15.16577323831902,348.0660899932986,10,0.5184552079440066,0.5184552079440066,0.5184552079440066,0.4,0.5,9.600000000000001,12.0,75.0,25.0,15.16577323831902,87.01652249832465,2,2.0,1,3,1,0,0,0,0,0,0,0,15.09963373335539,20.971985216361325,7.480985510230318,28.266908354959597,22.58061924358571,38.16577323831902,21.342966314038325,3,75.0,,
20250517_173521,rl_aca,95,,,,,,,,,,,2,1,13.4,20.9,39,600,60,80,"(6.0, 6.0)",0.71,3.0,0.26666666666666666,False,95,0.01,"{'type': 'hourly', 'hourly_rates': {0: 1.59, 1: 4.38, 2: 2.38, 3: 1.15, 4: 0.84, 5: 0.76, 6: 1.0, 7: 2.25, 8: 2.86, 9: 1.94, 10: 1.23, 11: 0.85, 12: 0.55, 13: 0.37, 14: 0.21, 15: 0.13, 16: 0.08, 17: 0.05, 18: 0.04, 19: 0.04, 20: 0.12, 21: 0.24, 22: 0.41, 23: 0.53}}",False,15,3,10,3,2.0,13,,,5,3,16.911402536866746,-16.911402536866746,2,11.144053954623075,8.455701268433373,978.0415287082573,2,0.5617015477959616,0.5617015477959616,0.5617015477959616,0.3,0.375,7.199999999999999,9.0,33.33333333333333,66.66666666666666,8.455701268433373,326.0138429027524,2,1.5,1,2,0,0,0,0,0,0,0,0,14.399485210945931,22.630242959682647,5.237648968009651,12.70206857652363,19.63713417895558,23.144053954623075,0.8628943774389768,1,33.33333333333333,,
20250517_173521,rl_aca,96,,,,,,,,,,,2,1,13.4,20.9,39,600,60,80,"(6.0, 6.0)",0.71,3.0,0.26666666666666666,False,96,0.01,"{'type': 'hourly', 'hourly_rates': {0: 1.59, 1: 4.38, 2: 2.38, 3: 1.15, 4: 0.84, 5: 0.76, 6: 1.0, 7: 2.25, 8: 2.86, 9: 1.94, 10: 1.23, 11: 0.85, 12: 0.55, 13: 0.37, 14: 0.21, 15: 0.13, 16: 0.08, 17: 0.05, 18: 0.04, 19: 0.04, 20: 0.12, 21: 0.24, 22: 0.41, 23: 0.53}}",False,15,3,10,3,2.0,13,,,9,3,103.61378177961822,-103.61378177961822,3,45.77976509425079,34.53792725987274,756.5885686481969,5,0.6039507402855584,0.6039507402855584,0.6039507402855584,0.3,0.375,7.199999999999999,9.0,0.0,100.0,34.53792725987274,252.19618954939895,2,1.5,1,2,1,3,33.33333333333333,2.6666666666666665,100.0,45.77976509425079,0.0,45.77976509425079,13.070192836585498,13.351664774609986,5.574839014794461,11.428100319640805,18.645031851379958,24.77976509425079,5.19570665142701,1,33.33333333333333,,
20250517_173522,rl_aca,97,,,,,,,,,,,2,1,13.4,20.9,39,600,60,80,"(6.0, 6.0)",0.71,3.0,0.26666666666666666,False,97,0.01,"{'type': 'hourly', 'hourly_rates': {0: 1.59, 1: 4.38, 2: 2.38, 3: 1.15, 4: 0.84, 5: 0.76, 6: 1.0, 7: 2.25, 8: 2.86, 9: 1.94, 10: 1.23, 11: 0.85, 12: 0.55, 13: 0.37, 14: 0.21, 15: 0.13, 16: 0.08, 17: 0.05, 18: 0.04, 19: 0.04, 20: 0.12, 21: 0.24, 22: 0.41, 23: 0.53}}",False,15,3,10,3,2.0,13,,,10,4,9.002213462349232,-9.002213462349232,1,9.002213462349232,9.002213462349232,567.2230349415405,8,0.6590872872605759,0.6590872872605759,0.6590872872605759,0.4,0.5,9.600000000000001,12.0,75.0,25.0,9.002213462349232,141.80575873538513,2,2.0,2,2,1,1,25.0,2.0,100.0,0.0,3.0007378207830775,-3.0007378207830775,9.253003682211231,11.627104492265346,8.750941658672287,22.542975132719647,18.00394534088352,31.002213462349232,1.4715508375595903,1,25.0,,
20250517_173522,rl_aca,98,,,,,,,,,,,2,1,13.4,20.9,39,600,60,80,"(6.0, 6.0)",0.71,3.0,0.26666666666666666,False,98,0.01,"{'type': 'hourly', 'hourly_rates': {0: 1.59, 1: 4.38, 2: 2.38, 3: 1.15, 4: 0.84, 5: 0.76, 6: 1.0, 7: 2.25, 8: 2.86, 9: 1.94, 10: 1.23, 11: 0.85, 12: 0.55, 13: 0.37, 14: 0.21, 15: 0.13, 16: 0.08, 17: 0.05, 18: 0.04, 19: 0.04, 20: 0.12, 21: 0.24, 22: 0.41, 23: 0.53}}",False,15,3,10,3,2.0,13,,,11,2,4.683979348050329,-4.683979348050329,1,4.683979348050329,4.683979348050329,308.2324122671605,9,0.710823480659285,0.710823480659285,0.710823480659285,0.2,0.25,4.800000000000001,6.0,50.0,50.0,4.683979348050329,154.11620613358025,2,1.0,1,1,0,1,0.0,2.0,100.0,0,0,0,18.412325332110903,21.702502921481496,0.9296643419142603,0.9814764265688325,19.341989674025164,22.68397934805033,10.018523573431168,1,50.0,,
20250517_173523,rl_aca,99,,,,,,,,,,,2,1,13.4,20.9,39,600,60,80,"(6.0, 6.0)",0.71,3.0,0.26666666666666666,False,99,0.01,"{'type': 'hourly', 'hourly_rates': {0: 1.59, 1: 4.38, 2: 2.38, 3: 1.15, 4: 0.84, 5: 0.76, 6: 1.0, 7: 2.25, 8: 2.86, 9: 1.94, 10: 1.23, 11: 0.85, 12: 0.55, 13: 0.37, 14: 0.21, 15: 0.13, 16: 0.08, 17: 0.05, 18: 0.04, 19: 0.04, 20: 0.12, 21: 0.24, 22: 0.41, 23: 0.53}}",False,15,3,10,3,2.0,13,,,17,1,0,0,0,0,0,24.770081866105293,16,0.8813836649520462,0.8813836649520462,0.8813836649520462,0.1,0.125,2.4000000000000004,3.0,100.0,0.0,0,24.770081866105293,1,1.0,1,1,1,0,0,0,0,0,0,0,12.252513009485344,12.252513009485344,0.7474869905146555,0.7474869905146555,13.0,13,9.252513009485344,1,100.0,,
20250517_173524,rl_aca,100,,,,,,,,,,,2,1,13.4,20.9,39,600,60,80,"(6.0, 6.0)",0.71,3.0,0.26666666666666666,False,100,0.01,"{'type': 'hourly', 'hourly_rates': {0: 1.59, 1: 4.38, 2: 2.38, 3: 1.15, 4: 0.84, 5: 0.76, 6: 1.0, 7: 2.25, 8: 2.86, 9: 1.94, 10: 1.23, 11: 0.85, 12: 0.55, 13: 0.37, 14: 0.21, 15: 0.13, 16: 0.08, 17: 0.05, 18: 0.04, 19: 0.04, 20: 0.12, 21: 0.24, 22: 0.41, 23: 0.53}}",False,15,3,10,3,2.0,13,,,10,3,7.902388629922854,-7.902388629922854,1,7.902388629922854,7.902388629922854,158.16640255166692,8,0.7494088001020122,0.7494088001020122,0.7494088001020122,0.3,0.375,7.199999999999999,9.0,66.66666666666666,33.33333333333333,7.902388629922854,52.722134183888976,1,3.0,3,3,0,1,0.0,2.0,100.0,0,0,0,12.932526619912204,17.79812101793543,4.458216819271197,11.104267611987424,17.3907434391834,28.902388629922854,7.208042209936281,1,33.33333333333333,,
20250517_173525,rl_aca,101,,,,,,,,,,,2,1,13.4,20.9,39,600,60,80,"(6.0, 6.0)",0.71,3.0,0.26666666666666666,False,101,0.01,"{'type': 'hourly', 'hourly_rates': {0: 1.59, 1: 4.38, 2: 2.38, 3: 1.15, 4: 0.84, 5: 0.76, 6: 1.0, 7: 2.25, 8: 2.86, 9: 1.94, 10: 1.23, 11: 0.85, 12: 0.55, 13: 0.37, 14: 0.21, 15: 0.13, 16: 0.08, 17: 0.05, 18: 0.04, 19: 0.04, 20: 0.12, 21: 0.24, 22: 0.41, 23: 0.53}}",False,15,3,10,3,2.0,13,,,14,3,9.21076952598358,-9.21076952598358,2,6.210769525983579,4.60538476299179,122.61537851347794,12,0.6832820532823122,0.6832820532823122,0.6832820532823122,0.3,0.375,7.199999999999999,9.0,33.33333333333333,66.66666666666666,4.60538476299179,40.87179283782598,2,1.5,1,2,0,1,0.0,2.0,100.0,0,0,0,18.915376379980007,29.22045397916105,5.9426668110032494,16.186339020119462,24.858043190983256,32.21076952598358,24.358338587109714,2,66.66666666666666,,
20250517_173525,rl_aca,102,,,,,,,,,,,2,1,13.4,20.9,39,600,60,80,"(6.0, 6.0)",0.71,3.0,0.26666666666666666,False,102,0.01,"{'type': 'hourly', 'hourly_rates': {0: 1.59, 1: 4.38, 2: 2.38, 3: 1.15, 4: 0.84, 5: 0.76, 6: 1.0, 7: 2.25, 8: 2.86, 9: 1.94, 10: 1.23, 11: 0.85, 12: 0.55, 13: 0.37, 14: 0.21, 15: 0.13, 16: 0.08, 17: 0.05, 18: 0.04, 19: 0.04, 20: 0.12, 21: 0.24, 22: 0.41, 23: 0.53}}",False,15,3,10,3,2.0,13,,,11,5,0,0,0,0,0,347.61337989881895,6,0.5130511172144976,0.5130511172144976,0.5130511172144976,0.5,0.625,12.0,15.0,100.0,0.0,0,69.52267597976379,2,2.5,2,3,1,0,0,0,0,0,0,0,14.882535052723162,21.896425756715576,1.218519355527635,5.165233891780844,16.101054408250796,22,43.072637114142665,4,80.0,,
20250517_173526,rl_aca,103,,,,,,,,,,,2,1,13.4,20.9,39,600,60,80,"(6.0, 6.0)",0.71,3.0,0.26666666666666666,False,103,0.01,"{'type': 'hourly', 'hourly_rates': {0: 1.59, 1: 4.38, 2: 2.38, 3: 1.15, 4: 0.84, 5: 0.76, 6: 1.0, 7: 2.25, 8: 2.86, 9: 1.94, 10: 1.23, 11: 0.85, 12: 0.55, 13: 0.37, 14: 0.21, 15: 0.13, 16: 0.08, 17: 0.05, 18: 0.04, 19: 0.04, 20: 0.12, 21: 0.24, 22: 0.41, 23: 0.53}}",False,15,3,10,3,2.0,13,,,15,2,0,0,0,0,0,330.0389028221506,13,0.7391377576132208,0.7391377576132208,0.7391377576132208,0.2,0.25,4.800000000000001,6.0,100.0,0.0,0,165.0194514110753,1,2.0,2,2,0,0,0,0,0,0,0,0,9.900544489577573,11.748151530296113,4.369896028344253,5.947062551140965,14.270440517921827,14.540881035843654,0.0,0,0.0,,
20250517_173527,rl_aca,104,,,,,,,,,,,2,1,13.4,20.9,39,600,60,80,"(6.0, 6.0)",0.71,3.0,0.26666666666666666,False,104,0.01,"{'type': 'hourly', 'hourly_rates': {0: 1.59, 1: 4.38, 2: 2.38, 3: 1.15, 4: 0.84, 5: 0.76, 6: 1.0, 7: 2.25, 8: 2.86, 9: 1.94, 10: 1.23, 11: 0.85, 12: 0.55, 13: 0.37, 14: 0.21, 15: 0.13, 16: 0.08, 17: 0.05, 18: 0.04, 19: 0.04, 20: 0.12, 21: 0.24, 22: 0.41, 23: 0.53}}",False,15,3,10,3,2.0,13,,,11,6,12.976389223685459,-12.976389223685459,3,8.747914784998926,4.32546307456182,881.5009309837551,9,0.5324178105150497,0.5324178105150497,0.5324178105150497,0.6,0.75,14.399999999999999,18.0,50.0,50.0,4.32546307456182,146.91682183062585,2,3.0,2,4,0,0,0,0,0,0,0,0,13.579764087077692,25.27677258189297,8.641350616505333,13.471142203105956,22.221114703583027,38.747914784998926,0.0,0,0.0,,
20250517_173528,rl_aca,105,,,,,,,,,,,2,1,13.4,20.9,39,600,60,80,"(6.0, 6.0)",0.71,3.0,0.26666666666666666,False,105,0.01,"{'type': 'hourly', 'hourly_rates': {0: 1.59, 1: 4.38, 2: 2.38, 3: 1.15, 4: 0.84, 5: 0.76, 6: 1.0, 7: 2.25, 8: 2.86, 9: 1.94, 10: 1.23, 11: 0.85, 12: 0.55, 13: 0.37, 14: 0.21, 15: 0.13, 16: 0.08, 17: 0.05, 18: 0.04, 19: 0.04, 20: 0.12, 21: 0.24, 22: 0.41, 23: 0.53}}",False,15,3,10,3,2.0,13,,,13,4,64.20179598391157,-64.20179598391157,4,30.37991098946914,16.05044899597789,588.2526624616534,9,0.468985324828116,0.468985324828116,0.468985324828116,0.4,0.5,9.600000000000001,12.0,0.0,100.0,16.05044899597789,147.06316561541334,2,2.0,1,3,0,3,75.0,2.0,100.0,9.584359489969634,5.068806524533528,4.515552965436106,13.896760615537115,17.933357710586833,10.058710633073488,21.355209089947778,23.955471248610603,33.66946987075235,0.0,0,0.0,,
20250517_173528,rl_aca,106,,,,,,,,,,,2,1,13.4,20.9,39,600,60,80,"(6.0, 6.0)",0.71,3.0,0.26666666666666666,False,106,0.01,"{'type': 'hourly', 'hourly_rates': {0: 1.59, 1: 4.38, 2: 2.38, 3: 1.15, 4: 0.84, 5: 0.76, 6: 1.0, 7: 2.25, 8: 2.86, 9: 1.94, 10: 1.23, 11: 0.85, 12: 0.55, 13: 0.37, 14: 0.21, 15: 0.13, 16: 0.08, 17: 0.05, 18: 0.04, 19: 0.04, 20: 0.12, 21: 0.24, 22: 0.41, 23: 0.53}}",False,15,3,10,3,2.0,13,,,7,5,66.42669518784272,-66.42669518784272,6,31.043664008711005,11.071115864640454,1434.2413662377407,4,0.30328613929264225,0.30328613929264225,0.30328613929264225,0.5,0.625,12.0,15.0,-20.0,120.0,11.071115864640454,286.84827324754815,2,2.5,2,3,1,2,20.0,2.0,100.0,20.140017081776506,3.8107535243388035,16.329263557437702,13.422775562530337,25.224245305533206,6.453830673296008,12.566402741408325,19.876606235826344,26,8.224245305533206,1,20.0,,
20250517_173529,rl_aca,107,,,,,,,,,,,2,1,13.4,20.9,39,600,60,80,"(6.0, 6.0)",0.71,3.0,0.26666666666666666,False,107,0.01,"{'type': 'hourly', 'hourly_rates': {0: 1.59, 1: 4.38, 2: 2.38, 3: 1.15, 4: 0.84, 5: 0.76, 6: 1.0, 7: 2.25, 8: 2.86, 9: 1.94, 10: 1.23, 11: 0.85, 12: 0.55, 13: 0.37, 14: 0.21, 15: 0.13, 16: 0.08, 17: 0.05, 18: 0.04, 19: 0.04, 20: 0.12, 21: 0.24, 22: 0.41, 23: 0.53}}",False,15,3,10,3,2.0,13,,,20,1,0,0,0,0,0,182.20833632571794,19,0.8494484978237509,0.8494484978237509,0.8494484978237509,0.1,0.125,2.4000000000000004,3.0,100.0,0.0,0,182.20833632571794,1,1.0,1,1,0,0,0,0,0,0,0,0,15.223508257928344,15.223508257928344,1.7764917420716557,1.7764917420716557,17.0,17,0.0,0,0.0,,
20250517_173530,rl_aca,108,,,,,,,,,,,2,1,13.4,20.9,39,600,60,80,"(6.0, 6.0)",0.71,3.0,0.26666666666666666,False,108,0.01,"{'type': 'hourly', 'hourly_rates': {0: 1.59, 1: 4.38, 2: 2.38, 3: 1.15, 4: 0.84, 5: 0.76, 6: 1.0, 7: 2.25, 8: 2.86, 9: 1.94, 10: 1.23, 11: 0.85, 12: 0.55, 13: 0.37, 14: 0.21, 15: 0.13, 16: 0.08, 17: 0.05, 18: 0.04, 19: 0.04, 20: 0.12, 21: 0.24, 22: 0.41, 23: 0.53}}",False,15,3,10,3,2.0,13,,,16,4,73.21714078053074,-73.21714078053074,3,41.04992257462908,24.405713593510246,801.731669408981,14,0.47279066434868605,0.47279066434868605,0.47279066434868605,0.4,0.5,9.600000000000001,12.0,25.0,75.0,24.405713593510246,200.43291735224525,2,2.0,1,3,1,1,25.0,2.0,100.0,41.04992257462908,4.752378240005451,36.29754433462363,12.440042977484561,16.65459591391405,13.158923531363843,26.85524980006032,25.598966508848406,37.25713472001635,0.0,0,0.0,,
20250517_173531,rl_aca,109,,,,,,,,,,,2,1,13.4,20.9,39,600,60,80,"(6.0, 6.0)",0.71,3.0,0.26666666666666666,False,109,0.01,"{'type': 'hourly', 'hourly_rates': {0: 1.59, 1: 4.38, 2: 2.38, 3: 1.15, 4: 0.84, 5: 0.76, 6: 1.0, 7: 2.25, 8: 2.86, 9: 1.94, 10: 1.23, 11: 0.85, 12: 0.55, 13: 0.37, 14: 0.21, 15: 0.13, 16: 0.08, 17: 0.05, 18: 0.04, 19: 0.04, 20: 0.12, 21: 0.24, 22: 0.41, 23: 0.53}}",False,15,3,10,3,2.0,13,,,14,5,22.98247373806663,-22.98247373806663,3,15.182439371096564,7.660824579355544,767.0991690951652,9,0.5054886121327159,0.5054886121327159,0.5054886121327159,0.5,0.625,12.0,15.0,40.0,60.0,7.660824579355544,153.41983381903304,2,2.5,1,4,0,1,20.0,2.0,100.0,15.182439371096564,0.46393203371559366,14.71850733738097,14.041532059883526,17.133081237774377,2.0751148607675143,6.906385371919924,16.11664692065104,21.105055774620666,19.44512119879428,3,60.0,,
20250517_173531,rl_aca,110,,,,,,,,,,,2,1,13.4,20.9,39,600,60,80,"(6.0, 6.0)",0.71,3.0,0.26666666666666666,False,110,0.01,"{'type': 'hourly', 'hourly_rates': {0: 1.59, 1: 4.38, 2: 2.38, 3: 1.15, 4: 0.84, 5: 0.76, 6: 1.0, 7: 2.25, 8: 2.86, 9: 1.94, 10: 1.23, 11: 0.85, 12: 0.55, 13: 0.37, 14: 0.21, 15: 0.13, 16: 0.08, 17: 0.05, 18: 0.04, 19: 0.04, 20: 0.12, 21: 0.24, 22: 0.41, 23: 0.53}}",False,15,3,10,3,2.0,13,,,13,5,131.39524306273532,-131.39524306273532,5,38.631456773921855,26.279048612547065,945.1987587933868,9,0.4085087201025146,0.4085087201025146,0.4085087201025146,0.5,0.625,12.0,15.0,0.0,100.0,26.279048612547065,189.03975175867737,2,2.5,1,4,0,3,40.0,2.3333333333333335,100.0,27.278254681827647,0.0,27.278254681827647,12.406766588259524,14.409750574308703,6.066052599319216,24.727942647362667,18.47281918757874,36.631456773921855,4.927717764498709,1,20.0,,
20250517_173532,rl_aca,111,,,,,,,,,,,2,1,13.4,20.9,39,600,60,80,"(6.0, 6.0)",0.71,3.0,0.26666666666666666,False,111,0.01,"{'type': 'hourly', 'hourly_rates': {0: 1.59, 1: 4.38, 2: 2.38, 3: 1.15, 4: 0.84, 5: 0.76, 6: 1.0, 7: 2.25, 8: 2.86, 9: 1.94, 10: 1.23, 11: 0.85, 12: 0.55, 13: 0.37, 14: 0.21, 15: 0.13, 16: 0.08, 17: 0.05, 18: 0.04, 19: 0.04, 20: 0.12, 21: 0.24, 22: 0.41, 23: 0.53}}",False,15,3,10,3,2.0,13,,,17,2,0,0,0,0,0,66.60479345792804,15,0.8101092120204414,0.8101092120204414,0.8101092120204414,0.2,0.25,4.800000000000001,6.0,100.0,0.0,0,33.30239672896402,1,2.0,2,2,1,0,0,0,0,0,0,0,11.558898188170591,14.68058287032457,0.5486625875631388,0.5627864939833866,12.107560775733731,15.215121551467462,12.902674824873722,2,100.0,,
20250517_173533,rl_aca,112,,,,,,,,,,,2,1,13.4,20.9,39,600,60,80,"(6.0, 6.0)",0.71,3.0,0.26666666666666666,False,112,0.01,"{'type': 'hourly', 'hourly_rates': {0: 1.59, 1: 4.38, 2: 2.38, 3: 1.15, 4: 0.84, 5: 0.76, 6: 1.0, 7: 2.25, 8: 2.86, 9: 1.94, 10: 1.23, 11: 0.85, 12: 0.55, 13: 0.37, 14: 0.21, 15: 0.13, 16: 0.08, 17: 0.05, 18: 0.04, 19: 0.04, 20: 0.12, 21: 0.24, 22: 0.41, 23: 0.53}}",False,15,3,10,3,2.0,13,,,10,5,8.484287787760593,-8.484287787760593,1,8.484287787760593,8.484287787760593,288.831061639316,7,0.6159474325829131,0.6159474325829131,0.6159474325829131,0.5,0.625,12.0,15.0,80.0,20.0,8.484287787760593,57.766212327863194,2,2.5,1,4,0,0,0,0,0,0,0,0,14.47597406351225,20.70358644633348,4.974297049124256,22.764690587648857,19.450271112636507,38.48428778776059,20.710009769106044,3,60.0,,
20250517_173533,rl_aca,113,,,,,,,,,,,2,1,13.4,20.9,39,600,60,80,"(6.0, 6.0)",0.71,3.0,0.26666666666666666,False,113,0.01,"{'type': 'hourly', 'hourly_rates': {0: 1.59, 1: 4.38, 2: 2.38, 3: 1.15, 4: 0.84, 5: 0.76, 6: 1.0, 7: 2.25, 8: 2.86, 9: 1.94, 10: 1.23, 11: 0.85, 12: 0.55, 13: 0.37, 14: 0.21, 15: 0.13, 16: 0.08, 17: 0.05, 18: 0.04, 19: 0.04, 20: 0.12, 21: 0.24, 22: 0.41, 23: 0.53}}",False,15,3,10,3,2.0,13,,,15,7,1.3949477515452031,-1.3949477515452031,2,1.1092018330901965,0.6974738757726016,610.6573925853028,11,0.3920799546726138,0.3920799546726138,0.3920799546726138,0.7,0.875,16.799999999999997,21.0,71.42857142857143,28.57142857142857,0.6974738757726016,87.23677036932897,2,3.5,2,5,1,2,42.857142857142854,2.0,100.0,0.464982583848401,0.0,0.464982583848401,13.692290129949,18.34871526082108,3.7552230696786837,13.156712623878661,17.447513199627682,22.285745918455007,24.752270583366002,5,71.42857142857143,,
20250517_173534,rl_aca,114,,,,,,,,,,,2,1,13.4,20.9,39,600,60,80,"(6.0, 6.0)",0.71,3.0,0.26666666666666666,False,114,0.01,"{'type': 'hourly', 'hourly_rates': {0: 1.59, 1: 4.38, 2: 2.38, 3: 1.15, 4: 0.84, 5: 0.76, 6: 1.0, 7: 2.25, 8: 2.86, 9: 1.94, 10: 1.23, 11: 0.85, 12: 0.55, 13: 0.37, 14: 0.21, 15: 0.13, 16: 0.08, 17: 0.05, 18: 0.04, 19: 0.04, 20: 0.12, 21: 0.24, 22: 0.41, 23: 0.53}}",False,15,3,10,3,2.0,13,,,14,3,33.33548051065215,-33.33548051065215,2,20.076018987003863,16.667740255326073,389.48831578843726,12,0.609086255693328,0.609086255693328,0.609086255693328,0.3,0.375,7.199999999999999,9.0,33.33333333333333,66.66666666666666,16.667740255326073,129.82943859614576,1,3.0,3,3,1,1,33.33333333333333,2.0,100.0,20.076018987003863,0.0,20.076018987003863,13.999017779121779,16.176811769607113,5.255933349816854,15.038583505474307,19.254951128938632,28.076018987003863,5.270783456023743,2,66.66666666666666,,
20250517_173535,rl_aca,115,,,,,,,,,,,2,1,13.4,20.9,39,600,60,80,"(6.0, 6.0)",0.71,3.0,0.26666666666666666,False,115,0.01,"{'type': 'hourly', 'hourly_rates': {0: 1.59, 1: 4.38, 2: 2.38, 3: 1.15, 4: 0.84, 5: 0.76, 6: 1.0, 7: 2.25, 8: 2.86, 9: 1.94, 10: 1.23, 11: 0.85, 12: 0.55, 13: 0.37, 14: 0.21, 15: 0.13, 16: 0.08, 17: 0.05, 18: 0.04, 19: 0.04, 20: 0.12, 21: 0.24, 22: 0.41, 23: 0.53}}",False,15,3,10,3,2.0,13,,,14,3,0,0,0,0,0,611.3341752943904,11,0.5930410235783387,0.5930410235783387,0.5930410235783387,0.3,0.375,7.199999999999999,9.0,100.0,0.0,0,203.77805843146348,2,1.5,1,2,1,0,0,0,0,0,0,0,12.011038087740971,15.872836842148576,3.3932443823494025,7.457061310548227,15.404282470090372,18.478868423628143,3.872836842148576,1,33.33333333333333,,
20250517_173535,rl_aca,116,,,,,,,,,,,2,1,13.4,20.9,39,600,60,80,"(6.0, 6.0)",0.71,3.0,0.26666666666666666,False,116,0.01,"{'type': 'hourly', 'hourly_rates': {0: 1.59, 1: 4.38, 2: 2.38, 3: 1.15, 4: 0.84, 5: 0.76, 6: 1.0, 7: 2.25, 8: 2.86, 9: 1.94, 10: 1.23, 11: 0.85, 12: 0.55, 13: 0.37, 14: 0.21, 15: 0.13, 16: 0.08, 17: 0.05, 18: 0.04, 19: 0.04, 20: 0.12, 21: 0.24, 22: 0.41, 23: 0.53}}",False,15,3,10,3,2.0,13,,,7,2,0,0,0,0,0,109.18557357492553,5,0.8317995393833874,0.8317995393833874,0.8317995393833874,0.2,0.25,4.800000000000001,6.0,100.0,0.0,0,54.592786787462764,2,1.0,1,1,1,0,0,0,0,0,0,0,8.855161447793565,10.427848338485035,0.735390946213867,0.7532564495298288,9.590552394007432,11.181104788014864,6.529218107572266,2,100.0,,
20250517_173536,rl_aca,117,,,,,,,,,,,2,1,13.4,20.9,39,600,60,80,"(6.0, 6.0)",0.71,3.0,0.26666666666666666,False,117,0.01,"{'type': 'hourly', 'hourly_rates': {0: 1.59, 1: 4.38, 2: 2.38, 3: 1.15, 4: 0.84, 5: 0.76, 6: 1.0, 7: 2.25, 8: 2.86, 9: 1.94, 10: 1.23, 11: 0.85, 12: 0.55, 13: 0.37, 14: 0.21, 15: 0.13, 16: 0.08, 17: 0.05, 18: 0.04, 19: 0.04, 20: 0.12, 21: 0.24, 22: 0.41, 23: 0.53}}",False,15,3,10,3,2.0,13,,,8,4,0,0,0,0,0,250.1172123516866,5,0.722240733214212,0.722240733214212,0.722240733214212,0.4,0.5,9.600000000000001,12.0,100.0,0.0,0,62.52930308792165,2,2.0,2,2,0,0,0,0,0,0,0,0,10.92382110338368,13.344218947944341,0.633659176718161,1.0689587771946094,11.557480280101842,14.122739373316904,8.534322070321966,3,75.0,,
20250517_173536,rl_aca,118,,,,,,,,,,,2,1,13.4,20.9,39,600,60,80,"(6.0, 6.0)",0.71,3.0,0.26666666666666666,False,118,0.01,"{'type': 'hourly', 'hourly_rates': {0: 1.59, 1: 4.38, 2: 2.38, 3: 1.15, 4: 0.84, 5: 0.76, 6: 1.0, 7: 2.25, 8: 2.86, 9: 1.94, 10: 1.23, 11: 0.85, 12: 0.55, 13: 0.37, 14: 0.21, 15: 0.13, 16: 0.08, 17: 0.05, 18: 0.04, 19: 0.04, 20: 0.12, 21: 0.24, 22: 0.41, 23: 0.53}}",False,15,3,10,3,2.0,13,,,5,3,14.428875604978913,-14.428875604978913,2,7.428875604978913,7.214437802489456,838.0610437832415,3,0.6227855081601505,0.6227855081601505,0.6227855081601505,0.3,0.375,7.199999999999999,9.0,33.33333333333333,66.66666666666666,7.214437802489456,279.3536812610805,2,1.5,1,2,0,0,0,0,0,0,0,0,14.396984884585441,15.973442565207648,4.445622221029079,6.599175297098398,18.84260710561452,20.428875604978913,0.0,0,0.0,,
20250517_173537,rl_aca,119,,,,,,,,,,,2,1,13.4,20.9,39,600,60,80,"(6.0, 6.0)",0.71,3.0,0.26666666666666666,False,119,0.01,"{'type': 'hourly', 'hourly_rates': {0: 1.59, 1: 4.38, 2: 2.38, 3: 1.15, 4: 0.84, 5: 0.76, 6: 1.0, 7: 2.25, 8: 2.86, 9: 1.94, 10: 1.23, 11: 0.85, 12: 0.55, 13: 0.37, 14: 0.21, 15: 0.13, 16: 0.08, 17: 0.05, 18: 0.04, 19: 0.04, 20: 0.12, 21: 0.24, 22: 0.41, 23: 0.53}}",False,15,3,10,3,2.0,13,,,21,2,5.7900717641576875,-5.7900717641576875,1,5.7900717641576875,5.7900717641576875,311.01828878704066,19,0.724752436459224,0.724752436459224,0.724752436459224,0.2,0.25,4.800000000000001,6.0,50.0,50.0,5.7900717641576875,155.50914439352033,1,2.0,2,2,0,0,0,0,0,0,0,0,15.957885033673621,19.069307123086077,2.4371508484052224,4.153537055738834,18.395035882078844,19.790071764157688,16.27923535892839,1,50.0,,
20250517_173538,rl_aca,120,,,,,,,,,,,2,1,13.4,20.9,39,600,60,80,"(6.0, 6.0)",0.71,3.0,0.26666666666666666,False,120,0.01,"{'type': 'hourly', 'hourly_rates': {0: 1.59, 1: 4.38, 2: 2.38, 3: 1.15, 4: 0.84, 5: 0.76, 6: 1.0, 7: 2.25, 8: 2.86, 9: 1.94, 10: 1.23, 11: 0.85, 12: 0.55, 13: 0.37, 14: 0.21, 15: 0.13, 16: 0.08, 17: 0.05, 18: 0.04, 19: 0.04, 20: 0.12, 21: 0.24, 22: 0.41, 23: 0.53}}",False,15,3,10,3,2.0,13,,,5,3,0,0,0,0,0,236.89565848555213,2,0.6540883407079957,0.6540883407079957,0.6540883407079957,0.3,0.375,7.199999999999999,9.0,100.0,0.0,0,78.96521949518404,2,1.5,1,2,0,0,0,0,0,0,0,0,15.210083703357467,24.254074649272127,0.8369025453884072,1.4476498617559699,16.046986248745874,24.37377349815784,15.936942225590748,2,66.66666666666666,,
20250517_173538,rl_aca,121,,,,,,,,,,,2,1,13.4,20.9,39,600,60,80,"(6.0, 6.0)",0.71,3.0,0.26666666666666666,False,121,0.01,"{'type': 'hourly', 'hourly_rates': {0: 1.59, 1: 4.38, 2: 2.38, 3: 1.15, 4: 0.84, 5: 0.76, 6: 1.0, 7: 2.25, 8: 2.86, 9: 1.94, 10: 1.23, 11: 0.85, 12: 0.55, 13: 0.37, 14: 0.21, 15: 0.13, 16: 0.08, 17: 0.05, 18: 0.04, 19: 0.04, 20: 0.12, 21: 0.24, 22: 0.41, 23: 0.53}}",False,15,3,10,3,2.0,13,,,7,2,18.707709952603274,-18.707709952603274,1,18.707709952603274,18.707709952603274,267.49371907051176,6,0.7178441909663746,0.7178441909663746,0.7178441909663746,0.2,0.25,4.800000000000001,6.0,50.0,50.0,18.707709952603274,133.74685953525588,1,2.0,2,2,1,0,0,0,0,0,0,0,11.798847624601976,11.952930348468433,14.055007351699661,28.062945051867757,25.853854976301637,39.707709952603274,1.952930348468433,1,50.0,,
20250517_173539,rl_aca,122,,,,,,,,,,,2,1,13.4,20.9,39,600,60,80,"(6.0, 6.0)",0.71,3.0,0.26666666666666666,False,122,0.01,"{'type': 'hourly', 'hourly_rates': {0: 1.59, 1: 4.38, 2: 2.38, 3: 1.15, 4: 0.84, 5: 0.76, 6: 1.0, 7: 2.25, 8: 2.86, 9: 1.94, 10: 1.23, 11: 0.85, 12: 0.55, 13: 0.37, 14: 0.21, 15: 0.13, 16: 0.08, 17: 0.05, 18: 0.04, 19: 0.04, 20: 0.12, 21: 0.24, 22: 0.41, 23: 0.53}}",False,15,3,10,3,2.0,13,,,11,5,20.94257572427307,-20.94257572427307,2,14.995886620236092,10.471287862136535,393.8123851453375,8,0.4969004330600298,0.4969004330600298,0.4969004330600298,0.5,0.625,12.0,15.0,60.0,40.0,10.471287862136535,78.7624770290675,2,2.5,1,4,0,1,20.0,2.0,100.0,14.995886620236092,0.0,14.995886620236092,11.36314688013324,15.176899538299889,4.2399420505500425,19.282023672810283,15.603088930683281,28.995886620236107,15.379637035427816,3,60.0,,
20250517_173540,rl_aca,123,,,,,,,,,,,2,1,13.4,20.9,39,600,60,80,"(6.0, 6.0)",0.71,3.0,0.26666666666666666,False,123,0.01,"{'type': 'hourly', 'hourly_rates': {0: 1.59, 1: 4.38, 2: 2.38, 3: 1.15, 4: 0.84, 5: 0.76, 6: 1.0, 7: 2.25, 8: 2.86, 9: 1.94, 10: 1.23, 11: 0.85, 12: 0.55, 13: 0.37, 14: 0.21, 15: 0.13, 16: 0.08, 17: 0.05, 18: 0.04, 19: 0.04, 20: 0.12, 21: 0.24, 22: 0.41, 23: 0.53}}",False,15,3,10,3,2.0,13,,,15,3,0,0,0,0,0,311.8530064749585,12,0.6435840037934927,0.6435840037934927,0.6435840037934927,0.3,0.375,7.199999999999999,9.0,100.0,0.0,0,103.9510021583195,2,1.5,1,2,1,0,0,0,0,0,0,0,14.80448100859195,17.924828894486836,0.6338755361520297,0.7889171738123295,15.43835654474398,18.676292738883653,14.09837339154391,3,100.0,,
20250517_173540,rl_aca,124,,,,,,,,,,,2,1,13.4,20.9,39,600,60,80,"(6.0, 6.0)",0.71,3.0,0.26666666666666666,False,124,0.01,"{'type': 'hourly', 'hourly_rates': {0: 1.59, 1: 4.38, 2: 2.38, 3: 1.15, 4: 0.84, 5: 0.76, 6: 1.0, 7: 2.25, 8: 2.86, 9: 1.94, 10: 1.23, 11: 0.85, 12: 0.55, 13: 0.37, 14: 0.21, 15: 0.13, 16: 0.08, 17: 0.05, 18: 0.04, 19: 0.04, 20: 0.12, 21: 0.24, 22: 0.41, 23: 0.53}}",False,15,3,10,3,2.0,13,,,10,3,1.476501096930292,-1.476501096930292,1,1.476501096930292,1.476501096930292,403.3411393381596,7,0.6368883387386044,0.6368883387386044,0.6368883387386044,0.3,0.375,7.199999999999999,9.0,66.66666666666666,33.33333333333333,1.476501096930292,134.4470464460532,1,3.0,3,3,0,0,0,0,0,0,0,0,13.147298194316415,14.31052526976356,0.3983805349670882,0.7831632373305109,13.545678729283503,15,8.804858395098735,3,100.0,,
20250517_173541,rl_aca,125,,,,,,,,,,,2,1,13.4,20.9,39,600,60,80,"(6.0, 6.0)",0.71,3.0,0.26666666666666666,False,125,0.01,"{'type': 'hourly', 'hourly_rates': {0: 1.59, 1: 4.38, 2: 2.38, 3: 1.15, 4: 0.84, 5: 0.76, 6: 1.0, 7: 2.25, 8: 2.86, 9: 1.94, 10: 1.23, 11: 0.85, 12: 0.55, 13: 0.37, 14: 0.21, 15: 0.13, 16: 0.08, 17: 0.05, 18: 0.04, 19: 0.04, 20: 0.12, 21: 0.24, 22: 0.41, 23: 0.53}}",False,15,3,10,3,2.0,13,,,18,5,42.94394100299846,-42.94394100299846,3,28.30723435834608,14.314647000999486,575.2966030723127,15,0.6056924391597786,0.6056924391597786,0.6056924391597786,0.5,0.625,12.0,15.0,40.0,60.0,14.314647000999486,115.05932061446254,2,2.5,2,3,0,1,0.0,2.0,100.0,0,0,0,13.642255550556422,19.018632456214903,10.479409497642044,27.25855989748578,24.121665048198466,39.30723435834608,5.677968416670353,1,20.0,,
20250517_173542,rl_aca,126,,,,,,,,,,,2,1,13.4,20.9,39,600,60,80,"(6.0, 6.0)",0.71,3.0,0.26666666666666666,False,126,0.01,"{'type': 'hourly', 'hourly_rates': {0: 1.59, 1: 4.38, 2: 2.38, 3: 1.15, 4: 0.84, 5: 0.76, 6: 1.0, 7: 2.25, 8: 2.86, 9: 1.94, 10: 1.23, 11: 0.85, 12: 0.55, 13: 0.37, 14: 0.21, 15: 0.13, 16: 0.08, 17: 0.05, 18: 0.04, 19: 0.04, 20: 0.12, 21: 0.24, 22: 0.41, 23: 0.53}}",False,15,3,10,3,2.0,13,,,8,2,0,0,0,0,0,190.5202072748068,6,0.8295938598059603,0.8295938598059603,0.8295938598059603,0.2,0.25,4.800000000000001,6.0,100.0,0.0,0,95.2601036374034,2,1.0,1,1,1,0,0,0,0,0,0,0,12.70827215832737,15.282742213908847,0.7022054889758262,0.8661978972541071,13.410477647303196,15.820955294606392,8.461786919302455,1,50.0,,
20250517_173543,rl_aca,127,,,,,,,,,,,2,1,13.4,20.9,39,600,60,80,"(6.0, 6.0)",0.71,3.0,0.26666666666666666,False,127,0.01,"{'type': 'hourly', 'hourly_rates': {0: 1.59, 1: 4.38, 2: 2.38, 3: 1.15, 4: 0.84, 5: 0.76, 6: 1.0, 7: 2.25, 8: 2.86, 9: 1.94, 10: 1.23, 11: 0.85, 12: 0.55, 13: 0.37, 14: 0.21, 15: 0.13, 16: 0.08, 17: 0.05, 18: 0.04, 19: 0.04, 20: 0.12, 21: 0.24, 22: 0.41, 23: 0.53}}",False,15,3,10,3,2.0,13,,,14,3,9.097551715744316,-9.097551715744316,1,9.097551715744316,9.097551715744316,328.9590698256761,12,0.66405091402366,0.66405091402366,0.66405091402366,0.3,0.375,7.199999999999999,9.0,66.66666666666666,33.33333333333333,9.097551715744316,109.65302327522538,2,1.5,1,2,1,0,0,0,0,0,0,0,11.45965600389456,13.013333465502697,7.7194703616775655,22.215347923234944,19.179126365572127,33.097551715744316,7.056936838202249,2,66.66666666666666,,
20250517_173543,rl_aca,128,,,,,,,,,,,2,1,13.4,20.9,39,600,60,80,"(6.0, 6.0)",0.71,3.0,0.26666666666666666,False,128,0.01,"{'type': 'hourly', 'hourly_rates': {0: 1.59, 1: 4.38, 2: 2.38, 3: 1.15, 4: 0.84, 5: 0.76, 6: 1.0, 7: 2.25, 8: 2.86, 9: 1.94, 10: 1.23, 11: 0.85, 12: 0.55, 13: 0.37, 14: 0.21, 15: 0.13, 16: 0.08, 17: 0.05, 18: 0.04, 19: 0.04, 20: 0.12, 21: 0.24, 22: 0.41, 23: 0.53}}",False,15,3,10,3,2.0,13,,,11,3,0,0,0,0,0,275.5026708568908,8,0.7121808319209004,0.7121808319209004,0.7121808319209004,0.3,0.375,7.199999999999999,9.0,100.0,0.0,0,91.8342236189636,2,1.5,1,2,0,0,0,0,0,0,0,0,11.962897850095748,14.29288778325521,0.8059235993633257,0.9637401143282034,12.768821449459073,14.916084509477756,7.545969316238226,2,66.66666666666666,,
20250517_173544,rl_aca,129,,,,,,,,,,,2,1,13.4,20.9,39,600,60,80,"(6.0, 6.0)",0.71,3.0,0.26666666666666666,False,129,0.01,"{'type': 'hourly', 'hourly_rates': {0: 1.59, 1: 4.38, 2: 2.38, 3: 1.15, 4: 0.84, 5: 0.76, 6: 1.0, 7: 2.25, 8: 2.86, 9: 1.94, 10: 1.23, 11: 0.85, 12: 0.55, 13: 0.37, 14: 0.21, 15: 0.13, 16: 0.08, 17: 0.05, 18: 0.04, 19: 0.04, 20: 0.12, 21: 0.24, 22: 0.41, 23: 0.53}}",False,15,3,10,3,2.0,13,,,21,6,138.3297807978959,-138.3297807978959,7,38.14472220427581,19.76139725684227,1136.2780619290763,18,0.32599702073493153,0.32599702073493153,0.32599702073493153,0.6,0.75,14.399999999999999,18.0,-16.666666666666664,116.66666666666667,19.76139725684227,189.3796769881794,2,3.0,2,4,0,1,16.666666666666664,3.0,100.0,33.212351939666576,9.48737413438979,23.724977805276787,11.772082555463852,20.590579418171245,14.16945454647207,30.57853288766873,25.94153710193592,41.85235067474861,3.3782274785046695,1,16.666666666666664,,
20250517_173545,rl_aca,130,,,,,,,,,,,2,1,13.4,20.9,39,600,60,80,"(6.0, 6.0)",0.71,3.0,0.26666666666666666,False,130,0.01,"{'type': 'hourly', 'hourly_rates': {0: 1.59, 1: 4.38, 2: 2.38, 3: 1.15, 4: 0.84, 5: 0.76, 6: 1.0, 7: 2.25, 8: 2.86, 9: 1.94, 10: 1.23, 11: 0.85, 12: 0.55, 13: 0.37, 14: 0.21, 15: 0.13, 16: 0.08, 17: 0.05, 18: 0.04, 19: 0.04, 20: 0.12, 21: 0.24, 22: 0.41, 23: 0.53}}",False,15,3,10,3,2.0,13,,,10,3,9.841995066053812,-9.841995066053812,2,6.668478268964577,4.920997533026906,684.0699547892998,8,0.7320233683543876,0.7320233683543876,0.7320233683543876,0.3,0.375,7.199999999999999,9.0,33.33333333333333,66.66666666666666,4.920997533026906,228.02331826309992,2,1.5,1,2,1,0,0,0,0,0,0,0,11.403127576067318,16.966786080347504,7.544204112617287,15.483086848194034,18.947331688684603,23.173516797089235,4.057205227083907,1,33.33333333333333,,
20250517_173546,rl_aca,131,,,,,,,,,,,2,1,13.4,20.9,39,600,60,80,"(6.0, 6.0)",0.71,3.0,0.26666666666666666,False,131,0.01,"{'type': 'hourly', 'hourly_rates': {0: 1.59, 1: 4.38, 2: 2.38, 3: 1.15, 4: 0.84, 5: 0.76, 6: 1.0, 7: 2.25, 8: 2.86, 9: 1.94, 10: 1.23, 11: 0.85, 12: 0.55, 13: 0.37, 14: 0.21, 15: 0.13, 16: 0.08, 17: 0.05, 18: 0.04, 19: 0.04, 20: 0.12, 21: 0.24, 22: 0.41, 23: 0.53}}",False,15,3,10,3,2.0,13,,,10,3,0,0,0,0,0,139.07039607785762,7,0.6894712016916974,0.6894712016916974,0.6894712016916974,0.3,0.375,7.199999999999999,9.0,100.0,0.0,0,46.35679869261921,2,1.5,1,2,0,0,0,0,0,0,0,0,12.68114941504282,15.005258272217269,0.6940221158565336,0.9947417277827313,13.375171530899353,16,17.9179336524304,3,100.0,,
20250517_173546,rl_aca,132,,,,,,,,,,,2,1,13.4,20.9,39,600,60,80,"(6.0, 6.0)",0.71,3.0,0.26666666666666666,False,132,0.01,"{'type': 'hourly', 'hourly_rates': {0: 1.59, 1: 4.38, 2: 2.38, 3: 1.15, 4: 0.84, 5: 0.76, 6: 1.0, 7: 2.25, 8: 2.86, 9: 1.94, 10: 1.23, 11: 0.85, 12: 0.55, 13: 0.37, 14: 0.21, 15: 0.13, 16: 0.08, 17: 0.05, 18: 0.04, 19: 0.04, 20: 0.12, 21: 0.24, 22: 0.41, 23: 0.53}}",False,15,3,10,3,2.0,13,,,14,6,52.65145526522778,-52.65145526522778,3,23.606663509914796,17.55048508840926,565.6434943855709,8,0.49963861906898666,0.49963861906898666,0.49963861906898666,0.6,0.75,14.399999999999999,18.0,50.0,50.0,17.55048508840926,94.27391573092848,2,3.0,2,4,0,2,16.666666666666664,2.5,100.0,23.606663509914796,0.0,23.606663509914796,12.80044069069845,19.599439437829673,4.309048441338688,13.172771200334495,17.109489132037137,21.606663509914796,15.510960886145853,3,50.0,,
20250517_173547,rl_aca,133,,,,,,,,,,,2,1,13.4,20.9,39,600,60,80,"(6.0, 6.0)",0.71,3.0,0.26666666666666666,False,133,0.01,"{'type': 'hourly', 'hourly_rates': {0: 1.59, 1: 4.38, 2: 2.38, 3: 1.15, 4: 0.84, 5: 0.76, 6: 1.0, 7: 2.25, 8: 2.86, 9: 1.94, 10: 1.23, 11: 0.85, 12: 0.55, 13: 0.37, 14: 0.21, 15: 0.13, 16: 0.08, 17: 0.05, 18: 0.04, 19: 0.04, 20: 0.12, 21: 0.24, 22: 0.41, 23: 0.53}}",False,15,3,10,3,2.0,13,,,9,4,0,0,0,0,0,490.9482510536593,7,0.7234854385709344,0.7234854385709344,0.7234854385709344,0.4,0.5,9.600000000000001,12.0,100.0,0.0,0,122.73706276341483,2,2.0,1,3,0,0,0,0,0,0,0,0,8.22851884933731,9.886063955604186,4.835978593477659,11.490542410156593,13.064497442814968,21.37660636576078,4.140828994524339,2,50.0,,
20250517_173548,rl_aca,134,,,,,,,,,,,2,1,13.4,20.9,39,600,60,80,"(6.0, 6.0)",0.71,3.0,0.26666666666666666,False,134,0.01,"{'type': 'hourly', 'hourly_rates': {0: 1.59, 1: 4.38, 2: 2.38, 3: 1.15, 4: 0.84, 5: 0.76, 6: 1.0, 7: 2.25, 8: 2.86, 9: 1.94, 10: 1.23, 11: 0.85, 12: 0.55, 13: 0.37, 14: 0.21, 15: 0.13, 16: 0.08, 17: 0.05, 18: 0.04, 19: 0.04, 20: 0.12, 21: 0.24, 22: 0.41, 23: 0.53}}",False,15,3,10,3,2.0,13,,,10,3,43.7387463205543,-43.7387463205543,3,27.94964069134727,14.579582106851433,810.1856165932832,7,0.5865033608437972,0.5865033608437972,0.5865033608437972,0.3,0.375,7.199999999999999,9.0,0.0,100.0,14.579582106851433,270.06187219776103,1,3.0,3,3,1,3,66.66666666666666,2.3333333333333335,100.0,16.733601381460744,0.0,16.733601381460744,17.01480565995008,19.85159101905981,2.8075952610237436,5.099368885660478,19.822400920973823,21.94964069134727,11.334028947485606,1,33.33333333333333,,
20250517_173548,rl_aca,135,,,,,,,,,,,2,1,13.4,20.9,39,600,60,80,"(6.0, 6.0)",0.71,3.0,0.26666666666666666,False,135,0.01,"{'type': 'hourly', 'hourly_rates': {0: 1.59, 1: 4.38, 2: 2.38, 3: 1.15, 4: 0.84, 5: 0.76, 6: 1.0, 7: 2.25, 8: 2.86, 9: 1.94, 10: 1.23, 11: 0.85, 12: 0.55, 13: 0.37, 14: 0.21, 15: 0.13, 16: 0.08, 17: 0.05, 18: 0.04, 19: 0.04, 20: 0.12, 21: 0.24, 22: 0.41, 23: 0.53}}",False,15,3,10,3,2.0,13,,,8,4,0,0,0,0,0,485.66951805013247,5,0.6649341959091484,0.6649341959091484,0.6649341959091484,0.4,0.5,9.600000000000001,12.0,100.0,0.0,0,121.41737951253312,1,4.0,4,4,1,0,0,0,0,0,0,0,11.33008859161848,18.950710955882883,2.9471946813201098,8.594073411906663,14.27728327293859,18.99269121330667,6.958019742576212,1,25.0,,
20250517_173549,rl_aca,136,,,,,,,,,,,2,1,13.4,20.9,39,600,60,80,"(6.0, 6.0)",0.71,3.0,0.26666666666666666,False,136,0.01,"{'type': 'hourly', 'hourly_rates': {0: 1.59, 1: 4.38, 2: 2.38, 3: 1.15, 4: 0.84, 5: 0.76, 6: 1.0, 7: 2.25, 8: 2.86, 9: 1.94, 10: 1.23, 11: 0.85, 12: 0.55, 13: 0.37, 14: 0.21, 15: 0.13, 16: 0.08, 17: 0.05, 18: 0.04, 19: 0.04, 20: 0.12, 21: 0.24, 22: 0.41, 23: 0.53}}",False,15,3,10,3,2.0,13,,,13,6,48.75026806437968,-48.75026806437968,3,21.061794874441233,16.25008935479323,777.1038380342325,9,0.3567792159766931,0.3567792159766931,0.3567792159766931,0.6,0.75,14.399999999999999,18.0,50.0,50.0,16.25008935479323,129.51730633903875,2,3.0,1,5,0,1,16.666666666666664,2.0,100.0,21.061794874441233,3.73133386677481,17.330461007666422,11.743487606560352,15.893028832536942,7.805720874371631,31.51319067359252,19.549208480931984,36.65666933387404,6.680560695213202,2,33.33333333333333,,
20250517_173550,rl_aca,137,,,,,,,,,,,2,1,13.4,20.9,39,600,60,80,"(6.0, 6.0)",0.71,3.0,0.26666666666666666,False,137,0.01,"{'type': 'hourly', 'hourly_rates': {0: 1.59, 1: 4.38, 2: 2.38, 3: 1.15, 4: 0.84, 5: 0.76, 6: 1.0, 7: 2.25, 8: 2.86, 9: 1.94, 10: 1.23, 11: 0.85, 12: 0.55, 13: 0.37, 14: 0.21, 15: 0.13, 16: 0.08, 17: 0.05, 18: 0.04, 19: 0.04, 20: 0.12, 21: 0.24, 22: 0.41, 23: 0.53}}",False,15,3,10,3,2.0,13,,,12,3,0.8519300657299596,-0.8519300657299596,1,0.8519300657299596,0.8519300657299596,403.4311277781234,9,0.5602578094975009,0.5602578094975009,0.5602578094975009,0.3,0.375,7.199999999999999,9.0,66.66666666666666,33.33333333333333,0.8519300657299596,134.47704259270782,1,3.0,3,3,1,0,0,0,0,0,0,0,18.170752117633253,18.413712199100477,0.587885093786659,0.5962124636852195,18.75863721141991,19,19.236344718640023,3,100.0,,
20250517_173550,rl_aca,138,,,,,,,,,,,2,1,13.4,20.9,39,600,60,80,"(6.0, 6.0)",0.71,3.0,0.26666666666666666,False,138,0.01,"{'type': 'hourly', 'hourly_rates': {0: 1.59, 1: 4.38, 2: 2.38, 3: 1.15, 4: 0.84, 5: 0.76, 6: 1.0, 7: 2.25, 8: 2.86, 9: 1.94, 10: 1.23, 11: 0.85, 12: 0.55, 13: 0.37, 14: 0.21, 15: 0.13, 16: 0.08, 17: 0.05, 18: 0.04, 19: 0.04, 20: 0.12, 21: 0.24, 22: 0.41, 23: 0.53}}",False,15,3,10,3,2.0,13,,,6,3,0,0,0,0,0,302.8254598487447,3,0.6939937689826307,0.6939937689826307,0.6939937689826307,0.3,0.375,7.199999999999999,9.0,100.0,0.0,0,100.94181994958156,2,1.5,1,2,1,0,0,0,0,0,0,0,15.319615082484937,18.0194892321295,2.048274397744514,4.223142814607684,17.36788948022945,18.966835814764153,15.078319621374142,2,66.66666666666666,,
20250517_173551,rl_aca,139,,,,,,,,,,,2,1,13.4,20.9,39,600,60,80,"(6.0, 6.0)",0.71,3.0,0.26666666666666666,False,139,0.01,"{'type': 'hourly', 'hourly_rates': {0: 1.59, 1: 4.38, 2: 2.38, 3: 1.15, 4: 0.84, 5: 0.76, 6: 1.0, 7: 2.25, 8: 2.86, 9: 1.94, 10: 1.23, 11: 0.85, 12: 0.55, 13: 0.37, 14: 0.21, 15: 0.13, 16: 0.08, 17: 0.05, 18: 0.04, 19: 0.04, 20: 0.12, 21: 0.24, 22: 0.41, 23: 0.53}}",False,15,3,10,3,2.0,13,,,12,3,23.37465167088257,-23.37465167088257,3,17.141573027569905,7.791550556960857,371.93161851348196,10,0.6629845191193081,0.6629845191193081,0.6629845191193081,0.3,0.375,7.199999999999999,9.0,0.0,100.0,7.791550556960857,123.97720617116066,2,1.5,1,2,1,1,33.33333333333333,2.0,100.0,17.141573027569905,2.0,15.141573027569905,14.618170020499521,21.76681210103704,6.2069962065050275,17.672208762614645,20.825166227004548,27.141573027569905,18.051220143099563,2,66.66666666666666,,
20250517_173551,rl_aca,140,,,,,,,,,,,2,1,13.4,20.9,39,600,60,80,"(6.0, 6.0)",0.71,3.0,0.26666666666666666,False,140,0.01,"{'type': 'hourly', 'hourly_rates': {0: 1.59, 1: 4.38, 2: 2.38, 3: 1.15, 4: 0.84, 5: 0.76, 6: 1.0, 7: 2.25, 8: 2.86, 9: 1.94, 10: 1.23, 11: 0.85, 12: 0.55, 13: 0.37, 14: 0.21, 15: 0.13, 16: 0.08, 17: 0.05, 18: 0.04, 19: 0.04, 20: 0.12, 21: 0.24, 22: 0.41, 23: 0.53}}",False,15,3,10,3,2.0,13,,,8,2,0,0,0,0,0,245.1873155690393,6,0.7274553366632726,0.7274553366632726,0.7274553366632726,0.2,0.25,4.800000000000001,6.0,100.0,0.0,0,122.59365778451965,1,2.0,2,2,1,0,0,0,0,0,0,0,12.313540436691309,13.729451990052652,1.1109113226907654,2.102371116670037,13.424451759382073,13.848903518764146,1.880548471288506,1,50.0,,
20250517_173552,rl_aca,141,,,,,,,,,,,2,1,13.4,20.9,39,600,60,80,"(6.0, 6.0)",0.71,3.0,0.26666666666666666,False,141,0.01,"{'type': 'hourly', 'hourly_rates': {0: 1.59, 1: 4.38, 2: 2.38, 3: 1.15, 4: 0.84, 5: 0.76, 6: 1.0, 7: 2.25, 8: 2.86, 9: 1.94, 10: 1.23, 11: 0.85, 12: 0.55, 13: 0.37, 14: 0.21, 15: 0.13, 16: 0.08, 17: 0.05, 18: 0.04, 19: 0.04, 20: 0.12, 21: 0.24, 22: 0.41, 23: 0.53}}",False,15,3,10,3,2.0,13,,,15,4,16.529301249691017,-16.529301249691017,2,8.497668596893078,8.264650624845508,336.79575504857087,13,0.5057870396577316,0.5057870396577316,0.5057870396577316,0.4,0.5,9.600000000000001,12.0,50.0,50.0,8.264650624845508,84.19893876214272,1,4.0,4,4,1,1,25.0,2.0,100.0,8.497668596893078,0.0,8.497668596893078,13.06155063138765,17.05260392976666,2.9647548920924693,9.719359854461302,16.02630552348012,21.497668596893085,9.860340286091425,3,75.0,,
