{
    "total_orders": 176,
    "orders_delivered": 17,
    "total_delay": 0,
    "late_orders": [
        1,
        2,
        3,
        4,
        5,
        6,
        7,
        8,
        9,
        10,
        11,
        12,
        13,
        14,
        15,
        16
    ],
    "max_delay": 329.0,
    "delay_values": [
        1.0,
        20.0,
        47.0,
        83.0,
        95.0,
        110.0,
        136.0,
        167.0,
        189.0,
        196.0,
        213.0,
        234.0,
        272.0,
        294.0,
        313.0,
        329.0
    ],
    "total_distance": 1750.3654280386781,
    "postponed_orders": [],
    "average_idle_rate": 0.002380952380952381,
    "idle_rates_by_vehicle": {
        "0": 0.002380952380952381
    },
    "total_idle_time": 1.0,
    "orders_per_hour": 2.4285714285714284,
    "active_period_orders_per_hour": 2.8333333333333335,
    "system_capacity": 58.28571428571428,
    "active_period_capacity": 68.0,
    "active_period_idle_time": 1.0,
    "active_period_steps": 360,
    "active_period_idle_rate": 0.002777777777777778,
    "active_period_idle_rates_by_vehicle": {
        "0": 0.01795752206176933
    },
    "total_reward": -2699.0,
    "solver": "bundle",
    "seed": 1,
    "timestamp": "20250128_110930",
    "on_time_delivery_rate": 5.88235294117647,
    "percentage_late_orders": 94.11764705882352,
    "avg_delay_late_orders": 168.6875,
    "avg_distance_per_order": 102.96267223756931
}