{
    "total_orders": 102,
    "orders_delivered": 60,
    "total_delay": 0,
    "late_orders": [
        3,
        8,
        9,
        10,
        12,
        13,
        14,
        16,
        17,
        18,
        19,
        20,
        21,
        22,
        23,
        24,
        25,
        26,
        27,
        28,
        29,
        30,
        31,
        32,
        33,
        34,
        35,
        36,
        37,
        38,
        39,
        40,
        41,
        42,
        43,
        44,
        45,
        46,
        47,
        48,
        49,
        50,
        51,
        52,
        53,
        55,
        56,
        57,
        60,
        71
    ],
    "max_delay": 149,
    "delay_values": [
        12,
        15,
        12,
        42,
        38,
        27,
        20,
        30,
        6,
        18,
        23,
        48,
        83,
        23,
        61,
        26,
        26,
        74,
        30,
        56,
        47,
        59,
        52,
        61,
        18,
        47,
        50,
        96,
        81,
        67,
        121,
        86,
        99,
        90,
        100,
        91,
        60,
        103,
        78,
        115,
        76,
        115,
        110,
        65,
        138,
        99,
        106,
        141,
        75,
        149
    ],
    "total_distance": 14636.490984355978,
    "postponed_orders": [],
    "average_idle_rate": 0,
    "idle_rates_by_vehicle": {},
    "total_idle_time": 0,
    "orders_per_hour": 8.571428571428571,
    "active_period_orders_per_hour": 8.571428571428571,
    "system_capacity": 205.71428571428572,
    "active_period_capacity": 205.71428571428572,
    "active_period_idle_time": 0,
    "active_period_steps": 420,
    "active_period_idle_rate": 0.0652476369220881,
    "active_period_idle_rates_by_vehicle": {
        "0": 0.0291364779998024,
        "1": 0.10263625984264821,
        "2": 0.13738296695886126,
        "3": 0.01575871519037739,
        "4": 0.04132376461875122
    },
    "orders_per_restaurant": {
        "2": 4,
        "7": 3,
        "9": 4,
        "12": 6,
        "8": 7,
        "4": 6,
        "13": 6,
        "11": 5,
        "3": 7,
        "5": 3,
        "1": 3,
        "0": 2,
        "10": 2,
        "14": 2
    },
    "true_prep_times": [
        12.104321738018772,
        14.208982053489084,
        12.498961496580023,
        15.379323264338229,
        12.706870589003238,
        11.74878935800713,
        12.414184206377229,
        9.964350108200065,
        11.792036076952783,
        12.002841847209595,
        13.210060267889176,
        11.735869417446231,
        14.262276916730606,
        12.00746480404834,
        14.196712668533479,
        13.650533799667954,
        12.59808110820282,
        13.988176037593945,
        11.908489773900897,
        12.679839978908632,
        14.12218854004496,
        12.842347021476172,
        13.939561668260694,
        13.412950881194632,
        12.126324576214245,
        14.129737806036943,
        11.64874905423278,
        14.022331742209133,
        12.914004117025058,
        13.84744241290025,
        16.287240399739403,
        12.710570328550489,
        11.881829336162838,
        11.885163070137224,
        16.468633188932813,
        14.693024895618862,
        14.136189471881721,
        13.103745864556231,
        13.144046400092321,
        14.470974888626358,
        12.955720506051449,
        13.477260492896477,
        14.391338650750328,
        13.148426226654749,
        12.366046079376076,
        14.146904384912773,
        12.631912548698494,
        15.275810948553328,
        13.537184885497169,
        12.863551980427076,
        12.17356764719733,
        13.111931744431104,
        14.656460390101358
    ],
    "avg_true_prep_time": 13.237383729444133,
    "max_true_prep_time": 16.468633188932813,
    "order_wait_times": [
        0.895678261981228,
        0.791017946510916,
        1.5010385034199771,
        0.6206767356617711,
        0.2931294109967624,
        3.25121064199287,
        7.585815793622771,
        11.035649891799935,
        0.20796392304721678,
        19.997158152790405,
        0.7899397321108239,
        18.26413058255377,
        57.737723083269394,
        40.99253519595166,
        31.80328733146652,
        13.349466200332046,
        14.40191889179718,
        24.011823962406055,
        63.0915102260991,
        99.32016002109137,
        30.87781145995504,
        74.15765297852383,
        41.060438331739306,
        87.58704911880537,
        26.873675423785755,
        60.87026219396306,
        60.35125094576722,
        68.97766825779087,
        59.08599588297494,
        68.15255758709975,
        11.712759600260597,
        55.28942967144951,
        110.11817066383716,
        93.11483692986278,
        131.5313668110672,
        86.30697510438114,
        117.86381052811828,
        1.896254135443769,
        103.85595359990768,
        102.52902511137364,
        108.04427949394855,
        75.52273950710352,
        99.60866134924967,
        93.85157377334525,
        115.63395392062392,
        80.85309561508723,
        127.3680874513015,
        67.72418905144667,
        108.46281511450283,
        114.13644801957292,
        152.82643235280267,
        76.8880682555689,
        152.34353960989864
    ],
    "avg_order_wait_time": 59.91355966678228,
    "max_order_wait_time": 152.82643235280267,
    "total_pickup_times": [
        13,
        15,
        14,
        16,
        13,
        15,
        20,
        21,
        12,
        32,
        14,
        30,
        72,
        53,
        46,
        27,
        27,
        38,
        75,
        112,
        45,
        87,
        55,
        101,
        39,
        75,
        72,
        83,
        72,
        82,
        28,
        68,
        122,
        105,
        148,
        101,
        132,
        15,
        117,
        117,
        121,
        89,
        114,
        107,
        128,
        95,
        140,
        83,
        122,
        127,
        165,
        90,
        167
    ],
    "avg_total_pickup_time": 73.15094339622641,
    "max_total_pickup_time": 167,
    "total_driver_wait_time": 24.401593989691282,
    "driver_wait_orders": 6,
    "true_prep_by_restaurant": {
        "2": [
            12.104321738018772,
            12.414184206377229,
            13.412950881194632,
            14.146904384912773
        ],
        "7": [
            14.208982053489084,
            15.379323264338229,
            14.196712668533479
        ],
        "9": [
            12.498961496580023,
            13.84744241290025,
            12.631912548698494,
            13.537184885497169
        ],
        "12": [
            12.706870589003238,
            14.12218854004496,
            15.275810948553328,
            13.111931744431104
        ],
        "8": [
            11.74878935800713,
            11.735869417446231,
            11.908489773900897,
            12.679839978908632,
            14.136189471881721,
            13.477260492896477
        ],
        "4": [
            9.964350108200065,
            12.00746480404834,
            14.022331742209133,
            16.468633188932813,
            12.955720506051449,
            12.366046079376076
        ],
        "13": [
            11.792036076952783,
            14.262276916730606,
            16.287240399739403,
            14.391338650750328
        ],
        "11": [
            12.002841847209595,
            11.881829336162838,
            11.885163070137224,
            13.103745864556231
        ],
        "3": [
            13.210060267889176,
            12.842347021476172,
            11.64874905423278,
            12.914004117025058,
            14.693024895618862,
            14.470974888626358,
            12.863551980427076
        ],