{
    "total_orders": 144,
    "orders_delivered": 144,
    "total_delay": 0,
    "late_orders": [],
    "max_delay": 0,
    "delay_values": [],
    "total_distance": 2046.9036639061114,
    "postponed_orders": [],
    "average_idle_rate": 0,
    "idle_rates_by_vehicle": {},
    "total_idle_time": 0,
    "orders_per_hour": 20.571428571428573,
    "active_period_orders_per_hour": 24.0,
    "system_capacity": 493.7142857142858,
    "active_period_capacity": 576.0,
    "active_period_idle_time": 0,
    "active_period_steps": 360,
    "active_period_idle_rate": 0.5386943172912987,
    "active_period_idle_rates_by_vehicle": {
        "0": 0.5546291802651121,
        "1": 0.8072531288663394,
        "2": 0.698403599757097,
        "3": 0.5016742113800631,
        "4": 0.6448188340639509,
        "5": 0.6306039877668795,
        "6": 0.3970609142296708,
        "7": 0.43421565766404246,
        "8": 0.5452818598789511,
        "9": 0.4742177128203439,
        "10": 0.6038672585892685,
        "11": 0.3876437472624341,
        "12": 0.3722235655853704,
        "13": 0.6405421074394683,
        "14": 0.3879789938004882
    },
    "total_reward": 0,
    "solver": "fastest",
    "seed": 1,
    "timestamp": "20250304_095923",
    "on_time_delivery_rate": 100.0,
    "percentage_late_orders": 0.0,
    "avg_delay_late_orders": 0,
    "avg_distance_per_order": 14.214608777125774
}