{
    "total_orders": 352,
    "orders_delivered": 73,
    "total_delay": 0,
    "late_orders": [
        1,
        2,
        4,
        5,
        6,
        7,
        8,
        10,
        12,
        13,
        14,
        15,
        16,
        17,
        19,
        20,
        21,
        22,
        23,
        24,
        25,
        26,
        27,
        28,
        29,
        30,
        31,
        32,
        33,
        34,
        35,
        36,
        37,
        38,
        39,
        40,
        41,
        42,
        43,
        44,
        45,
        46,
        47,
        48,
        49,
        50,
        51,
        52,
        53,
        54,
        55,
        56,
        57,
        58,
        59,
        60,
        61,
        62,
        63,
        64,
        65,
        66,
        67,
        68,
        69,
        70,
        73,
        74
    ],
    "max_delay": 168,
    "delay_values": [
        2,
        4,
        8,
        4,
        8,
        6,
        22,
        31,
        3,
        21,
        38,
        30,
        43,
        42,
        45,
        39,
        46,
        50,
        44,
        64,
        56,
        58,
        63,
        53,
        45,
        68,
        71,
        68,
        52,
        57,
        51,
        93,
        75,
        89,
        58,
        76,
        96,
        87,
        76,
        60,
        76,
        85,
        94,
        89,
        83,
        82,
        100,
        94,
        103,
        99,
        111,
        106,
        120,
        114,
        113,
        126,
        124,
        123,
        126,
        138,
        140,
        140,
        143,
        151,
        162,
        153,
        159,
        168
    ],
    "total_distance": 11342.233874642829,
    "postponed_orders": [],
    "average_idle_rate": 0,
    "idle_rates_by_vehicle": {},
    "total_idle_time": 0,
    "orders_per_hour": 10.428571428571429,
    "active_period_orders_per_hour": 10.428571428571429,
    "system_capacity": 250.28571428571428,
    "active_period_capacity": 250.28571428571428,
    "active_period_idle_time": 0,
    "active_period_steps": 420,
    "active_period_idle_rate": 0.19816382748429778,
    "active_period_idle_rates_by_vehicle": {
        "0": 0.3236781213854935,
        "1": 0.0338312812100298,
        "2": 0.1830035159511088,
        "3": 0.25883380350272234,
        "4": 0.19147241537213439
    },
    "orders_per_restaurant": {
        "0": 73
    },
    "true_prep_times": [
        10.0,
        12.0,
        15.379323264338225,
        10.0,
        12.0,
        11.0,
        6.0,
        12.104321738018768,
        14.0,
        12.217459424627123,
        16.0,
        15.0,
        6.0,
        10.0,
        11.492578891827321,
        12.0,
        5.0,
        11.0,
        11.0,
        12.0,
        16.0,
        15.570803228435608,
        10.0,
        6.0,
        5.0,
        16.0,
        5.0,
        20.0,
        16.0,
        7.0,
        17.0,
        6.0,
        3.0,
        12.0,
        14.0,
        14.0,
        8.0,
        15.0,
        10.0,
        13.0,
        15.0,
        14.0,
        15.0,
        14.0,
        19.0,
        8.0,
        1.0,
        13.0,
        15.0,
        12.0,
        5.0,
        17.0,
        17.0,
        15.0,
        11.0,
        14.0,
        8.0,
        14.0,
        11.0,
        13.0,
        13.0,
        7.0,
        14.0,
        11.0,
        14.0,
        12.0,
        9.0,
        19.0,
        9.0,
        15.0,
        9.0
    ],
    "avg_true_prep_time": 11.7713307964401,
    "max_true_prep_time": 20.0,
    "order_wait_times": [
        0,
        0,
        2.6206767356617746,
        3.0,
        5.0,
        10.0,
        19.0,
        13.895678261981232,
        16.0,
        14.782540575372877,
        36.0,
        35.0,
        13.0,
        6.0,
        27.50742110817268,
        40.0,
        53.0,
        58.0,
        59.0,
        60.0,
        56.0,
        51.42919677156439,
        62.0,
        70.0,
        80.0,
        60.0,
        84.0,
        72.0,
        56.0,
        70.0,
        82.0,
        89.0,
        80.0,
        76.0,
        68.0,
        101.0,
        98.0,
        94.0,
        79.0,
        86.0,
        103.0,
        96.0,
        85.0,
        68.0,
        88.0,
        110.0,
        124.0,
        96.0,
        92.0,
        98.0,
        121.0,
        109.0,
        118.0,
        103.0,
        131.0,
        123.0,
        138.0,
        123.0,
        133.0,
        136.0,
        138.0,
        146.0,
        149.0,
        160.0,
        153.0,
        157.0,
        168.0,
        169.0,
        174.0,
        161.0,
        173.0
    ],
    "avg_order_wait_time": 83.51035934440497,
    "max_order_wait_time": 174.0,
    "total_pickup_times": [
        10,
        12,
        18,
        13,
        17,
        21,
        25,
        26,
        30,
        27,
        52,
        50,
        19,
        16,
        39,
        52,
        58,
        69,
        70,
        72,
        72,
        67,
        72,
        76,
        85,
        76,
        89,
        92,
        72,
        77,
        99,
        95,
        83,
        88,
        82,
        115,
        106,
        109,
        89,
        99,
        118,
        110,
        100,
        82,
        107,
        118,
        125,
        109,
        107,
        110,
        126,
        126,
        135,
        118,
        142,
        137,
        146,
        137,
        144,
        149,
        151,
        153,
        163,
        171,
        167,
        169,
        177,
        188,
        183,
        176,
        182
    ],
    "avg_total_pickup_time": 95.28169014084507,
    "max_total_pickup_time": 188,
    "total_driver_wait_time": 5.0,
    "driver_wait_orders": 1,
    "true_prep_by_restaurant": {},
    "driver_wait_by_restaurant": {},
    "order_wait_by_restaurant": {},
    "total_pickup_by_restaurant": {},
    "total_reward": -5224,
    "avg_true_prep_by_restaurant": {},
    "avg_order_wait_by_restaurant": {},
    "avg_total_pickup_by_restaurant": {},
    "avg_driver_wait_by_restaurant": {},
    "driver_wait_percentage": 1.36986301369863,
    "solver": "aca",
    "seed": 1,
    "timestamp": "20250316_173717",
    "config": {
        "district_id": 10,
        "day": "20221018",
        "use_restaurant_positions": false,
        "use_vehicle_count": false,
        "use_vehicle_positions": false,
        "use_service_area": false,
        "use_deadlines": false,
        "order_generation_mode": "replay",
        "temporal_pattern_type": "custom_periods",
        "simulation_start_hour": null,
        "simulation_duration_hours": null
    },
    "solver_params": {
        "buffer": 40,
        "max_postponements": 0,
        "max_postpone_time": 10,
        "vehicle_capacity": 3,
        "service_time": 2.0,
        "mean_prep_time": 13
    },
    "env_params": {
        "num_restaurants": 15,
        "num_vehicles": 5,
        "mean_prep_time": 13.0,
        "prep_time_var": 2.0,
        "delivery_window": 40,
        "simulation_duration": 420,
        "cooldown_duration": 0,
        "mean_interarrival_time": 2,
        "service_area_dimensions": [
            10.0,
            10.0
        ],
        "downtown_concentration": 0.7,
        "service_time": 2.0,
        "movement_per_step": 0.3333333333333333,
        "visualize": true,
        "update_interval": 0.01,
        "reposition_idle_vehicles": false,
        "seed": 1,
        "demand_pattern": null
    },
    "on_time_delivery_rate": 6.8493150684931505,
    "percentage_late_orders": 93.15068493150685,
    "avg_delay_late_orders": 76.82352941176471,
    "avg_distance_per_order": 155.37306677592915,
    "total_restaurants_served": 1,
    "avg_orders_per_restaurant": 73.0,
    "min_restaurant_orders": 73,