{
    "total_orders": 144,
    "orders_delivered": 144,
    "total_delay": 0,
    "late_orders": [
        64,
        96,
        68,
        37,
        137,
        138,
        46,
        114,
        53,
        22,
        88,
        94,
        30,
        95
    ],
    "max_delay": 10.0,
    "delay_values": [
        2.0,
        1.0,
        6.0,
        2.0,
        3.0,
        5.0,
        7.0,
        2.0,
        1.0,
        1.0,
        3.0,
        2.0,
        4.0,
        10.0
    ],
    "total_distance": 10847.878116348416,
    "postponed_orders": [
        0,
        1,
        2,
        4,
        5,
        7,
        8,
        9,
        10,
        11,
        12,
        13,
        15,
        16,
        17,
        19,
        20,
        21,
        22,
        23,
        27,
        28,
        29,
        30,
        36,
        37,
        39,
        40,
        41,
        44,
        45,
        46,
        50,
        51,
        52,
        53,
        54,
        56,
        58,
        59,
        60,
        61,
        62,
        63,
        64,
        65,
        67,
        68,
        69,
        74,
        75,
        76,
        77,
        78,
        79,
        80,
        83,
        84,
        85,
        86,
        87,
        88,
        90,
        92,
        94,
        95,
        96,
        98,
        104,
        106,
        107,
        109,
        111,
        112,
        113,
        114,
        116,
        117,
        118,
        121,
        124,
        125,
        128,
        129,
        131,
        133,
        136,
        137,
        138,
        139,
        141
    ],
    "average_idle_rate": 0,
    "idle_rates_by_vehicle": {},
    "total_idle_time": 0,
    "orders_per_hour": 20.571428571428573,
    "active_period_orders_per_hour": 24.0,
    "system_capacity": 493.7142857142858,
    "active_period_capacity": 576.0,
    "active_period_idle_time": 0,
    "active_period_steps": 360,
    "active_period_idle_rate": 0.5328330704031186,
    "active_period_idle_rates_by_vehicle": {
        "0": 0.15944323508909128,
        "1": 0.2904043458182603,
        "2": 0.45113098458027473,
        "3": 0.2987520767529012,
        "4": 0.44716811273610724,
        "5": 0.5691861179263092,
        "6": 0.6167063284166204,
        "7": 0.40424881355568376,
        "8": 0.5747285273814273,
        "9": 0.5530885130500737,
        "10": 0.7436278545713595,
        "11": 0.5752088113343901,
        "12": 0.7298522525882604,
        "13": 0.751202322387356,
        "14": 0.8277477598586638
    },
    "total_reward": -49.0,
    "solver": "aca",
    "seed": 1,
    "timestamp": "20250302_104210",
    "on_time_delivery_rate": 90.27777777777779,
    "percentage_late_orders": 9.722222222222223,
    "avg_delay_late_orders": 3.5,
    "avg_distance_per_order": 75.33248691908622
}