{
    "total_orders": 144,
    "orders_delivered": 144,
    "total_delay": 0,
    "late_orders": [],
    "max_delay": 0,
    "delay_values": [],
    "total_distance": 2365.0319535779495,
    "postponed_orders": [],
    "average_idle_rate": 0,
    "idle_rates_by_vehicle": {},
    "total_idle_time": 0,
    "orders_per_hour": 20.571428571428573,
    "active_period_orders_per_hour": 24.0,
    "system_capacity": 493.7142857142858,
    "active_period_capacity": 576.0,
    "active_period_idle_time": 0,
    "active_period_steps": 360,
    "active_period_idle_rate": 0.5308827670466125,
    "active_period_idle_rates_by_vehicle": {
        "0": 0.3601030359956449,
        "1": 0.3836212061101336,
        "2": 0.7783632545195792,
        "3": 0.4835850521511343,
        "4": 0.5393209760535982,
        "5": 0.7067939087789435,
        "6": 0.3743132953295688,
        "7": 0.525518590364074,
        "8": 0.7364404976785733,
        "9": 0.4429852413905268,
        "10": 0.411132968952566,
        "11": 0.4654672527654905,
        "12": 0.6585014740951999,
        "13": 0.45478981043237676,
        "14": 0.6423049410817774
    },
    "total_reward": 0,
    "solver": "fastest",
    "seed": 1,
    "timestamp": "20250303_173816",
    "on_time_delivery_rate": 100.0,
    "percentage_late_orders": 0.0,
    "avg_delay_late_orders": 0,
    "avg_distance_per_order": 16.42383301095798
}