{
    "total_orders": 104,
    "orders_delivered": 63,
    "total_delay": 0,
    "late_orders": [
        5,
        6,
        7,
        8,
        9,
        10,
        11,
        12,
        13,
        14,
        15,
        16,
        17,
        18,
        19,
        20,
        21,
        22,
        23,
        26,
        27,
        28,
        29,
        30,
        31,
        32,
        33,
        34,
        36,
        37,
        38,
        39,
        40,
        41,
        42,
        43,
        44,
        45,
        46,
        47,
        48,
        49,
        50,
        52,
        53,
        54,
        55,
        56,
        57,
        58,
        59,
        63,
        65,
        66,
        68
    ],
    "max_delay": 154,
    "delay_values": [
        9,
        2,
        8,
        19,
        18,
        36,
        8,
        25,
        14,
        47,
        32,
        6,
        33,
        33,
        44,
        13,
        32,
        90,
        59,
        41,
        46,
        32,
        68,
        73,
        32,
        62,
        62,
        44,
        42,
        61,
        39,
        89,
        110,
        59,
        47,
        25,
        81,
        31,
        47,
        62,
        94,
        121,
        108,
        62,
        50,
        137,
        81,
        100,
        76,
        137,
        65,
        105,
        154,
        78,
        128
    ],
    "total_distance": 13087.404812396313,
    "postponed_orders": [],
    "average_idle_rate": 0,
    "idle_rates_by_vehicle": {},
    "total_idle_time": 0,
    "orders_per_hour": 9.0,
    "active_period_orders_per_hour": 10.5,
    "system_capacity": 216.0,
    "active_period_capacity": 252.0,
    "active_period_idle_time": 0,
    "active_period_steps": 360,
    "active_period_idle_rate": 0.05277817132407309,
    "active_period_idle_rates_by_vehicle": {
        "0": 0.0053855276861299066,
        "1": 0.04308422148903925,
        "2": 0.04846974917516916,
        "3": 0.09155397066420841,
        "4": 0.0753973876058187
    },
    "orders_per_restaurant": {
        "13": 3,
        "11": 3,
        "9": 4,
        "3": 3,
        "5": 8,
        "7": 10,
        "2": 9,
        "4": 4,
        "6": 3,
        "8": 5,
        "12": 3,
        "0": 2,
        "1": 1,
        "10": 4,
        "14": 1
    },
    "true_prep_times": [
        12.488690342302892,
        12.48731233417633,
        13.581512906725834,
        13.215314133162927,
        15.698240144482568,
        15.116922265264634,
        13.32851595298034,
        13.321423543725103,
        11.6368346755442,
        15.222641923727231,
        13.889795919456105,
        12.80722721240442,
        13.626007961483992,
        17.08621162040977,
        13.414885341099385,
        12.479783246531056,
        14.113032302312334,
        12.654337800203436,
        14.394611525697087,
        13.524829080971884,
        12.791150463240228,
        12.79310672131055,
        14.615612411134485,
        12.995454001123647,
        12.468903422785402,
        12.109476937075485,
        12.587125892323115,
        13.731746043233628,
        11.27448110975331,
        12.425761160992323,
        13.8588604312028,
        11.043683186445946,
        14.032151715551407,
        11.901456237690837,
        13.757115710316498,
        10.627823918458773,
        12.148615013367703,
        13.665166737799609,
        14.276212693240154,
        12.660650774679652,
        13.840479761814237,
        11.245253035094976,
        14.345843723296497,
        12.756085199012034,
        12.370676592892437,
        14.861269438537533,
        13.225094359906052,
        14.402902331532516,
        13.794566058183364,
        12.988619166955061,
        12.156402305210378,
        11.678763812166324,
        12.425642292888938,
        12.58262299917709,
        12.78721907323856,
        15.083691074520914,
        12.622296905258793
    ],
    "avg_true_prep_time": 13.210879174457418,
    "max_true_prep_time": 17.08621162040977,
    "order_wait_times": [
        0.5113096576971081,
        0.5126876658236696,
        0.418487093274166,
        0.7846858668370729,
        4.301759855517432,
        13.883077734735366,
        7.671484047019661,
        15.678576456274897,
        29.3631653244558,
        23.77735807627277,
        56.110204080543895,
        21.19277278759558,
        24.373992038516008,
        30.91378837959023,
        64.58511465890061,
        43.520216753468944,
        2.886967697687666,
        40.345662199796564,
        5.605388474302913,
        43.475170919028116,
        50.20884953675977,
        46.20689327868945,
        105.38438758886551,
        0.004545998876352542,
        58.5310965772146,
        58.890523062924515,
        55.412874107676885,
        81.26825395676637,
        78.72551889024669,
        44.57423883900768,
        70.1411395687972,
        41.956316813554054,
        53.96784828444859,
        72.09854376230916,
        102.2428842896835,
        123.37217608154123,
        71.8513849866323,
        50.33483326220039,
        33.723787306759846,
        80.33934922532035,
        34.15952023818576,
        54.754746964905024,
        72.6541562767035,
        103.24391480098797,
        126.62932340710756,
        112.13873056146247,
        70.77490564009395,
        56.597097668467484,
        145.20543394181664,
        99.01138083304494,
        97.84359769478962,
        86.32123618783368,
        78.57435770711106,
        124.41737700082291,
        163.21278092676144,
        83.91630892547909,
        146.3777030947412
    ],
    "avg_order_wait_time": 59.0347348606303,
    "max_order_wait_time": 163.21278092676144,
    "total_pickup_times": [
        13,
        13,
        14,
        14,
        20,
        29,
        21,
        29,
        41,
        39,
        70,
        34,
        38,
        48,
        78,
        56,
        17,
        53,
        20,
        57,
        63,
        59,
        120,
        13,
        71,
        71,
        68,
        95,
        90,
        57,
        84,
        53,
        68,
        84,
        116,
        134,
        84,
        64,
        48,
        93,
        48,
        66,
        87,
        116,
        139,
        127,
        84,
        71,
        159,
        112,
        110,
        98,
        91,
        137,
        176,
        99,
        159
    ],
    "avg_total_pickup_time": 72.24561403508773,
    "max_total_pickup_time": 176,
    "total_driver_wait_time": 14.76828371749163,
    "driver_wait_orders": 5,
    "true_prep_by_restaurant": {
        "13": [
            12.488690342302892,
            13.8588604312028,
            12.660650774679652
        ],
        "11": [
            12.48731233417633,
            12.425761160992323,
            12.78721907323856
        ],
        "9": [
            13.581512906725834,
            12.479783246531056,
            12.622296905258793
        ],
        "3": [
            13.215314133162927,
            12.80722721240442,
            11.245253035094976
        ],
        "5": [
            15.698240144482568,
            13.414885341099385,
            12.756085199012034,
            14.402902331532516,
            13.794566058183364,
            11.678763812166324,
            12.425642292888938
        ],
        "7": [
            15.116922265264634,
            13.626007961483992,
            14.394611525697087,
            12.995454001123647,
            13.731746043233628,
            11.901456237690837,
            10.627823918458773,
            13.840479761814237,
            15.083691074520914
        ],