{
    "total_orders": 0,
    "orders_delivered": 144,
    "total_delay": 0,
    "late_orders": [],
    "max_delay": 0,
    "delay_values": [],
    "total_distance": 744.2669163980183,
    "postponed_orders": [],
    "average_idle_rate": 0,
    "idle_rates_by_vehicle": {},
    "total_idle_time": 0,
    "orders_per_hour": 20.571428571428573,
    "active_period_orders_per_hour": 24.0,
    "system_capacity": 493.7142857142858,
    "active_period_capacity": 576.0,
    "active_period_idle_time": 0,
    "active_period_steps": 360,
    "active_period_idle_rate": 0.7509693785120173,
    "active_period_idle_rates_by_vehicle": {
        "0": 0.5683363134330912,
        "1": 0.8220886844485658,
        "2": 0.6238751605574703,
        "3": 0.6163622851099825,
        "4": 0.8132453095678583,
        "5": 0.8735722432690333,
        "6": 0.8502403550932683,
        "7": 0.6913472665029892,
        "8": 0.8748011059380967,
        "9": 0.9362074023099808,
        "10": 0.5542749610435991,
        "11": 0.9702694082438038,
        "12": 0.788361183306147,
        "13": 0.63897529532198,
        "14": 0.729717262207623,
        "15": 0.8937920472668212,
        "16": 0.8408751115602988,
        "17": 0.598700646230526,
        "18": 0.5986962619330324,
        "19": 0.7041240875817392,
        "20": 0.4815276350894342,
        "21": 0.7546323853267078,
        "22": 0.6300634621958352,
        "23": 0.9693518809759751,
        "24": 1.0,
        "25": 0.7017660867985922
    },
    "total_reward": 0,
    "solver": "fastest",
    "seed": 1,
    "timestamp": "20250306_091231",
    "on_time_delivery_rate": 100.0,
    "percentage_late_orders": 0.0,
    "avg_delay_late_orders": 0,
    "avg_distance_per_order": 5.168520252764016
}