segment,mean,median,std,count
fetch_to_arrive,17.453060559419722,14.300693376788539,12.537765841949183,106313
grab_to_fetch,13.498497897069527,7.840076649459355,15.771043915392436,76216
